﻿<?xml version="1.0" encoding="utf-8"?><index><stem n="pass"><phr n="pass"><ent r="3" t="33" w="210" /></phr></stem><stem n="good"><phr n="goodness"><ent r="3" t="33" w="214" /></phr><phr n="good"><ent r="3" t="52" w="100" /></phr></stem><stem n="autoclear"><phr n="Autoclear"><ent r="4" t="33" w="254" /><ent r="3" t="33" w="283" /><ent r="3" t="33" w="320" /></phr></stem><stem n="state"><phr n="state"><ent r="3" t="33" w="280" /><ent r="4" t="55" w="86" /></phr><phr n="stating"><ent r="4" t="34" w="697" /></phr><phr n="Stated"><ent r="4" t="50" w="7" /><ent r="4" t="51" w="7" /></phr><phr n="States"><ent r="4" t="50" w="48" /></phr></stem><stem n="context"><phr n="context"><ent r="3" t="33" w="323" /><ent r="4" t="35" w="349" /><ent r="3" t="43" w="601" /></phr></stem><stem n="editor"><phr n="Editor"><ent r="3" t="34" w="201" /></phr><phr n="editor"><ent r="4" t="34" w="393" /></phr></stem><stem n="long"><phr n="long"><ent r="4" t="34" w="417" /></phr></stem><stem n="grai"><phr n="grayed"><ent r="4" t="34" w="526" /></phr><phr n="gray"><ent r="3" t="43" w="586" /></phr></stem><stem n="total"><phr n="total"><ent r="3" t="34" w="582" /><ent r="3" t="52" w="52" /></phr></stem><stem n="max"><phr n="max"><ent r="4" t="34" w="593" /></phr></stem><stem n="cutoff"><phr n="cutoff"><ent r="3" t="34" w="616" /></phr></stem><stem n="empti"><phr n="empty"><ent r="4" t="34" w="690" /><ent r="4" t="34" w="702" /></phr></stem><stem n="need"><phr n="need"><ent r="4" t="34" w="705" /></phr><phr n="needs"><ent r="3" t="37" w="229" /><ent r="3" t="45" w="126" /></phr><phr n="needed"><ent r="3" t="57" w="333" /></phr></stem><stem n="show"><phr n="showing"><ent r="3" t="34" w="728" /></phr><phr n="Show"><ent r="3" t="38" w="56" /></phr><phr n="shows"><ent r="3" t="54" w="155" /></phr></stem><stem n="hidden"><phr n="hidden"><ent r="3" t="34" w="770" /></phr></stem><stem n="session"><phr n="Session"><ent r="3" t="34" w="817" /><ent r="3" t="36" w="691" /></phr><phr n="session"><ent r="3" t="39" w="121" /><ent r="3" t="43" w="675" /></phr></stem><stem n="explor"><phr n="Explorer"><ent r="3" t="34" w="818" /><ent r="3" t="36" w="692" /></phr></stem><stem n="conjunct"><phr n="conjunction"><ent r="3" t="35" w="264" /></phr></stem><stem n="again"><phr n="again"><ent r="4" t="35" w="332" /><ent r="3" t="42" w="251" /><ent r="3" t="42" w="259" /></phr></stem><stem n="necessari"><phr n="necessary"><ent r="4" t="35" w="384" /><ent r="4" t="45" w="382" /></phr></stem><stem n="basic"><phr n="basically"><ent r="4" t="35" w="427" /></phr></stem><stem n="scale"><phr n="Scale"><ent r="4" t="35" w="556" /><ent r="4" t="35" w="596" /><ent r="82" t="43" w="316" /></phr><phr n="scaling"><ent r="3" t="35" w="608" /><ent r="3" t="43" w="401" /></phr><phr n="scale"><ent r="3" t="43" w="250" /></phr><phr n="scales"><ent r="3" t="43" w="324" /></phr><phr n="scaled"><ent r="3" t="43" w="423" /><ent r="3" t="43" w="439" /><ent r="3" t="43" w="461" /><ent r="3" t="43" w="473" /><ent r="3" t="43" w="490" /></phr></stem><stem n="rx"><phr n="RX"><ent r="1000" t="36" w="1" /><ent r="102" t="36" w="5" /><ent r="100" t="36" w="9" /><ent r="100" t="36" w="15" /><ent r="65" t="36" w="23" /><ent r="3" t="36" w="89" /><ent r="3" t="36" w="108" /><ent r="5" t="36" w="128" /><ent r="3" t="36" w="132" /><ent r="4" t="36" w="145" /><ent r="3" t="36" w="165" /><ent r="64" t="36" w="206" /><ent r="3" t="36" w="221" /><ent r="3" t="36" w="228" /><ent r="3" t="36" w="269" /><ent r="3" t="36" w="296" /><ent r="3" t="36" w="300" /><ent r="4" t="36" w="334" /><ent r="92" t="36" w="512" /><ent r="3" t="36" w="521" /><ent r="5" t="36" w="546" /><ent r="3" t="36" w="550" /><ent r="3" t="36" w="585" /><ent r="3" t="36" w="590" /></phr></stem><stem n="detector"><phr n="Detector"><ent r="1000" t="36" w="3" /><ent r="102" t="36" w="7" /><ent r="100" t="36" w="11" /><ent r="100" t="36" w="14" /><ent r="3" t="36" w="21" /><ent r="3" t="36" w="110" /><ent r="3" t="36" w="133" /><ent r="4" t="36" w="147" /><ent r="3" t="36" w="551" /><ent r="1000" t="37" w="3" /><ent r="102" t="37" w="7" /><ent r="100" t="37" w="13" /><ent r="3" t="37" w="18" /><ent r="5" t="37" w="24" /><ent r="3" t="37" w="132" /><ent r="4" t="37" w="146" /></phr></stem><stem n="-xiaoli"><phr n="-Xiaoli"><ent r="3" t="36" w="18" /><ent r="3" t="36" w="18" /><ent r="5" t="36" w="25" /><ent r="5" t="36" w="25" /></phr></stem><stem n="reed"><phr n="Reed"><ent r="3" t="36" w="18" /><ent r="5" t="36" w="25" /></phr></stem><stem n="reed-xiaoli"><phr n="Reed-Xiaoli"><ent r="3" t="36" w="18" /><ent r="5" t="36" w="25" /></phr></stem><stem n="xiaoli"><phr n="Xiaoli"><ent r="3" t="36" w="19" /><ent r="5" t="36" w="26" /></phr></stem><stem n="common"><phr n="common"><ent r="3" t="36" w="30" /></phr></stem><stem n="rest"><phr n="rest"><ent r="3" t="36" w="47" /><ent r="3" t="37" w="45" /></phr></stem><stem n="standard"><phr n="standard"><ent r="3" t="36" w="66" /></phr></stem><stem n="deviat"><phr n="deviations"><ent r="3" t="36" w="67" /></phr></stem><stem n="pixel'"><phr n="pixel's"><ent r="3" t="36" w="71" /><ent r="3" t="36" w="70" /><ent r="3" t="52" w="23" /><ent r="3" t="52" w="22" /><ent r="3" t="52" w="268" /><ent r="3" t="52" w="267" /><ent r="3" t="54" w="111" /><ent r="3" t="54" w="110" /></phr></stem><stem n="model"><phr n="modeling"><ent r="3" t="36" w="80" /></phr><phr n="model"><ent r="3" t="36" w="255" /></phr><phr n="models"><ent r="3" t="37" w="50" /></phr></stem><stem n="multivari"><phr n="multivariate"><ent r="3" t="36" w="85" /></phr></stem><stem n="distribut"><phr n="distribution"><ent r="3" t="36" w="87" /></phr></stem><stem n="anomal"><phr n="anomalous"><ent r="3" t="36" w="103" /><ent r="3" t="37" w="105" /></phr></stem><stem n="adjust"><phr n="Adjusts"><ent r="3" t="36" w="151" /></phr><phr n="adjust"><ent r="3" t="36" w="573" /></phr></stem><stem n="(aoi)."><phr n="(AOI)."><ent r="3" t="36" w="181" /><ent r="3" t="37" w="170" /></phr></stem><stem n="local"><phr n="Local"><ent r="4" t="36" w="213" /><ent r="3" t="36" w="220" /><ent r="3" t="36" w="299" /><ent r="3" t="36" w="304" /><ent r="3" t="36" w="581" /><ent r="3" t="36" w="584" /></phr><phr n="Locally"><ent r="4" t="53" w="19" /></phr></stem><stem n="size"><phr n="Size"><ent r="4" t="36" w="215" /><ent r="3" t="36" w="583" /><ent r="4" t="37" w="218" /><ent r="4" t="37" w="240" /></phr><phr n="size"><ent r="3" t="36" w="306" /></phr></stem><stem n="switch"><phr n="Switches"><ent r="3" t="36" w="217" /><ent r="3" t="36" w="264" /></phr></stem><stem n="around"><phr n="around"><ent r="3" t="36" w="232" /></phr></stem><stem n="defin"><phr n="defined"><ent r="3" t="36" w="236" /><ent r="3" t="54" w="395" /></phr></stem><stem n="height"><phr n="Height"><ent r="4" t="36" w="245" /></phr></stem><stem n="distanc"><phr n="distance"><ent r="3" t="36" w="259" /><ent r="3" t="37" w="189" /></phr><phr n="distances"><ent r="3" t="37" w="195" /></phr></stem><stem n="subspac"><phr n="Subspace"><ent r="4" t="36" w="262" /><ent r="3" t="36" w="268" /><ent r="3" t="36" w="589" /></phr></stem><stem n="ssrx"><phr n="SSRX"><ent r="3" t="36" w="270" /></phr></stem><stem n="(ssrx)"><phr n="(SSRX)"><ent r="3" t="36" w="271" /></phr></stem><stem n="princip"><phr n="Principal"><ent r="3" t="36" w="276" /></phr></stem><stem n="(if"><phr n="(if"><ent r="3" t="36" w="302" /></phr></stem><stem n="'ve"><phr n="'ve"><ent r="3" t="36" w="349" /></phr></stem><stem n="you'v"><phr n="you've"><ent r="3" t="36" w="349" /><ent r="3" t="36" w="348" /></phr></stem><stem n="ve"><phr n="ve"><ent r="3" t="36" w="349" /></phr></stem><stem n="/output"><phr n="/Output"><ent r="4" t="36" w="413" /></phr></stem><stem n="input/output"><phr n="Input/Output"><ent r="4" t="36" w="413" /><ent r="4" t="36" w="412" /></phr></stem><stem n="don"><phr n="don"><ent r="3" t="36" w="435" /><ent r="3" t="36" w="442" /></phr></stem><stem n="'t"><phr n="'t"><ent r="3" t="36" w="436" /><ent r="3" t="36" w="443" /><ent r="3" t="40" w="95" /></phr></stem><stem n="don't"><phr n="don't"><ent r="3" t="36" w="436" /><ent r="3" t="36" w="435" /><ent r="3" t="36" w="443" /><ent r="3" t="36" w="442" /></phr></stem><stem n="histogram"><phr n="histogram"><ent r="3" t="36" w="500" /><ent r="3" t="36" w="505" /><ent r="3" t="36" w="664" /></phr></stem><stem n="(local"><phr n="(Local"><ent r="3" t="36" w="584" /></phr></stem><stem n="clearli"><phr n="clearly"><ent r="3" t="36" w="673" /></phr></stem><stem n="(to"><phr n="(To"><ent r="3" t="36" w="681" /></phr></stem><stem n="topolog"><phr n="Topological"><ent r="1000" t="37" w="1" /><ent r="102" t="37" w="5" /><ent r="100" t="37" w="11" /><ent r="3" t="37" w="16" /><ent r="5" t="37" w="22" /><ent r="4" t="37" w="144" /></phr></stem><stem n="tad"><phr n="TAD"><ent r="100" t="37" w="9" /><ent r="65" t="37" w="20" /><ent r="3" t="37" w="91" /><ent r="3" t="37" w="109" /><ent r="5" t="37" w="127" /><ent r="3" t="37" w="131" /><ent r="3" t="37" w="154" /></phr></stem><stem n="background"><phr n="background"><ent r="3" t="37" w="52" /><ent r="3" t="37" w="80" /><ent r="3" t="37" w="236" /><ent r="3" t="52" w="140" /><ent r="3" t="52" w="163" /></phr><phr n="Background"><ent r="4" t="37" w="185" /></phr></stem><stem n="sampl"><phr n="sample"><ent r="3" t="37" w="59" /><ent r="3" t="37" w="199" /><ent r="3" t="37" w="225" /><ent r="3" t="37" w="250" /></phr><phr n="Sample"><ent r="4" t="37" w="239" /></phr></stem><stem n="region'"><phr n="region's"><ent r="3" t="37" w="63" /><ent r="3" t="37" w="62" /></phr></stem><stem n="search"><phr n="searches"><ent r="3" t="37" w="73" /></phr><phr n="search"><ent r="3" t="56" w="45" /><ent r="3" t="56" w="76" /><ent r="3" t="56" w="104" /></phr></stem><stem n="nearest"><phr n="nearest"><ent r="3" t="37" w="76" /></phr></stem><stem n="neighbor"><phr n="neighbors"><ent r="3" t="37" w="77" /></phr></stem><stem n="sum"><phr n="sums"><ent r="3" t="37" w="83" /></phr><phr n="sum"><ent r="3" t="54" w="232" /><ent r="3" t="54" w="243" /></phr><phr n="Sum"><ent r="3" t="54" w="252" /></phr></stem><stem n="rank"><phr n="rank"><ent r="3" t="37" w="89" /></phr></stem><stem n="edg"><phr n="Edges"><ent r="4" t="37" w="183" /></phr></stem><stem n="percent"><phr n="percent"><ent r="3" t="37" w="192" /></phr></stem><stem n="consid"><phr n="considered"><ent r="3" t="37" w="207" /><ent r="3" t="37" w="234" /></phr></stem><stem n="member"><phr n="members"><ent r="3" t="37" w="208" /></phr></stem><stem n="network"><phr n="Network"><ent r="3" t="37" w="212" /></phr></stem><stem n="theori"><phr n="theory"><ent r="3" t="37" w="213" /></phr></stem><stem n="suggest"><phr n="suggests"><ent r="3" t="37" w="214" /></phr></stem><stem n="%."><phr n="%."><ent r="3" t="37" w="216" /></phr></stem><stem n="occupi"><phr n="occupy"><ent r="3" t="37" w="231" /></phr></stem><stem n="-plug-in"><phr n="-Plug-In"><ent r="3" t="38" w="20" /><ent r="3" t="38" w="21" /></phr></stem><stem n="window-plug"><phr n="Window-Plug"><ent r="3" t="38" w="20" /></phr></stem><stem n="window-plug-in"><phr n="Window-Plug-In"><ent r="3" t="38" w="20" /></phr></stem><stem n="abil"><phr n="ability"><ent r="3" t="38" w="25" /></phr></stem><stem n="/hide"><phr n="/Hide"><ent r="3" t="38" w="57" /></phr></stem><stem n="show/hid"><phr n="Show/Hide"><ent r="3" t="38" w="57" /><ent r="3" t="38" w="56" /></phr></stem><stem n="hide"><phr n="Hide"><ent r="3" t="38" w="57" /></phr></stem><stem n="tab"><phr n="tab"><ent r="3" t="38" w="82" /><ent r="3" t="43" w="304" /><ent r="3" t="43" w="642" /></phr></stem><stem n="configur"><phr n="Configuration"><ent r="64" t="38" w="112" /><ent r="64" t="39" w="131" /><ent r="64" t="40" w="150" /><ent r="64" t="41" w="176" /><ent r="64" t="42" w="288" /><ent r="1000" t="43" w="3" /><ent r="102" t="43" w="17" /></phr><phr n="configuration"><ent r="100" t="43" w="6" /><ent r="100" t="43" w="22" /></phr></stem><stem n=":pin"><phr n=":Pin"><ent r="100" t="39" w="18" /></phr></stem><stem n=":unpin"><phr n=":Unpin"><ent r="100" t="39" w="22" /></phr></stem><stem n="—the"><phr n="—the"><ent r="3" t="39" w="89" /></phr></stem><stem n="&quot;custom"><phr n="&quot;Custom"><ent r="3" t="39" w="94" /><ent r="3" t="40" w="120" /><ent r="3" t="42" w="193" /><ent r="3" t="43" w="552" /><ent r="3" t="43" w="614" /></phr></stem><stem n="doesn"><phr n="doesn"><ent r="3" t="40" w="94" /></phr></stem><stem n="doesn't"><phr n="doesn't"><ent r="3" t="40" w="95" /><ent r="3" t="40" w="94" /></phr></stem><stem n="snapshot"><phr n="snapshot"><ent r="3" t="41" w="80" /></phr></stem><stem n="clear"><phr n="cleared"><ent r="3" t="41" w="108" /></phr><phr n="clears"><ent r="3" t="41" w="135" /></phr></stem><stem n="word"><phr n="words"><ent r="3" t="42" w="110" /><ent r="3" t="56" w="54" /></phr></stem><stem n="know"><phr n="know"><ent r="3" t="42" w="227" /></phr></stem><stem n=":signatur"><phr n=":Signature"><ent r="100" t="43" w="12" /></phr></stem><stem n=":configur"><phr n=":configuration"><ent r="100" t="43" w="22" /></phr></stem><stem n=":option"><phr n=":options"><ent r="100" t="43" w="27" /></phr></stem><stem n="drawn"><phr n="drawn"><ent r="3" t="43" w="85" /><ent r="3" t="43" w="125" /></phr></stem><stem n="fix"><phr n="fixed"><ent r="3" t="43" w="88" /><ent r="3" t="43" w="102" /><ent r="3" t="43" w="128" /><ent r="3" t="43" w="142" /></phr></stem><stem n="-axi"><phr n="-axis"><ent r="3" t="43" w="189" /><ent r="3" t="43" w="189" /></phr></stem><stem n="x"><phr n="x"><ent r="3" t="43" w="189" /></phr></stem><stem n="x-axi"><phr n="x-axis"><ent r="3" t="43" w="189" /></phr></stem><stem n="axi"><phr n="axis"><ent r="3" t="43" w="190" /></phr></stem><stem n="rescal"><phr n="Rescale"><ent r="82" t="43" w="204" /><ent r="4" t="43" w="215" /><ent r="4" t="43" w="272" /><ent r="4" t="43" w="310" /></phr><phr n="rescaled"><ent r="3" t="43" w="226" /></phr><phr n="rescaling"><ent r="3" t="43" w="260" /></phr></stem><stem n="time"><phr n="time"><ent r="3" t="43" w="228" /><ent r="3" t="57" w="29" /></phr></stem><stem n="disabl"><phr n="disable"><ent r="3" t="43" w="257" /></phr></stem><stem n="auto"><phr n="auto"><ent r="3" t="43" w="259" /></phr></stem><stem n="properti"><phr n="Properties"><ent r="3" t="43" w="285" /><ent r="4" t="43" w="297" /></phr></stem><stem n="(right-click"><phr n="(right-click"><ent r="3" t="43" w="289" /></phr></stem><stem n="amplitud"><phr n="amplitudes"><ent r="3" t="43" w="326" /><ent r="3" t="43" w="404" /><ent r="3" t="43" w="484" /><ent r="3" t="43" w="501" /></phr><phr n="amplitude"><ent r="3" t="43" w="336" /><ent r="3" t="43" w="354" /><ent r="3" t="43" w="424" /><ent r="3" t="43" w="446" /><ent r="3" t="43" w="467" /><ent r="3" t="43" w="514" /></phr></stem><stem n="larg"><phr n="large"><ent r="3" t="43" w="353" /><ent r="3" t="43" w="370" /><ent r="3" t="47" w="48" /><ent r="3" t="47" w="59" /></phr></stem><stem n="visual"><phr n="visually"><ent r="3" t="43" w="362" /></phr><phr n="Visualization"><ent r="4" t="55" w="35" /></phr></stem><stem n="shape"><phr n="shape"><ent r="3" t="43" w="365" /><ent r="3" t="54" w="82" /></phr></stem><stem n="albedo"><phr n="albedo"><ent r="3" t="43" w="371" /></phr><phr n="albedos"><ent r="3" t="57" w="181" /></phr></stem><stem n="e"><phr n="e"><ent r="3" t="43" w="373" /><ent r="3" t="52" w="197" /><ent r="3" t="52" w="278" /><ent r="3" t="52" w="302" /><ent r="3" t="52" w="326" /><ent r="3" t="57" w="158" /><ent r="3" t="57" w="182" /></phr><phr n="E"><ent r="4" t="58" w="76" /></phr></stem><stem n="e.g"><phr n="e.g"><ent r="3" t="43" w="374" /><ent r="3" t="43" w="373" /><ent r="3" t="57" w="183" /><ent r="3" t="57" w="182" /></phr></stem><stem n="g"><phr n="g"><ent r="3" t="43" w="374" /><ent r="3" t="57" w="183" /></phr></stem><stem n="e.g."><phr n="e.g."><ent r="3" t="43" w="374" /><ent r="3" t="43" w="373" /><ent r="3" t="57" w="183" /><ent r="3" t="57" w="182" /></phr></stem><stem n=".g."><phr n=".g."><ent r="3" t="43" w="375" /></phr></stem><stem n="bright"><phr n="bright"><ent r="3" t="43" w="376" /><ent r="3" t="57" w="185" /></phr><phr n="brightness"><ent r="3" t="54" w="89" /><ent r="3" t="54" w="143" /><ent r="3" t="57" w="74" /></phr></stem><stem n="vers"><phr n="verses"><ent r="3" t="43" w="380" /><ent r="3" t="43" w="393" /></phr></stem><stem n="deep"><phr n="deep"><ent r="3" t="43" w="386" /><ent r="3" t="57" w="199" /></phr></stem><stem n="shadow"><phr n="shadows"><ent r="3" t="43" w="387" /></phr></stem><stem n="laboratori"><phr n="laboratory"><ent r="3" t="43" w="395" /><ent r="3" t="54" w="308" /><ent r="3" t="57" w="289" /><ent r="3" t="57" w="293" /></phr></stem><stem n="equat"><phr n="equation"><ent r="3" t="43" w="399" /><ent r="3" t="54" w="205" /><ent r="3" t="57" w="46" /></phr></stem><stem n="scaledsigvalu"><phr n="ScaledSigValue"><ent r="3" t="43" w="407" /><ent r="3" t="43" w="419" /></phr></stem><stem n="i"><phr n="i"><ent r="3" t="43" w="408" /><ent r="3" t="43" w="410" /><ent r="3" t="43" w="420" /><ent r="3" t="43" w="429" /><ent r="3" t="43" w="442" /><ent r="3" t="43" w="451" /><ent r="3" t="52" w="196" /><ent r="4" t="52" w="234" /><ent r="4" t="52" w="242" /><ent r="4" t="52" w="255" /><ent r="3" t="52" w="277" /><ent r="4" t="52" w="294" /><ent r="3" t="52" w="301" /><ent r="3" t="52" w="325" /><ent r="3" t="54" w="209" /><ent r="3" t="54" w="213" /><ent r="3" t="54" w="219" /><ent r="3" t="54" w="223" /><ent r="3" t="54" w="235" /><ent r="3" t="54" w="237" /><ent r="3" t="54" w="246" /><ent r="3" t="54" w="248" /><ent r="3" t="54" w="255" /><ent r="3" t="54" w="257" /><ent r="3" t="57" w="157" /></phr></stem><stem n="[i]"><phr n="[i]"><ent r="3" t="43" w="409" /><ent r="3" t="43" w="421" /><ent r="3" t="43" w="443" /></phr></stem><stem n="sigvalu"><phr n="SigValue"><ent r="3" t="43" w="409" /><ent r="3" t="43" w="441" /></phr></stem><stem n="((sigvalue[i]"><phr n="((SigValue[i]"><ent r="3" t="43" w="411" /></phr></stem><stem n="–"><phr n="–"><ent r="3" t="43" w="411" /></phr></stem><stem n="minsigvalu"><phr n="MinSigValue"><ent r="3" t="43" w="411" /><ent r="3" t="43" w="463" /></phr></stem><stem n="sigrang"><phr n="SigRange"><ent r="3" t="43" w="412" /><ent r="3" t="43" w="475" /></phr></stem><stem n="firstsigrang"><phr n="FirstSigRange"><ent r="3" t="43" w="413" /><ent r="3" t="43" w="492" /></phr></stem><stem n="+"><phr n="+"><ent r="3" t="43" w="414" /><ent r="3" t="57" w="60" /></phr></stem><stem n="minfirstsig"><phr n="MinFirstSig"><ent r="3" t="43" w="415" /><ent r="3" t="43" w="510" /></phr></stem><stem n="intens"><phr n="intensity"><ent r="3" t="43" w="426" /><ent r="3" t="43" w="448" /></phr></stem><stem n="th"><phr n="th"><ent r="4" t="43" w="431" /><ent r="4" t="43" w="453" /></phr></stem><stem n="call"><phr n="called"><ent r="3" t="43" w="565" /><ent r="3" t="56" w="50" /></phr></stem><stem n="&quot;plot"><phr n="&quot;Plot"><ent r="3" t="43" w="566" /></phr></stem><stem n="&quot;signatur"><phr n="&quot;Signature"><ent r="3" t="43" w="590" /></phr></stem><stem n="caption"><phr n="caption"><ent r="3" t="43" w="592" /></phr></stem><stem n="while"><phr n="while"><ent r="3" t="43" w="625" /><ent r="3" t="44" w="442" /><ent r="3" t="45" w="492" /><ent r="3" t="48" w="78" /><ent r="3" t="52" w="133" /><ent r="3" t="52" w="165" /></phr></stem><stem n="start"><phr n="starting"><ent r="3" t="43" w="660" /></phr></stem><stem n="purpos"><phr n="purpose"><ent r="3" t="44" w="13" /></phr></stem><stem n="write"><phr n="writes"><ent r="3" t="44" w="36" /></phr></stem><stem n=".sig"><phr n=".sig"><ent r="3" t="44" w="43" /><ent r="3" t="44" w="148" /></phr></stem><stem n=".sign"><phr n=".sign"><ent r="3" t="44" w="45" /></phr></stem><stem n="sign"><phr n="sign"><ent r="3" t="44" w="45" /><ent r="3" t="44" w="288" /></phr></stem><stem n="-specif"><phr n="-specific"><ent r="3" t="44" w="51" /><ent r="3" t="44" w="51" /></phr></stem><stem n="opticks-specif"><phr n="Opticks-specific"><ent r="3" t="44" w="51" /></phr></stem><stem n="specif"><phr n="specific"><ent r="3" t="44" w="52" /><ent r="3" t="57" w="105" /></phr><phr n="Specific"><ent r="3" t="57" w="311" /></phr></stem><stem n="ascii"><phr n="ASCII"><ent r="3" t="44" w="57" /></phr></stem><stem n="text"><phr n="text"><ent r="3" t="44" w="58" /><ent r="3" t="45" w="273" /></phr></stem><stem n="(1)"><phr n="(1)"><ent r="3" t="44" w="123" /></phr></stem><stem n="(2)"><phr n="(2)"><ent r="3" t="44" w="136" /></phr></stem><stem n="—spectral"><phr n="—Spectral"><ent r="3" t="44" w="284" /></phr></stem><stem n="*.sign"><phr n="*.sign"><ent r="3" t="44" w="288" /></phr></stem><stem n="*.txt)—and"><phr n="*.txt)—and"><ent r="3" t="44" w="290" /></phr></stem><stem n="accordingli"><phr n="accordingly"><ent r="3" t="44" w="302" /></phr></stem><stem n="advis"><phr n="advisable"><ent r="3" t="44" w="311" /><ent r="3" t="45" w="305" /></phr></stem><stem n="warn"><phr n="warning"><ent r="3" t="44" w="439" /><ent r="3" t="45" w="489" /></phr></stem><stem n="simultan"><phr n="simultaneously"><ent r="92" t="44" w="473" /></phr></stem><stem n="describ"><phr n="described"><ent r="3" t="44" w="492" /><ent r="3" t="44" w="515" /></phr></stem><stem n="abov"><phr n="above"><ent r="3" t="44" w="516" /></phr></stem><stem n="much"><phr n="much"><ent r="3" t="45" w="114" /></phr></stem><stem n="quicker"><phr n="quicker"><ent r="3" t="45" w="115" /></phr></stem><stem n="arrow"><phr n="arrow"><ent r="4" t="45" w="237" /></phr></stem><stem n="skip"><phr n="Skip"><ent r="5" t="46" w="57" /><ent r="3" t="46" w="70" /></phr><phr n="skip"><ent r="3" t="46" w="82" /></phr></stem><stem n="radio"><phr n="radio"><ent r="4" t="46" w="64" /></phr></stem><stem n="(area"><phr n="(Area"><ent r="3" t="47" w="22" /></phr></stem><stem n="(gener"><phr n="(generating"><ent r="3" t="47" w="36" /></phr></stem><stem n="bodi"><phr n="body"><ent r="3" t="47" w="49" /><ent r="3" t="57" w="202" /></phr></stem><stem n="water"><phr n="water"><ent r="3" t="47" w="51" /><ent r="3" t="57" w="201" /></phr></stem><stem n="dry"><phr n="dry"><ent r="3" t="47" w="53" /></phr></stem><stem n="lake"><phr n="lake"><ent r="3" t="47" w="54" /></phr></stem><stem n="bed"><phr n="bed"><ent r="3" t="47" w="55" /></phr></stem><stem n="varianc"><phr n="variances"><ent r="3" t="47" w="60" /></phr></stem><stem n="poor"><phr n="poor"><ent r="3" t="47" w="70" /></phr></stem><stem n="(minimum"><phr n="(Minimum"><ent r="3" t="47" w="82" /></phr></stem><stem n="question"><phr n="questionable"><ent r="3" t="47" w="89" /></phr></stem><stem n="opt"><phr n="opted"><ent r="3" t="48" w="9" /></phr></stem><stem n="hold"><phr n="hold"><ent r="3" t="48" w="72" /></phr></stem><stem n="cursor"><phr n="cursor"><ent r="3" t="48" w="81" /></phr></stem><stem n="(nois"><phr n="(noise"><ent r="3" t="49" w="33" /></phr></stem><stem n="mnfcvm"><phr n="mnfcvm"><ent r="3" t="49" w="39" /></phr></stem><stem n="“.mnfcvm”."><phr n="“.mnfcvm”."><ent r="3" t="49" w="40" /></phr></stem><stem n="landsat_etm"><phr n="Landsat_ETM"><ent r="1000" t="50" w="2" /><ent r="1000" t="50" w="1" /></phr></stem><stem n="etm"><phr n="ETM"><ent r="1000" t="50" w="2" /></phr></stem><stem n="landsat_etm_import"><phr n="Landsat_ETM_Importer"><ent r="1000" t="50" w="3" /><ent r="1000" t="50" w="1" /></phr></stem><stem n="_etm_importer_popup"><phr n="_ETM_Importer_Popup"><ent r="1000" t="50" w="4" /></phr></stem><stem n="landsat_etm_importer_popup"><phr n="Landsat_ETM_Importer_Popup"><ent r="1000" t="50" w="4" /><ent r="1000" t="50" w="1" /></phr></stem><stem n="popup"><phr n="Popup"><ent r="1000" t="50" w="4" /><ent r="1000" t="51" w="4" /><ent r="1000" t="53" w="2" /></phr></stem><stem n="geolog"><phr n="Geological"><ent r="4" t="50" w="8" /><ent r="4" t="51" w="8" /></phr></stem><stem n="survei"><phr n="Survey"><ent r="4" t="50" w="9" /><ent r="4" t="51" w="9" /></phr></stem><stem n="usg"><phr n="USGS"><ent r="4" t="50" w="10" /><ent r="4" t="51" w="10" /></phr><phr n="usgs"><ent r="4" t="50" w="21" /><ent r="4" t="51" w="21" /></phr></stem><stem n="(usgs),"><phr n="(USGS),"><ent r="4" t="50" w="11" /><ent r="4" t="51" w="11" /></phr></stem><stem n="—a"><phr n="—A"><ent r="5" t="50" w="13" /><ent r="4" t="51" w="13" /></phr></stem><stem n="global"><phr n="Global"><ent r="5" t="50" w="14" /><ent r="4" t="51" w="14" /></phr></stem><stem n="-observ"><phr n="-Observation"><ent r="5" t="50" w="15" /><ent r="5" t="50" w="15" /><ent r="4" t="51" w="15" /><ent r="4" t="51" w="15" /></phr></stem><stem n="land"><phr n="Land"><ent r="5" t="50" w="15" /><ent r="4" t="51" w="15" /></phr></stem><stem n="land-observ"><phr n="Land-Observation"><ent r="5" t="50" w="15" /><ent r="4" t="51" w="15" /></phr></stem><stem n="project"><phr n="Project"><ent r="5" t="50" w="17" /><ent r="4" t="51" w="17" /></phr><phr n="project"><ent r="4" t="50" w="23" /><ent r="4" t="51" w="23" /></phr><phr n="projection"><ent r="3" t="52" w="280" /></phr><phr n="projects"><ent r="4" t="55" w="66" /></phr></stem><stem n="http"><phr n="http"><ent r="4" t="50" w="19" /><ent r="4" t="51" w="19" /><ent r="4" t="55" w="61" /><ent r="4" t="55" w="83" /><ent r="4" t="55" w="92" /></phr></stem><stem n="landsat.usg"><phr n="landsat.usgs"><ent r="4" t="50" w="21" /><ent r="4" t="50" w="20" /><ent r="4" t="51" w="21" /><ent r="4" t="51" w="20" /></phr></stem><stem n="landsat.usgs.gov"><phr n="landsat.usgs.gov"><ent r="4" t="50" w="22" /><ent r="4" t="50" w="20" /><ent r="4" t="51" w="22" /><ent r="4" t="51" w="20" /></phr></stem><stem n="gov"><phr n="gov"><ent r="4" t="50" w="22" /><ent r="4" t="51" w="22" /></phr></stem><stem n="landsat.usgs.gov/project"><phr n="landsat.usgs.gov/project"><ent r="4" t="50" w="23" /><ent r="4" t="50" w="20" /><ent r="4" t="51" w="23" /><ent r="4" t="51" w="20" /></phr></stem><stem n="landsat.usgs.gov/project_fact"><phr n="landsat.usgs.gov/project_facts"><ent r="4" t="50" w="24" /><ent r="4" t="50" w="20" /><ent r="4" t="51" w="24" /><ent r="4" t="51" w="20" /></phr></stem><stem n="fact"><phr n="facts"><ent r="4" t="50" w="24" /><ent r="4" t="51" w="24" /></phr><phr n="fact"><ent r="4" t="50" w="27" /><ent r="4" t="51" w="27" /></phr></stem><stem n="landsat.usgs.gov/project_facts/fil"><phr n="landsat.usgs.gov/project_facts/files"><ent r="4" t="50" w="25" /><ent r="4" t="50" w="20" /><ent r="4" t="51" w="25" /><ent r="4" t="51" w="20" /></phr></stem><stem n="landsat.usgs.gov/project_facts/files/landsat"><phr n="landsat.usgs.gov/project_facts/files/landsat"><ent r="4" t="50" w="26" /><ent r="4" t="50" w="20" /><ent r="4" t="51" w="26" /><ent r="4" t="51" w="20" /></phr></stem><stem n="landsat.usgs.gov/project_facts/files/landsat_fact"><phr n="landsat.usgs.gov/project_facts/files/landsat_fact"><ent r="4" t="50" w="27" /><ent r="4" t="50" w="20" /><ent r="4" t="51" w="27" /><ent r="4" t="51" w="20" /></phr></stem><stem n="landsat.usgs.gov/project_facts/files/landsat_fact_sheet"><phr n="landsat.usgs.gov/project_facts/files/landsat_fact_sheet"><ent r="4" t="50" w="28" /><ent r="4" t="50" w="20" /><ent r="4" t="51" w="28" /><ent r="4" t="51" w="20" /></phr></stem><stem n="sheet"><phr n="sheet"><ent r="4" t="50" w="28" /><ent r="4" t="51" w="28" /></phr></stem><stem n="20023"><phr n="20023"><ent r="4" t="50" w="29" /><ent r="4" t="51" w="29" /></phr></stem><stem n="20023-03"><phr n="20023-03"><ent r="4" t="50" w="29" /><ent r="4" t="51" w="29" /></phr></stem><stem n="03"><phr n="03"><ent r="4" t="50" w="30" /><ent r="4" t="51" w="30" /></phr></stem><stem n="landsat.usgs.gov/project_facts/files/landsat_fact_sheet_20023-03.pdf"><phr n="landsat.usgs.gov/project_facts/files/landsat_fact_sheet_20023-03.pdf"><ent r="4" t="50" w="31" /><ent r="4" t="50" w="20" /><ent r="4" t="51" w="31" /><ent r="4" t="51" w="20" /></phr></stem><stem n="pdf"><phr n="pdf"><ent r="4" t="50" w="31" /><ent r="4" t="51" w="31" /><ent r="4" t="55" w="90" /><ent r="4" t="55" w="97" /><ent r="4" t="55" w="99" /></phr></stem></index>