﻿<?xml version="1.0" encoding="utf-8"?><index><stem n="lower"><phr n="lower"><ent r="3" t="25" w="389" /><ent r="4" t="27" w="589" /><ent r="4" t="27" w="636" /><ent r="4" t="29" w="344" /><ent r="4" t="30" w="577" /></phr></stem><stem n="reason"><phr n="reason"><ent r="3" t="25" w="404" /><ent r="3" t="52" w="312" /></phr></stem><stem n="maximum"><phr n="maximum"><ent r="3" t="25" w="418" /><ent r="3" t="33" w="188" /><ent r="3" t="34" w="605" /><ent r="3" t="43" w="483" /><ent r="3" t="43" w="500" /></phr></stem><stem n="begin"><phr n="begin"><ent r="4" t="25" w="434" /><ent r="4" t="34" w="680" /><ent r="4" t="46" w="111" /><ent r="3" t="47" w="97" /><ent r="3" t="49" w="53" /></phr></stem><stem n="be"><phr n="being"><ent r="3" t="25" w="465" /><ent r="3" t="28" w="195" /><ent r="3" t="36" w="101" /><ent r="3" t="37" w="103" /></phr></stem><stem n="vari"><phr n="vary"><ent r="3" t="25" w="476" /></phr></stem><stem n="below"><phr n="below"><ent r="3" t="25" w="491" /><ent r="3" t="31" w="68" /><ent r="4" t="34" w="624" /><ent r="3" t="43" w="588" /><ent r="3" t="44" w="493" /><ent r="3" t="48" w="92" /></phr></stem><stem n="addit"><phr n="additional"><ent r="4" t="25" w="528" /></phr><phr n="Addition"><ent r="4" t="43" w="274" /></phr><phr n="addition"><ent r="4" t="43" w="312" /></phr><phr n="additive"><ent r="3" t="57" w="129" /><ent r="3" t="57" w="146" /></phr></stem><stem n="here"><phr n="here"><ent r="65" t="25" w="533" /><ent r="64" t="31" w="227" /></phr></stem><stem n="onc"><phr n="Once"><ent r="3" t="25" w="544" /><ent r="3" t="44" w="425" /><ent r="3" t="45" w="475" /></phr><phr n="once"><ent r="3" t="27" w="434" /><ent r="3" t="29" w="257" /><ent r="3" t="30" w="426" /><ent r="4" t="34" w="328" /></phr></stem><stem n="raster"><phr n="raster"><ent r="3" t="25" w="562" /><ent r="3" t="25" w="579" /><ent r="3" t="26" w="100" /><ent r="3" t="26" w="105" /></phr></stem><stem n="origin"><phr n="original"><ent r="3" t="25" w="570" /><ent r="3" t="43" w="445" /></phr></stem><stem n="suffix"><phr n="suffix"><ent r="3" t="25" w="574" /></phr></stem><stem n="&quot;_mnf&quot;."><phr n="&quot;_mnf&quot;."><ent r="3" t="25" w="577" /></phr></stem><stem n="matrix"><phr n="matrix"><ent r="4" t="26" w="77" /><ent r="4" t="27" w="713" /><ent r="4" t="27" w="716" /><ent r="4" t="27" w="724" /><ent r="4" t="27" w="858" /><ent r="4" t="27" w="871" /><ent r="4" t="36" w="340" /><ent r="4" t="36" w="357" /><ent r="3" t="36" w="371" /><ent r="4" t="36" w="379" /><ent r="4" t="36" w="396" /><ent r="3" t="36" w="421" /><ent r="3" t="36" w="429" /><ent r="4" t="36" w="614" /><ent r="3" t="49" w="51" /><ent r="3" t="52" w="69" /><ent r="3" t="52" w="214" /><ent r="3" t="52" w="223" /><ent r="3" t="52" w="372" /><ent r="3" t="54" w="153" /></phr><phr n="Matrix"><ent r="4" t="27" w="703" /><ent r="4" t="27" w="734" /><ent r="4" t="36" w="324" /><ent r="4" t="36" w="606" /><ent r="3" t="52" w="88" /></phr></stem><stem n="invert"><phr n="inverted"><ent r="4" t="26" w="78" /></phr></stem><stem n="without"><phr n="without"><ent r="3" t="26" w="145" /></phr></stem><stem n="unwant"><phr n="unwanted"><ent r="3" t="26" w="147" /></phr></stem><stem n="constrain"><phr n="Constrained"><ent r="1000" t="27" w="1" /><ent r="102" t="27" w="6" /><ent r="100" t="27" w="13" /><ent r="3" t="27" w="19" /><ent r="5" t="27" w="25" /><ent r="3" t="27" w="181" /><ent r="3" t="27" w="373" /><ent r="3" t="27" w="422" /><ent r="5" t="31" w="21" /><ent r="6" t="35" w="444" /><ent r="5" t="52" w="33" /><ent r="4" t="53" w="5" /><ent r="6" t="53" w="11" /><ent r="4" t="53" w="21" /></phr></stem><stem n="energi"><phr n="Energy"><ent r="1000" t="27" w="2" /><ent r="102" t="27" w="7" /><ent r="100" t="27" w="14" /><ent r="3" t="27" w="20" /><ent r="5" t="27" w="26" /><ent r="3" t="27" w="182" /><ent r="3" t="27" w="374" /><ent r="3" t="27" w="423" /><ent r="5" t="31" w="22" /><ent r="6" t="35" w="445" /><ent r="5" t="52" w="34" /><ent r="4" t="53" w="6" /><ent r="6" t="53" w="12" /><ent r="4" t="53" w="22" /></phr><phr n="energy"><ent r="3" t="52" w="160" /></phr></stem><stem n="minim"><phr n="Minimization"><ent r="1000" t="27" w="3" /><ent r="102" t="27" w="8" /><ent r="100" t="27" w="15" /><ent r="3" t="27" w="21" /><ent r="5" t="27" w="27" /><ent r="3" t="27" w="183" /><ent r="3" t="27" w="375" /><ent r="3" t="27" w="424" /><ent r="5" t="31" w="23" /><ent r="6" t="35" w="446" /><ent r="5" t="52" w="35" /><ent r="4" t="53" w="7" /><ent r="6" t="53" w="13" /><ent r="4" t="53" w="23" /></phr><phr n="minimizes"><ent r="3" t="52" w="157" /></phr></stem><stem n="(cem)"><phr n="(CEM)"><ent r="1000" t="27" w="5" /><ent r="102" t="27" w="10" /></phr></stem><stem n="layer"><phr n="layer"><ent r="3" t="27" w="50" /><ent r="4" t="27" w="554" /><ent r="4" t="27" w="810" /><ent r="4" t="27" w="863" /><ent r="3" t="28" w="190" /><ent r="3" t="28" w="207" /><ent r="4" t="29" w="309" /><ent r="4" t="30" w="522" /><ent r="4" t="32" w="245" /><ent r="4" t="34" w="83" /><ent r="4" t="34" w="517" /><ent r="4" t="34" w="540" /><ent r="3" t="34" w="740" /><ent r="3" t="35" w="268" /><ent r="3" t="36" w="96" /><ent r="3" t="36" w="687" /><ent r="3" t="37" w="98" /><ent r="3" t="54" w="376" /><ent r="3" t="54" w="386" /></phr><phr n="Layer"><ent r="5" t="27" w="542" /><ent r="5" t="29" w="297" /><ent r="5" t="30" w="510" /><ent r="5" t="34" w="504" /><ent r="4" t="34" w="521" /></phr></stem><stem n="target"><phr n="target"><ent r="3" t="27" w="57" /><ent r="3" t="27" w="311" /><ent r="3" t="27" w="476" /><ent r="4" t="27" w="620" /><ent r="4" t="27" w="823" /><ent r="3" t="29" w="15" /><ent r="3" t="29" w="95" /><ent r="3" t="29" w="141" /><ent r="4" t="29" w="374" /><ent r="3" t="30" w="207" /><ent r="4" t="30" w="314" /><ent r="4" t="30" w="470" /><ent r="3" t="31" w="15" /><ent r="3" t="52" w="28" /><ent r="3" t="52" w="39" /><ent r="3" t="52" w="130" /><ent r="3" t="52" w="176" /><ent r="3" t="52" w="194" /><ent r="3" t="54" w="96" /><ent r="3" t="54" w="115" /><ent r="3" t="54" w="192" /><ent r="3" t="57" w="186" /><ent r="3" t="57" w="195" /></phr><phr n="Target"><ent r="3" t="27" w="462" /><ent r="3" t="28" w="156" /><ent r="3" t="29" w="281" /><ent r="3" t="30" w="450" /><ent r="3" t="54" w="210" /></phr><phr n="targets"><ent r="3" t="57" w="217" /></phr></stem><stem n="threshold"><phr n="threshold"><ent r="3" t="27" w="63" /><ent r="4" t="27" w="582" /><ent r="4" t="27" w="590" /><ent r="4" t="27" w="597" /><ent r="4" t="27" w="637" /><ent r="4" t="27" w="809" /><ent r="4" t="27" w="833" /><ent r="4" t="27" w="896" /><ent r="3" t="28" w="189" /><ent r="4" t="29" w="337" /><ent r="4" t="29" w="345" /><ent r="4" t="29" w="380" /><ent r="4" t="30" w="550" /><ent r="4" t="30" w="578" /><ent r="3" t="33" w="212" /><ent r="4" t="33" w="222" /><ent r="3" t="33" w="228" /><ent r="3" t="33" w="366" /><ent r="3" t="34" w="617" /><ent r="4" t="34" w="625" /><ent r="3" t="34" w="636" /><ent r="4" t="35" w="321" /><ent r="4" t="35" w="403" /><ent r="5" t="35" w="411" /><ent r="3" t="36" w="95" /><ent r="3" t="36" w="155" /><ent r="3" t="36" w="575" /><ent r="3" t="37" w="97" /><ent r="3" t="54" w="413" /></phr><phr n="Threshold"><ent r="5" t="27" w="573" /><ent r="5" t="29" w="328" /><ent r="5" t="30" w="541" /><ent r="4" t="33" w="361" /><ent r="4" t="36" w="149" /></phr></stem><stem n="design"><phr n="designed"><ent r="3" t="27" w="67" /><ent r="3" t="27" w="131" /></phr><phr n="design"><ent r="3" t="52" w="149" /></phr></stem><stem n="correct"><phr n="corrected"><ent r="3" t="27" w="75" /><ent r="3" t="27" w="114" /><ent r="3" t="27" w="140" /><ent r="3" t="27" w="152" /><ent r="3" t="27" w="167" /><ent r="3" t="30" w="128" /><ent r="3" t="30" w="149" /></phr><phr n="correct"><ent r="5" t="31" w="367" /></phr><phr n="correction"><ent r="3" t="57" w="266" /><ent r="4" t="58" w="64" /></phr></stem><stem n="(such"><phr n="(such"><ent r="3" t="27" w="79" /></phr></stem><stem n="analyst"><phr n="analysts"><ent r="3" t="27" w="96" /></phr><phr n="analyst"><ent r="3" t="57" w="169" /></phr></stem><stem n="evid"><phr n="evidence"><ent r="3" t="27" w="98" /></phr></stem><stem n="less"><phr n="less"><ent r="3" t="27" w="157" /><ent r="4" t="30" w="564" /><ent r="3" t="54" w="410" /></phr></stem><stem n="predict"><phr n="predictable"><ent r="3" t="27" w="158" /></phr></stem><stem n="accur"><phr n="accurate"><ent r="3" t="27" w="160" /></phr></stem><stem n="id"><phr n="ID"><ent r="5" t="27" w="205" /><ent r="5" t="29" w="60" /><ent r="5" t="30" w="248" /><ent r="5" t="31" w="100" /><ent r="5" t="31" w="276" /><ent r="5" t="31" w="339" /><ent r="5" t="34" w="431" /></phr></stem><stem n="continu"><phr n="continue"><ent r="3" t="27" w="228" /><ent r="3" t="27" w="242" /><ent r="3" t="31" w="258" /><ent r="4" t="48" w="109" /></phr><phr n="continuously"><ent r="3" t="48" w="59" /></phr></stem><stem n="choos"><phr n="choose"><ent r="3" t="27" w="235" /><ent r="3" t="27" w="271" /><ent r="3" t="27" w="362" /><ent r="3" t="29" w="184" /><ent r="3" t="43" w="100" /><ent r="3" t="43" w="140" /><ent r="3" t="43" w="197" /></phr></stem><stem n="recommend"><phr n="recommended"><ent r="3" t="27" w="252" /><ent r="3" t="30" w="132" /></phr></stem><stem n="messag"><phr n="message"><ent r="3" t="27" w="276" /><ent r="3" t="27" w="293" /><ent r="4" t="34" w="692" /></phr><phr n="messages"><ent r="3" t="44" w="440" /><ent r="3" t="44" w="448" /><ent r="3" t="45" w="490" /><ent r="3" t="45" w="498" /></phr></stem><stem n="-reflect"><phr n="-reflectance"><ent r="3" t="27" w="283" /><ent r="3" t="27" w="283" /></phr></stem><stem n="non-reflect"><phr n="non-reflectance"><ent r="3" t="27" w="283" /></phr></stem><stem n="filter"><phr n="filter"><ent r="3" t="27" w="338" /><ent r="3" t="29" w="162" /><ent r="4" t="30" w="287" /><ent r="4" t="30" w="332" /><ent r="4" t="31" w="121" /><ent r="3" t="31" w="132" /><ent r="3" t="31" w="141" /><ent r="3" t="31" w="165" /><ent r="3" t="31" w="243" /><ent r="4" t="31" w="293" /><ent r="4" t="31" w="315" /><ent r="4" t="31" w="356" /><ent r="5" t="31" w="368" /><ent r="3" t="31" w="396" /><ent r="4" t="34" w="227" /><ent r="3" t="52" w="152" /><ent r="3" t="52" w="180" /><ent r="3" t="52" w="260" /><ent r="3" t="52" w="287" /></phr><phr n="Filters"><ent r="64" t="27" w="358" /><ent r="64" t="29" w="180" /><ent r="65" t="30" w="305" /><ent r="65" t="30" w="350" /><ent r="1000" t="31" w="4" /><ent r="102" t="31" w="9" /><ent r="65" t="34" w="245" /></phr><phr n="filters"><ent r="3" t="31" w="40" /></phr><phr n="filtered"><ent r="3" t="31" w="64" /></phr><phr n="Filter"><ent r="92" t="31" w="87" /><ent r="5" t="31" w="108" /><ent r="4" t="31" w="116" /><ent r="92" t="31" w="263" /><ent r="5" t="31" w="303" /><ent r="4" t="31" w="311" /><ent r="92" t="31" w="326" /><ent r="4" t="31" w="384" /><ent r="5" t="31" w="391" /></phr><phr n="filtering"><ent r="3" t="52" w="115" /></phr></stem><stem n="desir"><phr n="desired"><ent r="3" t="27" w="364" /><ent r="3" t="27" w="390" /><ent r="3" t="30" w="356" /><ent r="3" t="30" w="382" /><ent r="4" t="34" w="286" /><ent r="4" t="34" w="363" /><ent r="3" t="36" w="495" /><ent r="3" t="43" w="262" /><ent r="4" t="48" w="55" /></phr></stem><stem n="appear"><phr n="appear"><ent r="3" t="27" w="414" /><ent r="3" t="27" w="459" /><ent r="4" t="34" w="351" /><ent r="3" t="49" w="14" /></phr><phr n="appears"><ent r="3" t="29" w="278" /><ent r="3" t="30" w="406" /><ent r="3" t="30" w="447" /><ent r="4" t="34" w="311" /></phr></stem><stem n="typic"><phr n="Typically"><ent r="4" t="27" w="561" /><ent r="4" t="29" w="316" /><ent r="4" t="30" w="529" /></phr></stem><stem n="accept"><phr n="accepted"><ent r="4" t="27" w="566" /><ent r="4" t="29" w="321" /><ent r="4" t="30" w="534" /></phr><phr n="accept"><ent r="4" t="33" w="107" /></phr></stem><stem n=".5"><phr n=".5"><ent r="4" t="27" w="586" /><ent r="4" t="27" w="593" /><ent r="4" t="27" w="609" /><ent r="4" t="27" w="612" /></phr></stem><stem n="0.5"><phr n="0.5"><ent r="4" t="27" w="586" /><ent r="4" t="27" w="585" /><ent r="4" t="27" w="609" /><ent r="4" t="27" w="608" /></phr></stem><stem n="1.5"><phr n="1.5"><ent r="4" t="27" w="593" /><ent r="4" t="27" w="592" /><ent r="4" t="27" w="612" /><ent r="4" t="27" w="611" /></phr></stem><stem n="upper"><phr n="upper"><ent r="4" t="27" w="596" /><ent r="4" t="29" w="77" /></phr><phr n="Upper"><ent r="4" t="58" w="16" /></phr></stem><stem n="mean"><phr n="means"><ent r="4" t="27" w="599" /><ent r="4" t="29" w="347" /><ent r="4" t="30" w="556" /><ent r="3" t="52" w="106" /></phr><phr n="mean"><ent r="3" t="28" w="122" /><ent r="3" t="28" w="145" /><ent r="3" t="36" w="54" /><ent r="3" t="36" w="75" /><ent r="3" t="52" w="299" /><ent r="3" t="52" w="304" /></phr></stem><stem n="flag"><phr n="flagged"><ent r="4" t="27" w="614" /><ent r="4" t="27" w="629" /><ent r="4" t="29" w="360" /><ent r="4" t="30" w="569" /></phr></stem><stem n="repres"><phr n="representing"><ent r="4" t="27" w="618" /><ent r="4" t="29" w="364" /></phr><phr n="represent"><ent r="4" t="27" w="873" /></phr><phr n="represents"><ent r="3" t="28" w="211" /></phr></stem><stem n="compris"><phr n="comprises"><ent r="4" t="27" w="623" /></phr><phr n="comprise"><ent r="4" t="29" w="368" /></phr><phr n="comprising"><ent r="3" t="52" w="25" /></phr></stem><stem n="%"><phr n="%"><ent r="4" t="27" w="625" /><ent r="4" t="27" w="757" /><ent r="4" t="30" w="653" /><ent r="4" t="37" w="183" /><ent r="4" t="37" w="217" /></phr></stem><stem n="portion"><phr n="portion"><ent r="4" t="27" w="650" /><ent r="4" t="29" w="371" /><ent r="4" t="29" w="393" /><ent r="4" t="30" w="591" /></phr></stem><stem n="(rather"><phr n="(rather"><ent r="4" t="27" w="655" /><ent r="4" t="29" w="398" /><ent r="4" t="30" w="596" /></phr></stem><stem n="rather"><phr n="rather"><ent r="4" t="27" w="655" /><ent r="4" t="29" w="398" /><ent r="4" t="30" w="596" /></phr></stem><stem n="),"><phr n="),"><ent r="4" t="27" w="661" /><ent r="4" t="29" w="404" /><ent r="4" t="30" w="602" /><ent r="4" t="31" w="291" /><ent r="4" t="31" w="354" /><ent r="3" t="54" w="326" /></phr></stem><stem n="-in,"><phr n="-in,"><ent r="4" t="27" w="691" /><ent r="4" t="27" w="691" /><ent r="4" t="29" w="435" /><ent r="4" t="29" w="435" /></phr><phr n="-In,"><ent r="4" t="27" w="706" /><ent r="4" t="27" w="706" /></phr></stem><stem n="moment"><phr n="Moment"><ent r="4" t="27" w="702" /><ent r="4" t="27" w="733" /><ent r="3" t="52" w="87" /></phr><phr n="moment"><ent r="3" t="52" w="68" /></phr></stem><stem n="statu"><phr n="status"><ent r="4" t="27" w="746" /><ent r="3" t="34" w="729" /><ent r="3" t="39" w="114" /><ent r="3" t="43" w="661" /><ent r="3" t="43" w="669" /></phr></stem><stem n="100"><phr n="100"><ent r="4" t="27" w="756" /><ent r="4" t="30" w="652" /></phr></stem><stem n="equal"><phr n="equal"><ent r="4" t="27" w="817" /></phr><phr n="equals"><ent r="3" t="54" w="50" /><ent r="3" t="57" w="87" /></phr></stem><stem n="percentag"><phr n="percentage"><ent r="4" t="27" w="820" /><ent r="4" t="27" w="880" /><ent r="4" t="27" w="891" /><ent r="3" t="37" w="64" /><ent r="3" t="37" w="222" /><ent r="3" t="52" w="19" /><ent r="3" t="52" w="49" /></phr></stem><stem n="greater"><phr n="greater"><ent r="4" t="27" w="830" /><ent r="4" t="27" w="893" /><ent r="4" t="29" w="355" /></phr></stem><stem n="combin"><phr n="Combined"><ent r="5" t="27" w="840" /></phr><phr n="combine"><ent r="4" t="27" w="848" /></phr><phr n="combined"><ent r="3" t="54" w="381" /></phr></stem><stem n="classif"><phr n="classification"><ent r="4" t="27" w="855" /><ent r="3" t="54" w="149" /></phr></stem><stem n="pseudocolor"><phr n="pseudocolor"><ent r="4" t="27" w="862" /><ent r="3" t="28" w="206" /><ent r="4" t="32" w="244" /><ent r="4" t="34" w="82" /><ent r="4" t="34" w="516" /><ent r="3" t="34" w="739" /><ent r="3" t="35" w="267" /><ent r="3" t="54" w="385" /></phr></stem><stem n="class"><phr n="class"><ent r="4" t="27" w="875" /><ent r="4" t="27" w="886" /><ent r="4" t="27" w="908" /><ent r="3" t="28" w="210" /><ent r="3" t="54" w="394" /></phr></stem><stem n="label"><phr n="labeled"><ent r="4" t="27" w="905" /></phr></stem><stem n="adapt"><phr n="Adaptive"><ent r="1000" t="28" w="3" /><ent r="100" t="28" w="9" /><ent r="102" t="28" w="15" /><ent r="3" t="28" w="20" /><ent r="5" t="28" w="26" /><ent r="5" t="29" w="38" /><ent r="3" t="29" w="65" /><ent r="3" t="29" w="194" /><ent r="3" t="29" w="245" /><ent r="3" t="29" w="286" /><ent r="64" t="29" w="475" /><ent r="4" t="53" w="20" /></phr></stem><stem n="cosin"><phr n="Cosine"><ent r="1000" t="28" w="4" /><ent r="100" t="28" w="10" /><ent r="102" t="28" w="16" /><ent r="3" t="28" w="21" /><ent r="5" t="28" w="27" /><ent r="5" t="29" w="39" /><ent r="3" t="29" w="66" /><ent r="3" t="29" w="195" /><ent r="3" t="29" w="246" /><ent r="3" t="29" w="287" /><ent r="64" t="29" w="476" /></phr></stem><stem n="ac"><phr n="ACE"><ent r="100" t="28" w="7" /><ent r="65" t="28" w="24" /><ent r="3" t="28" w="47" /><ent r="3" t="28" w="64" /><ent r="3" t="28" w="77" /><ent r="3" t="28" w="92" /><ent r="3" t="28" w="111" /><ent r="3" t="28" w="167" /><ent r="3" t="28" w="183" /><ent r="3" t="28" w="201" /><ent r="64" t="28" w="223" /><ent r="1000" t="29" w="2" /><ent r="102" t="29" w="5" /><ent r="65" t="29" w="36" /><ent r="5" t="29" w="61" /><ent r="3" t="29" w="113" /><ent r="4" t="29" w="302" /><ent r="4" t="29" w="333" /><ent r="4" t="29" w="389" /><ent r="4" t="29" w="432" /><ent r="4" t="29" w="442" /><ent r="4" t="29" w="453" /></phr></stem><stem n="aid"><phr n="aids"><ent r="3" t="28" w="31" /></phr><phr n="aid"><ent r="3" t="30" w="32" /></phr></stem><stem n="likelihood"><phr n="likelihood"><ent r="3" t="28" w="115" /></phr></stem><stem n="test"><phr n="test"><ent r="3" t="28" w="117" /><ent r="3" t="28" w="137" /></phr></stem><stem n="glrt"><phr n="GLRT"><ent r="3" t="28" w="118" /></phr></stem><stem n="(glrt)."><phr n="(GLRT)."><ent r="3" t="28" w="119" /></phr></stem><stem n="goe"><phr n="goes"><ent r="3" t="28" w="130" /></phr></stem><stem n="angular"><phr n="angular"><ent r="3" t="28" w="136" /><ent r="3" t="54" w="106" /></phr></stem><stem n="="><phr n="="><ent r="3" t="28" w="144" /><ent r="3" t="28" w="150" /><ent r="3" t="28" w="156" /><ent r="3" t="28" w="162" /><ent r="3" t="28" w="168" /><ent r="3" t="43" w="409" /><ent r="4" t="52" w="235" /><ent r="3" t="54" w="210" /><ent r="3" t="54" w="214" /><ent r="3" t="54" w="220" /><ent r="3" t="54" w="224" /><ent r="3" t="54" w="229" /><ent r="3" t="54" w="240" /><ent r="3" t="54" w="251" /><ent r="3" t="57" w="52" /></phr></stem><stem n="dataset"><phr n="dataset"><ent r="3" t="28" w="147" /><ent r="3" t="28" w="153" /></phr></stem><stem n="c"><phr n="C"><ent r="3" t="28" w="149" /><ent r="3" t="28" w="170" /><ent r="3" t="28" w="175" /><ent r="3" t="28" w="179" /></phr></stem><stem n="t"><phr n="T"><ent r="3" t="28" w="155" /><ent r="3" t="28" w="169" /><ent r="3" t="28" w="174" /><ent r="3" t="28" w="176" /><ent r="3" t="54" w="194" /><ent r="3" t="54" w="208" /><ent r="3" t="54" w="234" /><ent r="3" t="54" w="236" /><ent r="3" t="54" w="254" /><ent r="4" t="55" w="18" /><ent r="4" t="58" w="79" /></phr><phr n="t"><ent r="3" t="36" w="436" /><ent r="3" t="36" w="443" /><ent r="3" t="40" w="95" /><ent r="4" t="52" w="187" /></phr></stem><stem n="-"><phr n="-"><ent r="3" t="28" w="159" /><ent r="3" t="28" w="159" /><ent r="3" t="28" w="165" /><ent r="3" t="28" w="165" /><ent r="4" t="55" w="34" /><ent r="4" t="55" w="34" /></phr></stem><stem n="p"><phr n="P"><ent r="3" t="28" w="161" /><ent r="3" t="28" w="171" /><ent r="3" t="28" w="178" /><ent r="3" t="28" w="180" /><ent r="3" t="54" w="201" /><ent r="3" t="54" w="218" /><ent r="3" t="54" w="245" /><ent r="3" t="54" w="247" /><ent r="3" t="54" w="256" /><ent r="4" t="55" w="20" /></phr></stem><stem n="transpos"><phr n="transpose"><ent r="3" t="28" w="168" /><ent r="3" t="28" w="173" /><ent r="3" t="28" w="177" /></phr></stem><stem n="(transpose(t)(c)(p))^2"><phr n="(transpose(T)(C)(P))^2"><ent r="3" t="28" w="172" /></phr></stem><stem n="^2"><phr n="^2"><ent r="3" t="28" w="172" /></phr></stem><stem n="(transpose(t)(c)(t))(transpose(p)(c)(p))"><phr n="(transpose(T)(C)(T))(transpose(P)(C)(P))"><ent r="3" t="28" w="181" /></phr></stem><stem n="like"><phr n="like"><ent r="3" t="28" w="197" /><ent r="3" t="47" w="46" /></phr></stem><stem n="corner"><phr n="corner"><ent r="4" t="29" w="79" /></phr></stem><stem n=".4225"><phr n=".4225"><ent r="4" t="29" w="341" /><ent r="4" t="29" w="358" /></phr></stem><stem n="0.4225"><phr n="0.4225"><ent r="4" t="29" w="341" /><ent r="4" t="29" w="340" /><ent r="4" t="29" w="358" /><ent r="4" t="29" w="357" /></phr></stem><stem n="4225"><phr n="4225"><ent r="4" t="29" w="341" /><ent r="4" t="29" w="358" /></phr></stem><stem n="signific"><phr n="significant"><ent r="4" t="29" w="370" /></phr></stem><stem n="angl"><phr n="Angle"><ent r="1000" t="30" w="2" /><ent r="102" t="30" w="7" /><ent r="100" t="30" w="12" /><ent r="3" t="30" w="19" /><ent r="5" t="30" w="25" /><ent r="92" t="30" w="196" /><ent r="4" t="30" w="253" /><ent r="3" t="30" w="366" /><ent r="3" t="30" w="415" /><ent r="5" t="31" w="30" /><ent r="4" t="34" w="565" /><ent r="6" t="35" w="437" /><ent r="3" t="54" w="10" /><ent r="5" t="54" w="16" /></phr><phr n="angle"><ent r="3" t="54" w="60" /><ent r="4" t="54" w="73" /><ent r="3" t="54" w="189" /><ent r="3" t="54" w="250" /><ent r="3" t="54" w="263" /><ent r="3" t="54" w="289" /><ent r="3" t="54" w="350" /><ent r="3" t="54" w="405" /><ent r="3" t="54" w="408" /></phr></stem><stem n="(sam)"><phr n="(SAM)"><ent r="1000" t="30" w="5" /><ent r="102" t="30" w="10" /></phr></stem><stem n="unless"><phr n="unless"><ent r="3" t="30" w="142" /><ent r="3" t="44" w="314" /></phr></stem><stem n="compar"><phr n="compared"><ent r="3" t="30" w="157" /><ent r="3" t="54" w="316" /></phr><phr n="compare"><ent r="3" t="43" w="363" /></phr><phr n="comparing"><ent r="3" t="54" w="24" /></phr></stem><stem n="compens"><phr n="compensation"><ent r="3" t="30" w="164" /></phr></stem><stem n="befor"><phr n="before"><ent r="3" t="30" w="176" /><ent r="3" t="33" w="245" /><ent r="3" t="33" w="388" /><ent r="4" t="33" w="399" /><ent r="3" t="34" w="123" /><ent r="3" t="41" w="109" /></phr></stem><stem n="5.0"><phr n="5.0"><ent r="4" t="30" w="554" /><ent r="4" t="30" w="553" /><ent r="4" t="30" w="567" /><ent r="4" t="30" w="566" /><ent r="4" t="35" w="324" /><ent r="4" t="35" w="323" /></phr></stem><stem n="5.0."><phr n="5.0."><ent r="4" t="30" w="554" /><ent r="4" t="30" w="553" /></phr></stem><stem n=".0."><phr n=".0."><ent r="4" t="30" w="555" /></phr></stem><stem n=".0"><phr n=".0"><ent r="4" t="30" w="567" /><ent r="4" t="35" w="324" /></phr></stem><stem n="procedur"><phr n="procedure"><ent r="3" t="31" w="73" /></phr></stem><stem n="paramet"><phr n="parameters"><ent r="4" t="31" w="122" /><ent r="4" t="31" w="316" /><ent r="4" t="36" w="141" /><ent r="4" t="36" w="320" /><ent r="4" t="36" w="602" /><ent r="4" t="37" w="140" /></phr></stem><stem n="whole"><phr n="whole"><ent r="3" t="31" w="173" /><ent r="3" t="37" w="198" /></phr></stem><stem n="attribut"><phr n="attributes"><ent r="3" t="31" w="179" /><ent r="4" t="45" w="341" /><ent r="4" t="45" w="364" /></phr></stem><stem n="wildcard"><phr n="Wildcarding"><ent r="4" t="31" w="197" /></phr><phr n="wildcard"><ent r="3" t="31" w="216" /></phr><phr n="Wildcard"><ent r="1000" t="56" w="1" /><ent r="102" t="56" w="4" /></phr></stem><stem n="case"><phr n="Case"><ent r="4" t="31" w="201" /></phr><phr n="case"><ent r="3" t="31" w="210" /></phr></stem><stem n="sensit"><phr n="Sensitive"><ent r="4" t="31" w="202" /></phr><phr n="sensitive"><ent r="3" t="31" w="211" /></phr></stem><stem n="partial"><phr n="partial"><ent r="3" t="31" w="207" /></phr></stem><stem n="charact"><phr n="characters"><ent r="3" t="31" w="217" /><ent r="3" t="31" w="224" /><ent r="3" t="56" w="36" /><ent r="3" t="56" w="110" /></phr><phr n="Characters"><ent r="1000" t="56" w="2" /><ent r="102" t="56" w="5" /></phr><phr n="character"><ent r="3" t="56" w="31" /><ent r="3" t="56" w="67" /><ent r="3" t="56" w="117" /></phr></stem><stem n="*"><phr n="*"><ent r="3" t="31" w="218" /><ent r="3" t="43" w="413" /><ent r="3" t="54" w="236" /><ent r="3" t="54" w="247" /><ent r="3" t="54" w="259" /><ent r="3" t="56" w="28" /><ent r="3" t="56" w="43" /><ent r="3" t="57" w="56" /></phr></stem><stem n="?."><phr n="?."><ent r="3" t="31" w="219" /></phr></stem><stem n="explan"><phr n="explanation"><ent r="3" t="31" w="221" /></phr></stem><stem n="criteria"><phr n="criteria"><ent r="3" t="31" w="244" /><ent r="4" t="34" w="570" /></phr></stem><stem n="(on"><phr n="(on"><ent r="4" t="31" w="284" /><ent r="4" t="31" w="347" /></phr></stem><stem n="side"><phr n="side"><ent r="4" t="31" w="287" /><ent r="4" t="31" w="350" /><ent r="4" t="33" w="75" /></phr></stem><stem n="get"><phr n="get"><ent r="4" t="31" w="375" /><ent r="3" t="37" w="87" /></phr></stem><stem n="both"><phr n="both"><ent r="3" t="32" w="34" /></phr></stem><stem n="refin"><phr n="refine"><ent r="3" t="32" w="41" /></phr></stem><stem n="/remov"><phr n="/remove"><ent r="4" t="32" w="137" /></phr></stem><stem n="add/remov"><phr n="Add/remove"><ent r="4" t="32" w="137" /><ent r="4" t="32" w="136" /></phr></stem><stem n="/from"><phr n="/from"><ent r="4" t="32" w="140" /></phr></stem><stem n="to/from"><phr n="to/from"><ent r="4" t="32" w="140" /><ent r="4" t="32" w="139" /></phr></stem><stem n="unit"><phr n="units"><ent r="3" t="32" w="153" /><ent r="3" t="43" w="186" /></phr><phr n="Units"><ent r="82" t="43" w="179" /></phr><phr n="United"><ent r="4" t="50" w="6" /><ent r="4" t="50" w="47" /><ent r="4" t="51" w="6" /></phr></stem><stem n="batch"><phr n="batch"><ent r="3" t="32" w="213" /><ent r="3" t="34" w="51" /></phr></stem><stem n="wizard"><phr n="wizard"><ent r="3" t="32" w="221" /><ent r="3" t="34" w="59" /></phr></stem><stem n="least"><phr n="least"><ent r="4" t="32" w="260" /><ent r="4" t="34" w="98" /></phr></stem><stem n="dock"><phr n="dock"><ent r="5" t="32" w="307" /><ent r="5" t="35" w="53" /></phr></stem><stem n="metric"><phr n="metric"><ent r="4" t="32" w="379" /><ent r="4" t="32" w="417" /><ent r="4" t="32" w="464" /><ent r="4" t="35" w="126" /><ent r="4" t="35" w="164" /><ent r="4" t="35" w="211" /></phr></stem><stem n=":spectral"><phr n=":Spectral"><ent r="100" t="33" w="17" /></phr></stem><stem n="tree"><phr n="tree"><ent r="4" t="33" w="71" /></phr></stem><stem n="updat"><phr n="updating"><ent r="4" t="33" w="99" /></phr><phr n="updated"><ent r="4" t="34" w="665" /><ent r="3" t="41" w="88" /></phr><phr n="updates"><ent r="3" t="35" w="609" /></phr><phr n="update"><ent r="3" t="48" w="60" /></phr></stem><stem n="cancel"><phr n="Cancel"><ent r="4" t="33" w="114" /></phr><phr n="cancel"><ent r="3" t="33" w="117" /></phr></stem><stem n="action"><phr n="actions"><ent r="3" t="33" w="155" /><ent r="3" t="33" w="169" /><ent r="3" t="43" w="40" /></phr></stem><stem n="involv"><phr n="involving"><ent r="3" t="33" w="156" /><ent r="3" t="33" w="170" /></phr></stem><stem n="uncheck"><phr n="unchecked"><ent r="3" t="33" w="168" /><ent r="3" t="33" w="262" /><ent r="4" t="34" w="530" /><ent r="3" t="43" w="240" /></phr><phr n="Uncheck"><ent r="4" t="34" w="489" /></phr><phr n="uncheck"><ent r="3" t="36" w="684" /><ent r="3" t="43" w="307" /></phr></stem></index>