<?xml version="1.0" encoding="utf-8"?><index><stem n="distribut"><phr n="distribution"><ent r="3" t="38" w="87" /></phr></stem><stem n="anomal"><phr n="anomalous"><ent r="3" t="38" w="103" /><ent r="3" t="39" w="105" /></phr></stem><stem n="adjust"><phr n="Adjusts"><ent r="3" t="38" w="151" /></phr><phr n="adjust"><ent r="3" t="38" w="573" /></phr></stem><stem n="(aoi)."><phr n="(AOI)."><ent r="3" t="38" w="181" /><ent r="3" t="39" w="170" /></phr></stem><stem n="local"><phr n="Local"><ent r="4" t="38" w="213" /><ent r="3" t="38" w="220" /><ent r="3" t="38" w="299" /><ent r="3" t="38" w="304" /><ent r="3" t="38" w="581" /><ent r="3" t="38" w="584" /></phr><phr n="Locally"><ent r="4" t="58" w="19" /></phr></stem><stem n="size"><phr n="Size"><ent r="4" t="38" w="215" /><ent r="3" t="38" w="306" /><ent r="3" t="38" w="583" /><ent r="4" t="39" w="218" /><ent r="4" t="39" w="240" /></phr></stem><stem n="switch"><phr n="Switches"><ent r="3" t="38" w="217" /><ent r="3" t="38" w="264" /></phr></stem><stem n="around"><phr n="around"><ent r="3" t="38" w="232" /></phr></stem><stem n="defin"><phr n="defined"><ent r="3" t="38" w="236" /><ent r="3" t="59" w="395" /></phr></stem><stem n="height"><phr n="Height"><ent r="4" t="38" w="245" /></phr></stem><stem n="distanc"><phr n="distance"><ent r="3" t="38" w="259" /><ent r="3" t="39" w="189" /></phr><phr n="distances"><ent r="3" t="39" w="195" /></phr></stem><stem n="subspac"><phr n="Subspace"><ent r="4" t="38" w="262" /><ent r="3" t="38" w="268" /><ent r="3" t="38" w="589" /></phr></stem><stem n="ssrx"><phr n="SSRX"><ent r="3" t="38" w="270" /></phr></stem><stem n="(ssrx)"><phr n="(SSRX)"><ent r="3" t="38" w="271" /></phr></stem><stem n="princip"><phr n="Principal"><ent r="3" t="38" w="276" /></phr></stem><stem n="(if"><phr n="(if"><ent r="3" t="38" w="302" /></phr></stem><stem n="'ve"><phr n="'ve"><ent r="3" t="38" w="349" /><ent r="4" t="40" w="390" /></phr></stem><stem n="ve"><phr n="ve"><ent r="3" t="38" w="349" /><ent r="4" t="40" w="390" /></phr></stem><stem n="/output"><phr n="/Output"><ent r="4" t="38" w="413" /></phr></stem><stem n="don"><phr n="don"><ent r="3" t="38" w="435" /><ent r="3" t="38" w="442" /></phr></stem><stem n="'t"><phr n="'t"><ent r="3" t="38" w="436" /><ent r="3" t="38" w="443" /><ent r="3" t="43" w="95" /></phr></stem><stem n="histogram"><phr n="histogram"><ent r="3" t="38" w="500" /><ent r="3" t="38" w="505" /><ent r="3" t="38" w="664" /></phr></stem><stem n="(local"><phr n="(Local"><ent r="3" t="38" w="584" /></phr></stem><stem n="clearli"><phr n="clearly"><ent r="3" t="38" w="673" /></phr></stem><stem n="(to"><phr n="(To"><ent r="3" t="38" w="681" /></phr></stem><stem n="topolog"><phr n="Topological"><ent r="1000" t="39" w="1" /><ent r="102" t="39" w="5" /><ent r="100" t="39" w="11" /><ent r="3" t="39" w="16" /><ent r="5" t="39" w="22" /><ent r="4" t="39" w="144" /></phr></stem><stem n="sampl"><phr n="sample"><ent r="3" t="39" w="59" /><ent r="3" t="39" w="199" /><ent r="3" t="39" w="225" /><ent r="4" t="39" w="239" /><ent r="3" t="39" w="250" /></phr></stem><stem n="search"><phr n="searches"><ent r="3" t="39" w="73" /></phr><phr n="search"><ent r="3" t="61" w="45" /><ent r="3" t="61" w="76" /><ent r="3" t="61" w="104" /></phr></stem><stem n="nearest"><phr n="nearest"><ent r="3" t="39" w="76" /><ent r="3" t="40" w="36" /></phr></stem><stem n="neighbor"><phr n="neighbors"><ent r="3" t="39" w="77" /></phr></stem><stem n="sum"><phr n="sums"><ent r="3" t="39" w="83" /></phr><phr n="sum"><ent r="3" t="59" w="232" /><ent r="3" t="59" w="243" /><ent r="3" t="59" w="252" /></phr></stem><stem n="rank"><phr n="rank"><ent r="3" t="39" w="89" /></phr></stem><stem n="edg"><phr n="Edges"><ent r="4" t="39" w="183" /></phr></stem><stem n="percent"><phr n="percent"><ent r="3" t="39" w="192" /><ent r="3" t="40" w="165" /></phr></stem><stem n="consid"><phr n="considered"><ent r="3" t="39" w="207" /><ent r="3" t="39" w="234" /></phr></stem><stem n="member"><phr n="members"><ent r="3" t="39" w="208" /></phr></stem><stem n="network"><phr n="Network"><ent r="3" t="39" w="212" /></phr></stem><stem n="theori"><phr n="theory"><ent r="3" t="39" w="213" /></phr></stem><stem n="%."><phr n="%."><ent r="3" t="39" w="216" /></phr></stem><stem n="occupi"><phr n="occupy"><ent r="3" t="39" w="231" /></phr></stem><stem n="-mean"><phr n="-Means"><ent r="1000" t="40" w="1" /><ent r="1000" t="40" w="1" /><ent r="102" t="40" w="4" /><ent r="102" t="40" w="4" /><ent r="100" t="40" w="7" /><ent r="100" t="40" w="7" /><ent r="3" t="40" w="12" /><ent r="3" t="40" w="12" /><ent r="3" t="40" w="45" /><ent r="3" t="40" w="45" /><ent r="4" t="40" w="57" /><ent r="4" t="40" w="57" /><ent r="5" t="40" w="113" /><ent r="5" t="40" w="113" /><ent r="4" t="40" w="117" /><ent r="4" t="40" w="117" /><ent r="4" t="40" w="394" /><ent r="4" t="40" w="394" /><ent r="82" t="40" w="505" /><ent r="82" t="40" w="505" /><ent r="92" t="40" w="509" /><ent r="92" t="40" w="509" /><ent r="3" t="40" w="518" /><ent r="3" t="40" w="518" /></phr></stem><stem n="k"><phr n="K"><ent r="1000" t="40" w="1" /><ent r="102" t="40" w="4" /><ent r="100" t="40" w="7" /><ent r="3" t="40" w="12" /><ent r="4" t="40" w="23" /><ent r="3" t="40" w="45" /><ent r="4" t="40" w="57" /><ent r="5" t="40" w="113" /><ent r="4" t="40" w="117" /><ent r="4" t="40" w="322" /><ent r="4" t="40" w="394" /><ent r="82" t="40" w="505" /><ent r="92" t="40" w="509" /><ent r="3" t="40" w="518" /><ent r="4" t="60" w="14" /><ent r="4" t="60" w="85" /><ent r="4" t="62" w="50" /><ent r="4" t="62" w="54" /><ent r="4" t="62" w="58" /><ent r="4" t="62" w="63" /><ent r="4" t="62" w="69" /><ent r="3" t="62" w="81" /><ent r="4" t="62" w="85" /><ent r="4" t="62" w="109" /><ent r="4" t="62" w="120" /><ent r="4" t="62" w="125" /></phr></stem><stem n="k-mean"><phr n="K-Means"><ent r="1000" t="40" w="1" /><ent r="102" t="40" w="4" /><ent r="100" t="40" w="7" /><ent r="3" t="40" w="12" /><ent r="3" t="40" w="45" /><ent r="4" t="40" w="57" /><ent r="5" t="40" w="113" /><ent r="4" t="40" w="117" /><ent r="4" t="40" w="394" /><ent r="82" t="40" w="505" /><ent r="92" t="40" w="509" /><ent r="3" t="40" w="518" /></phr></stem><stem n="cluster"><phr n="clusters"><ent r="3" t="40" w="25" /><ent r="3" t="40" w="190" /><ent r="3" t="40" w="248" /></phr><phr n="cluster"><ent r="3" t="40" w="33" /><ent r="4" t="40" w="241" /><ent r="3" t="40" w="310" /></phr></stem><stem n="belong"><phr n="belongs"><ent r="3" t="40" w="30" /></phr></stem><stem n="call"><phr n="calls"><ent r="3" t="40" w="48" /></phr><phr n="called"><ent r="3" t="46" w="675" /><ent r="3" t="61" w="50" /></phr></stem><stem n="iter"><phr n="iteratively"><ent r="3" t="40" w="52" /></phr><phr n="Iterations"><ent r="4" t="40" w="195" /><ent r="3" t="40" w="202" /><ent r="3" t="40" w="220" /></phr></stem><stem n="prefer"><phr n="preferably"><ent r="4" t="40" w="67" /></phr></stem><stem n="(although"><phr n="(although"><ent r="4" t="40" w="72" /></phr></stem><stem n="might"><phr n="might"><ent r="4" t="40" w="84" /></phr></stem><stem n="bad"><phr n="bad"><ent r="4" t="40" w="89" /><ent r="4" t="40" w="95" /></phr></stem><stem n="veri"><phr n="very"><ent r="3" t="40" w="146" /></phr></stem><stem n="high"><phr n="high"><ent r="3" t="40" w="147" /><ent r="4" t="63" w="29" /></phr></stem><stem n="converg"><phr n="Convergence"><ent r="4" t="40" w="159" /><ent r="3" t="40" w="216" /></phr><phr n="converge"><ent r="3" t="40" w="177" /></phr></stem><stem n="control"><phr n="control"><ent r="3" t="40" w="180" /><ent r="5" t="55" w="40" /><ent r="3" t="57" w="362" /></phr></stem><stem n="border"><phr n="border"><ent r="3" t="40" w="181" /></phr></stem><stem n="(or"><phr n="(or"><ent r="3" t="40" w="183" /><ent r="3" t="59" w="187" /></phr></stem><stem n="mix"><phr n="mixed"><ent r="3" t="40" w="184" /></phr></stem><stem n="indefinit"><phr n="indefinitely"><ent r="3" t="40" w="230" /></phr></stem><stem n="count"><phr n="Count"><ent r="4" t="40" w="242" /><ent r="3" t="40" w="311" /></phr></stem><stem n="-run"><phr n="-running"><ent r="3" t="40" w="258" /><ent r="3" t="40" w="258" /></phr></stem><stem n="re-run"><phr n="Re-running"><ent r="3" t="40" w="258" /></phr></stem><stem n="mark"><phr n="marked"><ent r="3" t="40" w="268" /></phr></stem><stem n="approxim"><phr n="approximate"><ent r="3" t="40" w="301" /></phr><phr n="approximately"><ent r="3" t="62" w="26" /></phr></stem><stem n="classifi"><phr n="classify"><ent r="3" t="40" w="307" /></phr></stem><stem n="intermedi"><phr n="intermediate"><ent r="3" t="40" w="331" /><ent r="4" t="40" w="337" /><ent r="3" t="40" w="343" /></phr></stem><stem n="evolv"><phr n="evolve"><ent r="3" t="40" w="352" /></phr></stem><stem n="old"><phr n="old"><ent r="3" t="40" w="416" /></phr></stem><stem n="randomli"><phr n="randomly"><ent r="3" t="40" w="448" /></phr></stem><stem n="time"><phr n="times"><ent r="3" t="40" w="463" /></phr><phr n="time"><ent r="3" t="46" w="338" /><ent r="3" t="62" w="29" /></phr></stem><stem n="look"><phr n="look"><ent r="3" t="40" w="469" /></phr></stem><stem n="meaning"><phr n="meaningful"><ent r="3" t="40" w="499" /></phr></stem><stem n="/uncheck"><phr n="/unchecking"><ent r="3" t="40" w="543" /></phr></stem><stem n="front"><phr n="front"><ent r="3" t="40" w="547" /></phr></stem><stem n="-plug-in"><phr n="-Plug-In"><ent r="3" t="41" w="20" /><ent r="3" t="41" w="21" /></phr></stem><stem n="window-plug"><phr n="Window-Plug"><ent r="3" t="41" w="20" /></phr></stem><stem n="window-plug-in"><phr n="Window-Plug-In"><ent r="3" t="41" w="20" /></phr></stem><stem n="abil"><phr n="ability"><ent r="3" t="41" w="25" /></phr></stem><stem n="/hide"><phr n="/Hide"><ent r="3" t="41" w="57" /></phr></stem><stem n="hide"><phr n="Hide"><ent r="3" t="41" w="57" /></phr></stem><stem n="tab"><phr n="tab"><ent r="3" t="41" w="82" /><ent r="3" t="46" w="302" /><ent r="3" t="46" w="414" /><ent r="3" t="46" w="752" /><ent r="4" t="47" w="621" /></phr></stem><stem n="configur"><phr n="Configuration"><ent r="64" t="41" w="112" /><ent r="64" t="42" w="131" /><ent r="64" t="43" w="150" /><ent r="64" t="44" w="176" /><ent r="64" t="45" w="288" /><ent r="1000" t="46" w="3" /><ent r="100" t="46" w="6" /><ent r="102" t="46" w="17" /><ent r="100" t="46" w="22" /></phr></stem><stem n=":pin"><phr n=":Pin"><ent r="100" t="42" w="18" /></phr></stem><stem n=":unpin"><phr n=":Unpin"><ent r="100" t="42" w="22" /></phr></stem><stem n="—the"><phr n="—the"><ent r="3" t="42" w="89" /></phr></stem><stem n="&quot;custom"><phr n="&quot;Custom"><ent r="3" t="42" w="94" /><ent r="3" t="43" w="120" /><ent r="3" t="45" w="193" /><ent r="3" t="46" w="662" /><ent r="3" t="46" w="724" /></phr></stem><stem n="doesn"><phr n="doesn"><ent r="3" t="43" w="94" /></phr></stem><stem n="snapshot"><phr n="snapshot"><ent r="3" t="44" w="80" /></phr></stem><stem n="clear"><phr n="cleared"><ent r="3" t="44" w="108" /></phr><phr n="clears"><ent r="3" t="44" w="135" /></phr></stem><stem n="word"><phr n="words"><ent r="3" t="45" w="110" /><ent r="3" t="61" w="54" /></phr></stem><stem n="know"><phr n="know"><ent r="3" t="45" w="227" /></phr></stem><stem n=":signatur"><phr n=":Signature"><ent r="100" t="46" w="12" /></phr></stem><stem n=":configur"><phr n=":configuration"><ent r="100" t="46" w="22" /></phr></stem><stem n=":option"><phr n=":options"><ent r="100" t="46" w="27" /></phr></stem><stem n="drawn"><phr n="drawn"><ent r="3" t="46" w="85" /><ent r="3" t="46" w="125" /></phr></stem><stem n="fix"><phr n="fixed"><ent r="3" t="46" w="88" /><ent r="3" t="46" w="102" /><ent r="3" t="46" w="128" /><ent r="3" t="46" w="142" /></phr></stem><stem n="-axi"><phr n="-axis"><ent r="3" t="46" w="189" /><ent r="3" t="46" w="189" /></phr></stem><stem n="x"><phr n="x"><ent r="3" t="46" w="189" /></phr></stem><stem n="x-axi"><phr n="x-axis"><ent r="3" t="46" w="189" /></phr></stem><stem n="axi"><phr n="axis"><ent r="3" t="46" w="190" /></phr></stem><stem n="disabl"><phr n="disable"><ent r="3" t="46" w="256" /><ent r="3" t="46" w="367" /></phr></stem><stem n="properti"><phr n="Properties"><ent r="3" t="46" w="283" /><ent r="4" t="46" w="295" /><ent r="3" t="46" w="395" /><ent r="4" t="46" w="407" /></phr></stem><stem n="(right-click"><phr n="(right-click"><ent r="3" t="46" w="287" /><ent r="3" t="46" w="399" /></phr></stem><stem n="rescal"><phr n="Rescale"><ent r="82" t="46" w="314" /><ent r="4" t="46" w="325" /><ent r="4" t="46" w="382" /><ent r="4" t="46" w="420" /></phr><phr n="rescaled"><ent r="3" t="46" w="336" /></phr><phr n="rescaling"><ent r="3" t="46" w="370" /></phr></stem><stem n="auto"><phr n="auto"><ent r="3" t="46" w="369" /></phr></stem><stem n="amplitud"><phr n="amplitudes"><ent r="3" t="46" w="436" /><ent r="3" t="46" w="514" /><ent r="3" t="46" w="594" /><ent r="3" t="46" w="611" /></phr><phr n="amplitude"><ent r="3" t="46" w="446" /><ent r="3" t="46" w="464" /><ent r="3" t="46" w="534" /><ent r="3" t="46" w="556" /><ent r="3" t="46" w="577" /><ent r="3" t="46" w="624" /></phr></stem><stem n="larg"><phr n="large"><ent r="3" t="46" w="463" /><ent r="3" t="46" w="480" /><ent r="3" t="52" w="48" /><ent r="3" t="52" w="59" /></phr></stem><stem n="visual"><phr n="visually"><ent r="3" t="46" w="472" /></phr><phr n="Visualization"><ent r="4" t="60" w="35" /></phr></stem><stem n="shape"><phr n="shape"><ent r="3" t="46" w="475" /><ent r="3" t="59" w="82" /></phr></stem><stem n="albedo"><phr n="albedo"><ent r="3" t="46" w="481" /></phr><phr n="albedos"><ent r="3" t="62" w="181" /></phr></stem><stem n="e"><phr n="e"><ent r="3" t="46" w="483" /><ent r="3" t="57" w="197" /><ent r="3" t="57" w="278" /><ent r="3" t="57" w="302" /><ent r="3" t="57" w="326" /><ent r="3" t="62" w="158" /><ent r="3" t="62" w="182" /><ent r="4" t="63" w="76" /></phr></stem><stem n="g"><phr n="g"><ent r="3" t="46" w="484" /><ent r="3" t="62" w="183" /></phr></stem><stem n=".g."><phr n=".g."><ent r="3" t="46" w="485" /></phr></stem><stem n="bright"><phr n="bright"><ent r="3" t="46" w="486" /><ent r="3" t="62" w="185" /></phr><phr n="brightness"><ent r="3" t="59" w="89" /><ent r="3" t="59" w="143" /><ent r="3" t="62" w="74" /></phr></stem><stem n="vers"><phr n="verses"><ent r="3" t="46" w="490" /><ent r="3" t="46" w="503" /></phr></stem><stem n="deep"><phr n="deep"><ent r="3" t="46" w="496" /><ent r="3" t="62" w="199" /></phr></stem><stem n="shadow"><phr n="shadows"><ent r="3" t="46" w="497" /></phr></stem><stem n="laboratori"><phr n="laboratory"><ent r="3" t="46" w="505" /><ent r="3" t="59" w="308" /><ent r="3" t="62" w="289" /><ent r="3" t="62" w="293" /></phr></stem><stem n="equat"><phr n="equation"><ent r="3" t="46" w="509" /><ent r="3" t="59" w="205" /><ent r="3" t="62" w="46" /></phr></stem><stem n="scaledsigvalu"><phr n="ScaledSigValue"><ent r="3" t="46" w="517" /><ent r="3" t="46" w="529" /></phr></stem><stem n="i"><phr n="i"><ent r="3" t="46" w="518" /><ent r="3" t="46" w="520" /><ent r="3" t="46" w="530" /><ent r="3" t="46" w="539" /><ent r="3" t="46" w="552" /><ent r="3" t="46" w="561" /><ent r="3" t="57" w="196" /><ent r="4" t="57" w="234" /><ent r="4" t="57" w="242" /><ent r="4" t="57" w="255" /><ent r="3" t="57" w="277" /><ent r="4" t="57" w="294" /><ent r="3" t="57" w="301" /><ent r="3" t="57" w="325" /><ent r="3" t="59" w="209" /><ent r="3" t="59" w="213" /><ent r="3" t="59" w="219" /><ent r="3" t="59" w="223" /><ent r="3" t="59" w="235" /><ent r="3" t="59" w="237" /><ent r="3" t="59" w="246" /><ent r="3" t="59" w="248" /><ent r="3" t="59" w="255" /><ent r="3" t="59" w="257" /><ent r="3" t="62" w="157" /></phr></stem><stem n="[i]"><phr n="[i]"><ent r="3" t="46" w="519" /><ent r="3" t="46" w="531" /><ent r="3" t="46" w="553" /></phr></stem><stem n="sigvalu"><phr n="SigValue"><ent r="3" t="46" w="519" /><ent r="3" t="46" w="551" /></phr></stem><stem n="((sigvalue[i]"><phr n="((SigValue[i]"><ent r="3" t="46" w="521" /></phr></stem><stem n="–"><phr n="–"><ent r="3" t="46" w="521" /></phr></stem><stem n="minsigvalu"><phr n="MinSigValue"><ent r="3" t="46" w="521" /><ent r="3" t="46" w="573" /></phr></stem><stem n="sigrang"><phr n="SigRange"><ent r="3" t="46" w="522" /><ent r="3" t="46" w="585" /></phr></stem><stem n="firstsigrang"><phr n="FirstSigRange"><ent r="3" t="46" w="523" /><ent r="3" t="46" w="602" /></phr></stem><stem n="+"><phr n="+"><ent r="3" t="46" w="524" /><ent r="3" t="62" w="60" /></phr></stem><stem n="minfirstsig"><phr n="MinFirstSig"><ent r="3" t="46" w="525" /><ent r="3" t="46" w="620" /></phr></stem><stem n="intens"><phr n="intensity"><ent r="3" t="46" w="536" /><ent r="3" t="46" w="558" /></phr></stem><stem n="th"><phr n="th"><ent r="4" t="46" w="541" /><ent r="4" t="46" w="563" /></phr></stem><stem n="&quot;plot"><phr n="&quot;Plot"><ent r="3" t="46" w="676" /></phr></stem><stem n="&quot;signatur"><phr n="&quot;Signature"><ent r="3" t="46" w="700" /></phr></stem><stem n="caption"><phr n="caption"><ent r="3" t="46" w="702" /></phr></stem><stem n="start"><phr n="starting"><ent r="3" t="46" w="770" /></phr></stem><stem n="-in:"><phr n="-in:"><ent r="4" t="47" w="69" /><ent r="4" t="47" w="69" /></phr></stem><stem n="center"><phr n="centers"><ent r="4" t="47" w="294" /><ent r="3" t="47" w="445" /><ent r="3" t="47" w="480" /><ent r="3" t="47" w="517" /><ent r="3" t="47" w="529" /><ent r="3" t="47" w="532" /></phr><phr n="centered"><ent r="3" t="57" w="300" /></phr><phr n="Center"><ent r="4" t="60" w="57" /></phr></stem><stem n="combo"><phr n="combo"><ent r="4" t="47" w="318" /><ent r="4" t="47" w="362" /></phr></stem><stem n="popul"><phr n="populated"><ent r="4" t="47" w="325" /></phr></stem><stem n="icon"><phr n="icon"><ent r="4" t="47" w="395" /></phr></stem><stem n="“_resampled”"><phr n="“_resampled”"><ent r="3" t="47" w="469" /></phr></stem><stem n="fill"><phr n="fill"><ent r="3" t="47" w="496" /><ent r="3" t="47" w="519" /><ent r="3" t="47" w="544" /><ent r="3" t="47" w="552" /><ent r="3" t="47" w="588" /><ent r="3" t="47" w="599" /></phr></stem><stem n="adequ"><phr n="adequate"><ent r="3" t="47" w="509" /></phr></stem><stem n="cover"><phr n="cover"><ent r="3" t="47" w="513" /><ent r="3" t="62" w="301" /></phr><phr n="covered"><ent r="3" t="47" w="527" /></phr></stem><stem n="inadequ"><phr n="inadequately"><ent r="3" t="47" w="526" /></phr></stem><stem n="present"><phr n="present"><ent r="3" t="47" w="536" /></phr></stem><stem n="’s"><phr n="’s"><ent r="3" t="47" w="565" /><ent r="3" t="47" w="677" /></phr></stem><stem n="keyword"><phr n="keyword"><ent r="3" t="47" w="569" /><ent r="3" t="47" w="575" /><ent r="3" t="47" w="681" /></phr></stem><stem n="fillvalu"><phr n="FillValue"><ent r="3" t="47" w="570" /></phr></stem><stem n="“fillvalue.”"><phr n="“FillValue.”"><ent r="3" t="47" w="571" /></phr></stem><stem n="absenc"><phr n="absence"><ent r="3" t="47" w="572" /></phr></stem><stem n="resampledto"><phr n="ResampledTo"><ent r="3" t="47" w="682" /></phr></stem><stem n="“resampledto.”"><phr n="“ResampledTo.”"><ent r="3" t="47" w="683" /></phr></stem><stem n=":resampl"><phr n=":Resampler"><ent r="100" t="48" w="11" /></phr></stem><stem n="purpos"><phr n="purpose"><ent r="3" t="49" w="13" /></phr></stem><stem n="write"><phr n="writes"><ent r="3" t="49" w="36" /></phr></stem><stem n=".sig"><phr n=".sig"><ent r="3" t="49" w="43" /><ent r="3" t="49" w="148" /></phr></stem><stem n=".sign"><phr n=".sign"><ent r="3" t="49" w="45" /></phr></stem><stem n="sign"><phr n="sign"><ent r="3" t="49" w="45" /><ent r="3" t="49" w="288" /></phr></stem><stem n="-specif"><phr n="-specific"><ent r="3" t="49" w="51" /><ent r="3" t="49" w="51" /></phr></stem><stem n="opticks-specif"><phr n="Opticks-specific"><ent r="3" t="49" w="51" /></phr></stem><stem n="specif"><phr n="specific"><ent r="3" t="49" w="52" /><ent r="3" t="62" w="105" /><ent r="3" t="62" w="311" /></phr></stem><stem n="ascii"><phr n="ASCII"><ent r="3" t="49" w="57" /></phr></stem><stem n="text"><phr n="text"><ent r="3" t="49" w="58" /><ent r="3" t="50" w="273" /></phr></stem><stem n="(1)"><phr n="(1)"><ent r="3" t="49" w="123" /></phr></stem><stem n="(2)"><phr n="(2)"><ent r="3" t="49" w="136" /></phr></stem><stem n="—spectral"><phr n="—Spectral"><ent r="3" t="49" w="284" /></phr></stem><stem n="*.sign"><phr n="*.sign"><ent r="3" t="49" w="288" /></phr></stem><stem n="*.txt)—and"><phr n="*.txt)—and"><ent r="3" t="49" w="290" /></phr></stem><stem n="accordingli"><phr n="accordingly"><ent r="3" t="49" w="302" /></phr></stem><stem n="advis"><phr n="advisable"><ent r="3" t="49" w="311" /><ent r="3" t="50" w="305" /></phr></stem><stem n="warn"><phr n="warning"><ent r="3" t="49" w="439" /><ent r="3" t="50" w="489" /></phr></stem><stem n="simultan"><phr n="simultaneously"><ent r="92" t="49" w="473" /></phr></stem><stem n="describ"><phr n="described"><ent r="3" t="49" w="492" /><ent r="3" t="49" w="515" /></phr></stem><stem n="abov"><phr n="above"><ent r="3" t="49" w="516" /></phr></stem><stem n="much"><phr n="much"><ent r="3" t="50" w="114" /></phr></stem><stem n="quicker"><phr n="quicker"><ent r="3" t="50" w="115" /></phr></stem><stem n="arrow"><phr n="arrow"><ent r="4" t="50" w="237" /></phr></stem><stem n="skip"><phr n="Skip"><ent r="5" t="51" w="57" /><ent r="3" t="51" w="70" /><ent r="3" t="51" w="82" /></phr></stem><stem n="radio"><phr n="radio"><ent r="4" t="51" w="64" /></phr></stem><stem n="(area"><phr n="(Area"><ent r="3" t="52" w="22" /></phr></stem><stem n="(gener"><phr n="(generating"><ent r="3" t="52" w="36" /></phr></stem><stem n="bodi"><phr n="body"><ent r="3" t="52" w="49" /><ent r="3" t="62" w="202" /></phr></stem><stem n="water"><phr n="water"><ent r="3" t="52" w="51" /><ent r="3" t="62" w="201" /></phr></stem><stem n="dry"><phr n="dry"><ent r="3" t="52" w="53" /></phr></stem><stem n="lake"><phr n="lake"><ent r="3" t="52" w="54" /></phr></stem><stem n="bed"><phr n="bed"><ent r="3" t="52" w="55" /></phr></stem><stem n="varianc"><phr n="variances"><ent r="3" t="52" w="60" /></phr></stem><stem n="poor"><phr n="poor"><ent r="3" t="52" w="70" /></phr></stem><stem n="(minimum"><phr n="(Minimum"><ent r="3" t="52" w="82" /></phr></stem><stem n="question"><phr n="questionable"><ent r="3" t="52" w="89" /></phr></stem><stem n="opt"><phr n="opted"><ent r="3" t="53" w="9" /></phr></stem><stem n="hold"><phr n="hold"><ent r="3" t="53" w="72" /></phr></stem><stem n="cursor"><phr n="cursor"><ent r="3" t="53" w="81" /></phr></stem><stem n="(nois"><phr n="(noise"><ent r="3" t="54" w="33" /></phr></stem><stem n="mnfcvm"><phr n="mnfcvm"><ent r="3" t="54" w="39" /></phr></stem><stem n="“.mnfcvm”."><phr n="“.mnfcvm”."><ent r="3" t="54" w="40" /></phr></stem><stem n="etm"><phr n="ETM"><ent r="1000" t="55" w="2" /></phr></stem><stem n="_etm_importer_popup"><phr n="_ETM_Importer_Popup"><ent r="1000" t="55" w="4" /></phr></stem><stem n="popup"><phr n="Popup"><ent r="1000" t="55" w="4" /><ent r="1000" t="56" w="4" /><ent r="1000" t="58" w="2" /></phr></stem><stem n="geolog"><phr n="Geological"><ent r="4" t="55" w="8" /><ent r="4" t="56" w="8" /></phr></stem><stem n="survei"><phr n="Survey"><ent r="4" t="55" w="9" /><ent r="4" t="56" w="9" /></phr></stem><stem n="usg"><phr n="USGS"><ent r="4" t="55" w="10" /><ent r="4" t="55" w="21" /><ent r="4" t="56" w="10" /><ent r="4" t="56" w="21" /></phr></stem><stem n="(usgs),"><phr n="(USGS),"><ent r="4" t="55" w="11" /><ent r="4" t="56" w="11" /></phr></stem><stem n="—a"><phr n="—A"><ent r="5" t="55" w="13" /><ent r="4" t="56" w="13" /></phr></stem><stem n="global"><phr n="Global"><ent r="5" t="55" w="14" /><ent r="4" t="56" w="14" /></phr></stem><stem n="-observ"><phr n="-Observation"><ent r="5" t="55" w="15" /><ent r="5" t="55" w="15" /><ent r="4" t="56" w="15" /><ent r="4" t="56" w="15" /></phr></stem><stem n="land"><phr n="Land"><ent r="5" t="55" w="15" /><ent r="4" t="56" w="15" /></phr></stem><stem n="land-observ"><phr n="Land-Observation"><ent r="5" t="55" w="15" /><ent r="4" t="56" w="15" /></phr></stem><stem n="project"><phr n="Project"><ent r="5" t="55" w="17" /><ent r="4" t="55" w="23" /><ent r="4" t="56" w="17" /><ent r="4" t="56" w="23" /></phr><phr n="projection"><ent r="3" t="57" w="280" /></phr><phr n="projects"><ent r="4" t="60" w="66" /></phr></stem><stem n="http"><phr n="http"><ent r="4" t="55" w="19" /><ent r="4" t="56" w="19" /><ent r="4" t="60" w="61" /><ent r="4" t="60" w="83" /><ent r="4" t="60" w="92" /></phr></stem><stem n="gov"><phr n="gov"><ent r="4" t="55" w="22" /><ent r="4" t="56" w="22" /></phr></stem><stem n="fact"><phr n="facts"><ent r="4" t="55" w="24" /><ent r="4" t="56" w="24" /></phr><phr n="fact"><ent r="4" t="55" w="27" /><ent r="4" t="56" w="27" /></phr></stem><stem n="sheet"><phr n="sheet"><ent r="4" t="55" w="28" /><ent r="4" t="56" w="28" /></phr></stem><stem n="20023"><phr n="20023"><ent r="4" t="55" w="29" /><ent r="4" t="56" w="29" /></phr></stem><stem n="20023-03"><phr n="20023-03"><ent r="4" t="55" w="29" /><ent r="4" t="56" w="29" /></phr></stem><stem n="03"><phr n="03"><ent r="4" t="55" w="30" /><ent r="4" t="56" w="30" /></phr></stem><stem n="pdf"><phr n="pdf"><ent r="4" t="55" w="31" /><ent r="4" t="56" w="31" /><ent r="4" t="60" w="90" /><ent r="4" t="60" w="97" /><ent r="4" t="60" w="99" /></phr></stem><stem n="(http://landsat.usgs.gov/project_facts/files/landsat_fact_sheet_20023-03.pdf)"><phr n="(http://landsat.usgs.gov/project_facts/files/landsat_fact_sheet_20023-03.pdf)"><ent r="4" t="55" w="32" /><ent r="4" t="56" w="32" /></phr></stem><stem n="level"><phr n="Level"><ent r="5" t="55" w="33" /></phr></stem><stem n="book"><phr n="Book"><ent r="5" t="55" w="41" /><ent r="4" t="55" w="45" /></phr></stem><stem n="vol"><phr n="Vol"><ent r="4" t="55" w="43" /><ent r="4" t="60" w="46" /></phr></stem><stem n="_tm_importer_popup"><phr n="_TM_Importer_Popup"><ent r="1000" t="56" w="4" /></phr></stem><stem n="extract"><phr n="extracts"><ent r="3" t="57" w="37" /></phr></stem><stem n="prior"><phr n="prior"><ent r="3" t="57" w="73" /></phr></stem><stem n="none"><phr n="none"><ent r="3" t="57" w="79" /></phr></stem><stem n="launch"><phr n="launches"><ent r="3" t="57" w="84" /></phr></stem><stem n="advantag"><phr n="advantage"><ent r="3" t="57" w="94" /></phr></stem><stem n="subpixel"><phr n="subpixel"><ent r="3" t="57" w="101" /></phr></stem><stem n="construct"><phr n="constructing"><ent r="3" t="57" w="108" /></phr></stem><stem n="oper"><phr n="operator"><ent r="3" t="57" w="111" /></phr><phr n="operate"><ent r="3" t="57" w="263" /></phr></stem><stem n="tri"><phr n="tries"><ent r="3" t="57" w="123" /></phr></stem><stem n="respons"><phr n="response"><ent r="3" t="57" w="127" /><ent r="3" t="57" w="136" /><ent r="3" t="57" w="169" /></phr></stem><stem n="suppress"><phr n="suppressing"><ent r="3" t="57" w="134" /></phr></stem><stem n="f"><phr n="f"><ent r="4" t="57" w="154" /><ent r="4" t="60" w="5" /><ent r="4" t="60" w="25" /></phr></stem><stem n="contribut"><phr n="contribution"><ent r="3" t="57" w="159" /></phr></stem><stem n="(energy)"><phr n="(energy)"><ent r="3" t="57" w="161" /></phr></stem><stem n="strong"><phr n="strong"><ent r="3" t="57" w="168" /></phr></stem><stem n="given"><phr n="given"><ent r="3" t="57" w="182" /></phr></stem><stem n="vector"><phr n="vector"><ent r="3" t="57" w="191" /><ent r="3" t="57" w="247" /><ent r="3" t="59" w="40" /><ent r="3" t="59" w="77" /><ent r="3" t="59" w="112" /><ent r="3" t="59" w="117" /><ent r="3" t="59" w="131" /><ent r="4" t="59" w="139" /></phr><phr n="vectors"><ent r="3" t="59" w="273" /><ent r="3" t="59" w="292" /><ent r="3" t="59" w="304" /></phr></stem><stem n="(i.e.,"><phr n="(i.e.,"><ent r="3" t="57" w="198" /><ent r="3" t="57" w="279" /><ent r="3" t="57" w="303" /><ent r="3" t="57" w="327" /><ent r="3" t="62" w="159" /></phr></stem><stem n="vapor"><phr n="vapor"><ent r="3" t="57" w="203" /></phr></stem><stem n="correl"><phr n="correlation"><ent r="3" t="57" w="213" /><ent r="3" t="57" w="222" /></phr></stem></index>