﻿<?xml version="1.0" encoding="utf-8"?><index><stem n="mark"><phr n="marked"><ent r="3" t="40" w="268" /></phr></stem><stem n="approxim"><phr n="approximate"><ent r="3" t="40" w="301" /></phr><phr n="approximately"><ent r="3" t="60" w="26" /></phr></stem><stem n="classifi"><phr n="classify"><ent r="3" t="40" w="307" /></phr></stem><stem n="intermedi"><phr n="intermediate"><ent r="3" t="40" w="331" /><ent r="3" t="40" w="343" /></phr><phr n="Intermediate"><ent r="4" t="40" w="337" /></phr></stem><stem n="evolv"><phr n="evolve"><ent r="3" t="40" w="352" /></phr></stem><stem n="old"><phr n="old"><ent r="3" t="40" w="416" /></phr></stem><stem n="randomli"><phr n="randomly"><ent r="3" t="40" w="448" /></phr></stem><stem n="time"><phr n="times"><ent r="3" t="40" w="463" /></phr><phr n="time"><ent r="3" t="46" w="228" /><ent r="3" t="60" w="29" /></phr></stem><stem n="look"><phr n="look"><ent r="3" t="40" w="469" /></phr></stem><stem n="meaning"><phr n="meaningful"><ent r="3" t="40" w="499" /></phr></stem><stem n="/uncheck"><phr n="/unchecking"><ent r="3" t="40" w="543" /></phr></stem><stem n="checking/uncheck"><phr n="checking/unchecking"><ent r="3" t="40" w="543" /><ent r="3" t="40" w="542" /></phr></stem><stem n="front"><phr n="front"><ent r="3" t="40" w="547" /></phr></stem><stem n="-plug-in"><phr n="-Plug-In"><ent r="3" t="41" w="20" /><ent r="3" t="41" w="21" /></phr></stem><stem n="window-plug"><phr n="Window-Plug"><ent r="3" t="41" w="20" /></phr></stem><stem n="window-plug-in"><phr n="Window-Plug-In"><ent r="3" t="41" w="20" /></phr></stem><stem n="abil"><phr n="ability"><ent r="3" t="41" w="25" /></phr></stem><stem n="/hide"><phr n="/Hide"><ent r="3" t="41" w="57" /></phr></stem><stem n="show/hid"><phr n="Show/Hide"><ent r="3" t="41" w="57" /><ent r="3" t="41" w="56" /></phr></stem><stem n="hide"><phr n="Hide"><ent r="3" t="41" w="57" /></phr></stem><stem n="tab"><phr n="tab"><ent r="3" t="41" w="82" /><ent r="3" t="46" w="304" /><ent r="3" t="46" w="642" /></phr></stem><stem n="configur"><phr n="Configuration"><ent r="64" t="41" w="112" /><ent r="64" t="42" w="131" /><ent r="64" t="43" w="150" /><ent r="64" t="44" w="176" /><ent r="64" t="45" w="288" /><ent r="1000" t="46" w="3" /><ent r="102" t="46" w="17" /></phr><phr n="configuration"><ent r="100" t="46" w="6" /><ent r="100" t="46" w="22" /></phr></stem><stem n=":pin"><phr n=":Pin"><ent r="100" t="42" w="18" /></phr></stem><stem n=":unpin"><phr n=":Unpin"><ent r="100" t="42" w="22" /></phr></stem><stem n="—the"><phr n="—the"><ent r="3" t="42" w="89" /></phr></stem><stem n="&quot;custom"><phr n="&quot;Custom"><ent r="3" t="42" w="94" /><ent r="3" t="43" w="120" /><ent r="3" t="45" w="193" /><ent r="3" t="46" w="552" /><ent r="3" t="46" w="614" /></phr></stem><stem n="doesn"><phr n="doesn"><ent r="3" t="43" w="94" /></phr></stem><stem n="doesn't"><phr n="doesn't"><ent r="3" t="43" w="95" /><ent r="3" t="43" w="94" /></phr></stem><stem n="snapshot"><phr n="snapshot"><ent r="3" t="44" w="80" /></phr></stem><stem n="clear"><phr n="cleared"><ent r="3" t="44" w="108" /></phr><phr n="clears"><ent r="3" t="44" w="135" /></phr></stem><stem n="word"><phr n="words"><ent r="3" t="45" w="110" /><ent r="3" t="59" w="54" /></phr></stem><stem n="know"><phr n="know"><ent r="3" t="45" w="227" /></phr></stem><stem n=":signatur"><phr n=":Signature"><ent r="100" t="46" w="12" /></phr></stem><stem n=":configur"><phr n=":configuration"><ent r="100" t="46" w="22" /></phr></stem><stem n=":option"><phr n=":options"><ent r="100" t="46" w="27" /></phr></stem><stem n="drawn"><phr n="drawn"><ent r="3" t="46" w="85" /><ent r="3" t="46" w="125" /></phr></stem><stem n="fix"><phr n="fixed"><ent r="3" t="46" w="88" /><ent r="3" t="46" w="102" /><ent r="3" t="46" w="128" /><ent r="3" t="46" w="142" /></phr></stem><stem n="-axi"><phr n="-axis"><ent r="3" t="46" w="189" /><ent r="3" t="46" w="189" /></phr></stem><stem n="x"><phr n="x"><ent r="3" t="46" w="189" /></phr></stem><stem n="x-axi"><phr n="x-axis"><ent r="3" t="46" w="189" /></phr></stem><stem n="axi"><phr n="axis"><ent r="3" t="46" w="190" /></phr></stem><stem n="rescal"><phr n="Rescale"><ent r="82" t="46" w="204" /><ent r="4" t="46" w="215" /><ent r="4" t="46" w="272" /><ent r="4" t="46" w="310" /></phr><phr n="rescaled"><ent r="3" t="46" w="226" /></phr><phr n="rescaling"><ent r="3" t="46" w="260" /></phr></stem><stem n="disabl"><phr n="disable"><ent r="3" t="46" w="257" /></phr></stem><stem n="auto"><phr n="auto"><ent r="3" t="46" w="259" /></phr></stem><stem n="properti"><phr n="Properties"><ent r="3" t="46" w="285" /><ent r="4" t="46" w="297" /></phr></stem><stem n="(right-click"><phr n="(right-click"><ent r="3" t="46" w="289" /></phr></stem><stem n="amplitud"><phr n="amplitudes"><ent r="3" t="46" w="326" /><ent r="3" t="46" w="404" /><ent r="3" t="46" w="484" /><ent r="3" t="46" w="501" /></phr><phr n="amplitude"><ent r="3" t="46" w="336" /><ent r="3" t="46" w="354" /><ent r="3" t="46" w="424" /><ent r="3" t="46" w="446" /><ent r="3" t="46" w="467" /><ent r="3" t="46" w="514" /></phr></stem><stem n="larg"><phr n="large"><ent r="3" t="46" w="353" /><ent r="3" t="46" w="370" /><ent r="3" t="50" w="48" /><ent r="3" t="50" w="59" /></phr></stem><stem n="visual"><phr n="visually"><ent r="3" t="46" w="362" /></phr><phr n="Visualization"><ent r="4" t="58" w="35" /></phr></stem><stem n="shape"><phr n="shape"><ent r="3" t="46" w="365" /><ent r="3" t="57" w="82" /></phr></stem><stem n="albedo"><phr n="albedo"><ent r="3" t="46" w="371" /></phr><phr n="albedos"><ent r="3" t="60" w="181" /></phr></stem><stem n="e"><phr n="e"><ent r="3" t="46" w="373" /><ent r="3" t="55" w="197" /><ent r="3" t="55" w="278" /><ent r="3" t="55" w="302" /><ent r="3" t="55" w="326" /><ent r="3" t="60" w="158" /><ent r="3" t="60" w="182" /></phr><phr n="E"><ent r="4" t="61" w="76" /></phr></stem><stem n="e.g"><phr n="e.g"><ent r="3" t="46" w="374" /><ent r="3" t="46" w="373" /><ent r="3" t="60" w="183" /><ent r="3" t="60" w="182" /></phr></stem><stem n="g"><phr n="g"><ent r="3" t="46" w="374" /><ent r="3" t="60" w="183" /></phr></stem><stem n="e.g."><phr n="e.g."><ent r="3" t="46" w="374" /><ent r="3" t="46" w="373" /><ent r="3" t="60" w="183" /><ent r="3" t="60" w="182" /></phr></stem><stem n=".g."><phr n=".g."><ent r="3" t="46" w="375" /></phr></stem><stem n="bright"><phr n="bright"><ent r="3" t="46" w="376" /><ent r="3" t="60" w="185" /></phr><phr n="brightness"><ent r="3" t="57" w="89" /><ent r="3" t="57" w="143" /><ent r="3" t="60" w="74" /></phr></stem><stem n="vers"><phr n="verses"><ent r="3" t="46" w="380" /><ent r="3" t="46" w="393" /></phr></stem><stem n="deep"><phr n="deep"><ent r="3" t="46" w="386" /><ent r="3" t="60" w="199" /></phr></stem><stem n="shadow"><phr n="shadows"><ent r="3" t="46" w="387" /></phr></stem><stem n="laboratori"><phr n="laboratory"><ent r="3" t="46" w="395" /><ent r="3" t="57" w="308" /><ent r="3" t="60" w="289" /><ent r="3" t="60" w="293" /></phr></stem><stem n="equat"><phr n="equation"><ent r="3" t="46" w="399" /><ent r="3" t="57" w="205" /><ent r="3" t="60" w="46" /></phr></stem><stem n="scaledsigvalu"><phr n="ScaledSigValue"><ent r="3" t="46" w="407" /><ent r="3" t="46" w="419" /></phr></stem><stem n="i"><phr n="i"><ent r="3" t="46" w="408" /><ent r="3" t="46" w="410" /><ent r="3" t="46" w="420" /><ent r="3" t="46" w="429" /><ent r="3" t="46" w="442" /><ent r="3" t="46" w="451" /><ent r="3" t="55" w="196" /><ent r="4" t="55" w="234" /><ent r="4" t="55" w="242" /><ent r="4" t="55" w="255" /><ent r="3" t="55" w="277" /><ent r="4" t="55" w="294" /><ent r="3" t="55" w="301" /><ent r="3" t="55" w="325" /><ent r="3" t="57" w="209" /><ent r="3" t="57" w="213" /><ent r="3" t="57" w="219" /><ent r="3" t="57" w="223" /><ent r="3" t="57" w="235" /><ent r="3" t="57" w="237" /><ent r="3" t="57" w="246" /><ent r="3" t="57" w="248" /><ent r="3" t="57" w="255" /><ent r="3" t="57" w="257" /><ent r="3" t="60" w="157" /></phr></stem><stem n="[i]"><phr n="[i]"><ent r="3" t="46" w="409" /><ent r="3" t="46" w="421" /><ent r="3" t="46" w="443" /></phr></stem><stem n="sigvalu"><phr n="SigValue"><ent r="3" t="46" w="409" /><ent r="3" t="46" w="441" /></phr></stem><stem n="((sigvalue[i]"><phr n="((SigValue[i]"><ent r="3" t="46" w="411" /></phr></stem><stem n="–"><phr n="–"><ent r="3" t="46" w="411" /></phr></stem><stem n="minsigvalu"><phr n="MinSigValue"><ent r="3" t="46" w="411" /><ent r="3" t="46" w="463" /></phr></stem><stem n="sigrang"><phr n="SigRange"><ent r="3" t="46" w="412" /><ent r="3" t="46" w="475" /></phr></stem><stem n="firstsigrang"><phr n="FirstSigRange"><ent r="3" t="46" w="413" /><ent r="3" t="46" w="492" /></phr></stem><stem n="+"><phr n="+"><ent r="3" t="46" w="414" /><ent r="3" t="60" w="60" /></phr></stem><stem n="minfirstsig"><phr n="MinFirstSig"><ent r="3" t="46" w="415" /><ent r="3" t="46" w="510" /></phr></stem><stem n="intens"><phr n="intensity"><ent r="3" t="46" w="426" /><ent r="3" t="46" w="448" /></phr></stem><stem n="th"><phr n="th"><ent r="4" t="46" w="431" /><ent r="4" t="46" w="453" /></phr></stem><stem n="&quot;plot"><phr n="&quot;Plot"><ent r="3" t="46" w="566" /></phr></stem><stem n="&quot;signatur"><phr n="&quot;Signature"><ent r="3" t="46" w="590" /></phr></stem><stem n="caption"><phr n="caption"><ent r="3" t="46" w="592" /></phr></stem><stem n="start"><phr n="starting"><ent r="3" t="46" w="660" /></phr></stem><stem n="purpos"><phr n="purpose"><ent r="3" t="47" w="13" /></phr></stem><stem n="write"><phr n="writes"><ent r="3" t="47" w="36" /></phr></stem><stem n=".sig"><phr n=".sig"><ent r="3" t="47" w="43" /><ent r="3" t="47" w="148" /></phr></stem><stem n=".sign"><phr n=".sign"><ent r="3" t="47" w="45" /></phr></stem><stem n="sign"><phr n="sign"><ent r="3" t="47" w="45" /><ent r="3" t="47" w="288" /></phr></stem><stem n="-specif"><phr n="-specific"><ent r="3" t="47" w="51" /><ent r="3" t="47" w="51" /></phr></stem><stem n="opticks-specif"><phr n="Opticks-specific"><ent r="3" t="47" w="51" /></phr></stem><stem n="specif"><phr n="specific"><ent r="3" t="47" w="52" /><ent r="3" t="60" w="105" /></phr><phr n="Specific"><ent r="3" t="60" w="311" /></phr></stem><stem n="ascii"><phr n="ASCII"><ent r="3" t="47" w="57" /></phr></stem><stem n="text"><phr n="text"><ent r="3" t="47" w="58" /><ent r="3" t="48" w="273" /></phr></stem><stem n="(1)"><phr n="(1)"><ent r="3" t="47" w="123" /></phr></stem><stem n="(2)"><phr n="(2)"><ent r="3" t="47" w="136" /></phr></stem><stem n="—spectral"><phr n="—Spectral"><ent r="3" t="47" w="284" /></phr></stem><stem n="*.sign"><phr n="*.sign"><ent r="3" t="47" w="288" /></phr></stem><stem n="*.txt)—and"><phr n="*.txt)—and"><ent r="3" t="47" w="290" /></phr></stem><stem n="accordingli"><phr n="accordingly"><ent r="3" t="47" w="302" /></phr></stem><stem n="advis"><phr n="advisable"><ent r="3" t="47" w="311" /><ent r="3" t="48" w="305" /></phr></stem><stem n="warn"><phr n="warning"><ent r="3" t="47" w="439" /><ent r="3" t="48" w="489" /></phr></stem><stem n="simultan"><phr n="simultaneously"><ent r="92" t="47" w="473" /></phr></stem><stem n="describ"><phr n="described"><ent r="3" t="47" w="492" /><ent r="3" t="47" w="515" /></phr></stem><stem n="abov"><phr n="above"><ent r="3" t="47" w="516" /></phr></stem><stem n="much"><phr n="much"><ent r="3" t="48" w="114" /></phr></stem><stem n="quicker"><phr n="quicker"><ent r="3" t="48" w="115" /></phr></stem><stem n="arrow"><phr n="arrow"><ent r="4" t="48" w="237" /></phr></stem><stem n="skip"><phr n="Skip"><ent r="5" t="49" w="57" /><ent r="3" t="49" w="70" /></phr><phr n="skip"><ent r="3" t="49" w="82" /></phr></stem><stem n="radio"><phr n="radio"><ent r="4" t="49" w="64" /></phr></stem><stem n="(area"><phr n="(Area"><ent r="3" t="50" w="22" /></phr></stem><stem n="(gener"><phr n="(generating"><ent r="3" t="50" w="36" /></phr></stem><stem n="bodi"><phr n="body"><ent r="3" t="50" w="49" /><ent r="3" t="60" w="202" /></phr></stem><stem n="water"><phr n="water"><ent r="3" t="50" w="51" /><ent r="3" t="60" w="201" /></phr></stem><stem n="dry"><phr n="dry"><ent r="3" t="50" w="53" /></phr></stem><stem n="lake"><phr n="lake"><ent r="3" t="50" w="54" /></phr></stem><stem n="bed"><phr n="bed"><ent r="3" t="50" w="55" /></phr></stem><stem n="varianc"><phr n="variances"><ent r="3" t="50" w="60" /></phr></stem><stem n="poor"><phr n="poor"><ent r="3" t="50" w="70" /></phr></stem><stem n="(minimum"><phr n="(Minimum"><ent r="3" t="50" w="82" /></phr></stem><stem n="question"><phr n="questionable"><ent r="3" t="50" w="89" /></phr></stem><stem n="opt"><phr n="opted"><ent r="3" t="51" w="9" /></phr></stem><stem n="hold"><phr n="hold"><ent r="3" t="51" w="72" /></phr></stem><stem n="cursor"><phr n="cursor"><ent r="3" t="51" w="81" /></phr></stem><stem n="(nois"><phr n="(noise"><ent r="3" t="52" w="33" /></phr></stem><stem n="mnfcvm"><phr n="mnfcvm"><ent r="3" t="52" w="39" /></phr></stem><stem n="“.mnfcvm”."><phr n="“.mnfcvm”."><ent r="3" t="52" w="40" /></phr></stem><stem n="landsat_etm"><phr n="Landsat_ETM"><ent r="1000" t="53" w="2" /><ent r="1000" t="53" w="1" /></phr></stem><stem n="etm"><phr n="ETM"><ent r="1000" t="53" w="2" /></phr></stem><stem n="landsat_etm_import"><phr n="Landsat_ETM_Importer"><ent r="1000" t="53" w="3" /><ent r="1000" t="53" w="1" /></phr></stem><stem n="_etm_importer_popup"><phr n="_ETM_Importer_Popup"><ent r="1000" t="53" w="4" /></phr></stem><stem n="landsat_etm_importer_popup"><phr n="Landsat_ETM_Importer_Popup"><ent r="1000" t="53" w="4" /><ent r="1000" t="53" w="1" /></phr></stem><stem n="popup"><phr n="Popup"><ent r="1000" t="53" w="4" /><ent r="1000" t="54" w="4" /><ent r="1000" t="56" w="2" /></phr></stem><stem n="geolog"><phr n="Geological"><ent r="4" t="53" w="8" /><ent r="4" t="54" w="8" /></phr></stem><stem n="survei"><phr n="Survey"><ent r="4" t="53" w="9" /><ent r="4" t="54" w="9" /></phr></stem><stem n="usg"><phr n="USGS"><ent r="4" t="53" w="10" /><ent r="4" t="54" w="10" /></phr><phr n="usgs"><ent r="4" t="53" w="21" /><ent r="4" t="54" w="21" /></phr></stem><stem n="(usgs),"><phr n="(USGS),"><ent r="4" t="53" w="11" /><ent r="4" t="54" w="11" /></phr></stem><stem n="—a"><phr n="—A"><ent r="5" t="53" w="13" /><ent r="4" t="54" w="13" /></phr></stem><stem n="global"><phr n="Global"><ent r="5" t="53" w="14" /><ent r="4" t="54" w="14" /></phr></stem><stem n="-observ"><phr n="-Observation"><ent r="5" t="53" w="15" /><ent r="5" t="53" w="15" /><ent r="4" t="54" w="15" /><ent r="4" t="54" w="15" /></phr></stem><stem n="land"><phr n="Land"><ent r="5" t="53" w="15" /><ent r="4" t="54" w="15" /></phr></stem><stem n="land-observ"><phr n="Land-Observation"><ent r="5" t="53" w="15" /><ent r="4" t="54" w="15" /></phr></stem><stem n="project"><phr n="Project"><ent r="5" t="53" w="17" /><ent r="4" t="54" w="17" /></phr><phr n="project"><ent r="4" t="53" w="23" /><ent r="4" t="54" w="23" /></phr><phr n="projection"><ent r="3" t="55" w="280" /></phr><phr n="projects"><ent r="4" t="58" w="66" /></phr></stem><stem n="http"><phr n="http"><ent r="4" t="53" w="19" /><ent r="4" t="54" w="19" /><ent r="4" t="58" w="61" /><ent r="4" t="58" w="83" /><ent r="4" t="58" w="92" /></phr></stem><stem n="landsat.usg"><phr n="landsat.usgs"><ent r="4" t="53" w="21" /><ent r="4" t="53" w="20" /><ent r="4" t="54" w="21" /><ent r="4" t="54" w="20" /></phr></stem><stem n="landsat.usgs.gov"><phr n="landsat.usgs.gov"><ent r="4" t="53" w="22" /><ent r="4" t="53" w="20" /><ent r="4" t="54" w="22" /><ent r="4" t="54" w="20" /></phr></stem><stem n="gov"><phr n="gov"><ent r="4" t="53" w="22" /><ent r="4" t="54" w="22" /></phr></stem><stem n="landsat.usgs.gov/project"><phr n="landsat.usgs.gov/project"><ent r="4" t="53" w="23" /><ent r="4" t="53" w="20" /><ent r="4" t="54" w="23" /><ent r="4" t="54" w="20" /></phr></stem><stem n="landsat.usgs.gov/project_fact"><phr n="landsat.usgs.gov/project_facts"><ent r="4" t="53" w="24" /><ent r="4" t="53" w="20" /><ent r="4" t="54" w="24" /><ent r="4" t="54" w="20" /></phr></stem><stem n="fact"><phr n="facts"><ent r="4" t="53" w="24" /><ent r="4" t="54" w="24" /></phr><phr n="fact"><ent r="4" t="53" w="27" /><ent r="4" t="54" w="27" /></phr></stem><stem n="landsat.usgs.gov/project_facts/fil"><phr n="landsat.usgs.gov/project_facts/files"><ent r="4" t="53" w="25" /><ent r="4" t="53" w="20" /><ent r="4" t="54" w="25" /><ent r="4" t="54" w="20" /></phr></stem><stem n="landsat.usgs.gov/project_facts/files/landsat"><phr n="landsat.usgs.gov/project_facts/files/landsat"><ent r="4" t="53" w="26" /><ent r="4" t="53" w="20" /><ent r="4" t="54" w="26" /><ent r="4" t="54" w="20" /></phr></stem><stem n="landsat.usgs.gov/project_facts/files/landsat_fact"><phr n="landsat.usgs.gov/project_facts/files/landsat_fact"><ent r="4" t="53" w="27" /><ent r="4" t="53" w="20" /><ent r="4" t="54" w="27" /><ent r="4" t="54" w="20" /></phr></stem><stem n="landsat.usgs.gov/project_facts/files/landsat_fact_sheet"><phr n="landsat.usgs.gov/project_facts/files/landsat_fact_sheet"><ent r="4" t="53" w="28" /><ent r="4" t="53" w="20" /><ent r="4" t="54" w="28" /><ent r="4" t="54" w="20" /></phr></stem><stem n="sheet"><phr n="sheet"><ent r="4" t="53" w="28" /><ent r="4" t="54" w="28" /></phr></stem><stem n="20023"><phr n="20023"><ent r="4" t="53" w="29" /><ent r="4" t="54" w="29" /></phr></stem><stem n="20023-03"><phr n="20023-03"><ent r="4" t="53" w="29" /><ent r="4" t="54" w="29" /></phr></stem><stem n="03"><phr n="03"><ent r="4" t="53" w="30" /><ent r="4" t="54" w="30" /></phr></stem><stem n="landsat.usgs.gov/project_facts/files/landsat_fact_sheet_20023-03.pdf"><phr n="landsat.usgs.gov/project_facts/files/landsat_fact_sheet_20023-03.pdf"><ent r="4" t="53" w="31" /><ent r="4" t="53" w="20" /><ent r="4" t="54" w="31" /><ent r="4" t="54" w="20" /></phr></stem><stem n="pdf"><phr n="pdf"><ent r="4" t="53" w="31" /><ent r="4" t="54" w="31" /><ent r="4" t="58" w="90" /><ent r="4" t="58" w="97" /><ent r="4" t="58" w="99" /></phr></stem><stem n="(http://landsat.usgs.gov/project_facts/files/landsat_fact_sheet_20023-03.pdf)"><phr n="(http://landsat.usgs.gov/project_facts/files/landsat_fact_sheet_20023-03.pdf)"><ent r="4" t="53" w="32" /><ent r="4" t="54" w="32" /></phr></stem><stem n="level"><phr n="Level"><ent r="5" t="53" w="33" /></phr></stem><stem n="book"><phr n="Book"><ent r="5" t="53" w="41" /><ent r="4" t="53" w="45" /></phr></stem><stem n="vol"><phr n="Vol"><ent r="4" t="53" w="43" /><ent r="4" t="58" w="46" /></phr></stem><stem n="landsat_tm"><phr n="Landsat_TM"><ent r="1000" t="54" w="2" /><ent r="1000" t="54" w="1" /></phr></stem><stem n="landsat_tm_import"><phr n="Landsat_TM_Importer"><ent r="1000" t="54" w="3" /><ent r="1000" t="54" w="1" /></phr></stem><stem n="_tm_importer_popup"><phr n="_TM_Importer_Popup"><ent r="1000" t="54" w="4" /></phr></stem><stem n="landsat_tm_importer_popup"><phr n="Landsat_TM_Importer_Popup"><ent r="1000" t="54" w="4" /><ent r="1000" t="54" w="1" /></phr></stem><stem n="extract"><phr n="extracts"><ent r="3" t="55" w="37" /></phr></stem><stem n="prior"><phr n="prior"><ent r="3" t="55" w="73" /></phr></stem><stem n="none"><phr n="none"><ent r="3" t="55" w="79" /></phr></stem><stem n="launch"><phr n="launches"><ent r="3" t="55" w="84" /></phr></stem><stem n="advantag"><phr n="advantage"><ent r="3" t="55" w="94" /></phr></stem><stem n="subpixel"><phr n="subpixel"><ent r="3" t="55" w="101" /></phr></stem><stem n="construct"><phr n="constructing"><ent r="3" t="55" w="108" /></phr></stem><stem n="oper"><phr n="operator"><ent r="3" t="55" w="111" /></phr><phr n="operate"><ent r="3" t="55" w="263" /></phr></stem><stem n="tri"><phr n="tries"><ent r="3" t="55" w="123" /></phr></stem><stem n="respons"><phr n="response"><ent r="3" t="55" w="127" /><ent r="3" t="55" w="136" /><ent r="3" t="55" w="169" /></phr></stem><stem n="suppress"><phr n="suppressing"><ent r="3" t="55" w="134" /></phr></stem><stem n="f"><phr n="f"><ent r="4" t="55" w="154" /></phr><phr n="F"><ent r="4" t="58" w="5" /><ent r="4" t="58" w="25" /></phr></stem><stem n="contribut"><phr n="contribution"><ent r="3" t="55" w="159" /></phr></stem><stem n="(energy)"><phr n="(energy)"><ent r="3" t="55" w="161" /></phr></stem><stem n="strong"><phr n="strong"><ent r="3" t="55" w="168" /></phr></stem><stem n="given"><phr n="given"><ent r="3" t="55" w="182" /></phr></stem><stem n="vector"><phr n="vector"><ent r="3" t="55" w="191" /><ent r="3" t="55" w="247" /><ent r="3" t="57" w="40" /><ent r="3" t="57" w="77" /><ent r="3" t="57" w="112" /><ent r="3" t="57" w="117" /><ent r="3" t="57" w="131" /><ent r="4" t="57" w="139" /></phr><phr n="vectors"><ent r="3" t="57" w="273" /><ent r="3" t="57" w="292" /><ent r="3" t="57" w="304" /></phr></stem><stem n="i."><phr n="i.e"><ent r="3" t="55" w="197" /><ent r="3" t="55" w="196" /><ent r="3" t="55" w="278" /><ent r="3" t="55" w="277" /><ent r="3" t="55" w="302" /><ent r="3" t="55" w="301" /><ent r="3" t="55" w="326" /><ent r="3" t="55" w="325" /><ent r="3" t="60" w="158" /><ent r="3" t="60" w="157" /></phr></stem><stem n="i.e."><phr n="i.e."><ent r="3" t="55" w="197" /><ent r="3" t="55" w="196" /><ent r="3" t="55" w="278" /><ent r="3" t="55" w="277" /><ent r="3" t="55" w="302" /><ent r="3" t="55" w="301" /><ent r="3" t="55" w="326" /><ent r="3" t="55" w="325" /><ent r="3" t="60" w="158" /><ent r="3" t="60" w="157" /></phr></stem><stem n="(i.e.,"><phr n="(i.e.,"><ent r="3" t="55" w="198" /><ent r="3" t="55" w="279" /><ent r="3" t="55" w="303" /><ent r="3" t="55" w="327" /><ent r="3" t="60" w="159" /></phr></stem><stem n="vapor"><phr n="vapor"><ent r="3" t="55" w="203" /></phr></stem><stem n="correl"><phr n="correlation"><ent r="3" t="55" w="213" /><ent r="3" t="55" w="222" /></phr></stem><stem n="(measurements)."><phr n="(measurements)."><ent r="3" t="55" w="220" /></phr></stem><stem n="n"><phr n="N"><ent r="4" t="55" w="236" /></phr><phr n="n"><ent r="3" t="57" w="43" /><ent r="4" t="57" w="48" /><ent r="3" t="57" w="216" /><ent r="3" t="57" w="226" /></phr></stem><stem n=",…,n,"><phr n=",…,N,"><ent r="4" t="55" w="237" /></phr></stem><stem n="r"><phr n="r"><ent r="4" t="55" w="240" /><ent r="4" t="55" w="292" /></phr><phr n="R"><ent r="4" t="61" w="5" /></phr></stem><stem n="produc"><phr n="produce"><ent r="3" t="55" w="272" /></phr></stem><stem n="&quot;cem"><phr n="&quot;CEM"><ent r="3" t="55" w="274" /></phr></stem><stem n="score"><phr n="score"><ent r="3" t="55" w="275" /></phr></stem><stem n="-center"><phr n="-centered"><ent r="3" t="55" w="299" /><ent r="3" t="55" w="299" /></phr></stem><stem n="mean-cent"><phr n="mean-centered"><ent r="3" t="55" w="299" /></phr></stem><stem n="center"><phr n="centered"><ent r="3" t="55" w="300" /></phr><phr n="Center"><ent r="4" t="58" w="57" /></phr></stem><stem n="spectrometri"><phr n="spectrometry"><ent r="3" t="55" w="316" /></phr></stem><stem n="assum"><phr n="assumed"><ent r="3" t="55" w="321" /></phr></stem><stem n="stationari"><phr n="stationary"><ent r="3" t="55" w="324" /></phr></stem><stem n="air"><phr n="air"><ent r="3" t="55" w="335" /></phr></stem><stem n="well"><phr n="well"><ent r="3" t="55" w="345" /></phr></stem><stem n="well-condit"><phr n="well-conditioned"><ent r="3" t="55" w="345" /></phr></stem><stem n="condit"><phr n="conditioned"><ent r="3" t="55" w="346" /></phr></stem><stem n="-conditioned,"><phr n="-conditioned,"><ent r="3" t="55" w="347" /><ent r="3" t="55" w="347" /></phr></stem><stem n="so"><phr n="so"><ent r="3" t="55" w="347" /></phr><phr n="So"><ent r="3" t="59" w="37" /><ent r="3" t="59" w="68" /></phr></stem><stem n="singular"><phr n="singular"><ent r="3" t="55" w="354" /></phr></stem><stem n="decomposit"><phr n="decomposition"><ent r="3" t="55" w="356" /></phr></stem><stem n="eigenvalu"><phr n="eigenvalue"><ent r="3" t="55" w="366" /></phr></stem><stem n="/eigenvector"><phr n="/eigenvector"><ent r="3" t="55" w="367" /></phr></stem><stem n="eigenvalue/eigenvector"><phr n="eigenvalue/eigenvector"><ent r="3" t="55" w="367" /><ent r="3" t="55" w="366" /></phr></stem><stem n="eigenvector"><phr n="eigenvector"><ent r="3" t="55" w="367" /></phr></stem><stem n="_popup"><phr n="_Popup"><ent r="1000" t="56" w="2" /></phr></stem><stem n="cem_popup"><phr n="CEM_Popup"><ent r="1000" t="56" w="2" /><ent r="1000" t="56" w="1" /></phr></stem><stem n="techniqu"><phr n="technique"><ent r="4" t="56" w="15" /></phr></stem><stem n="harsanyi"><phr n="Harsanyi"><ent r="4" t="56" w="16" /></phr></stem><stem n="(harsanyi,"><phr n="(Harsanyi,"><ent r="4" t="56" w="17" /></phr></stem><stem n="1993"><phr n="1993"><ent r="4" t="56" w="17" /><ent r="4" t="58" w="27" /></phr></stem><stem n="&quot;local"><phr n="&quot;Locally"><ent r="4" t="56" w="19" /></phr></stem><stem n="aviri"><phr n="AVIRIS"><ent r="4" t="56" w="25" /></phr></stem><stem n=",&quot;"><phr n=",&quot;"><ent r="4" t="56" w="27" /><ent r="4" t="58" w="42" /><ent r="4" t="61" w="37" /><ent r="4" t="61" w="68" /></phr></stem><stem n="dmitri"><phr n="Dmitry"><ent r="4" t="56" w="27" /></phr></stem><stem n="frolov"><phr n="Frolov"><ent r="4" t="56" w="28" /></phr></stem><stem n="randal"><phr n="Randall"><ent r="4" t="56" w="30" /></phr></stem><stem n="b"><phr n="B"><ent r="4" t="56" w="31" /><ent r="4" t="58" w="9" /><ent r="4" t="58" w="15" /><ent r="3" t="60" w="61" /><ent r="3" t="60" w="123" /></phr></stem><stem n="smith"><phr n="Smith"><ent r="4" t="56" w="32" /></phr></stem><stem n="microimag"><phr n="MicroImages"><ent r="4" t="56" w="33" /></phr></stem><stem n="inc"><phr n="Inc"><ent r="4" t="56" w="34" /><ent r="4" t="58" w="82" /></phr></stem><stem n="endmemb"><phr n="endmember"><ent r="3" t="57" w="33" /></phr></stem><stem n="-dimension"><phr n="-dimensional"><ent r="3" t="57" w="43" /><ent r="3" t="57" w="43" /></phr></stem><stem n="n-dimension"><phr n="n-dimensional"><ent r="3" t="57" w="43" /></phr></stem><stem n="dimension"><phr n="dimensional"><ent r="3" t="57" w="44" /></phr></stem><stem n="direct"><phr n="direction"><ent r="4" t="57" w="69" /><ent r="4" t="57" w="133" /><ent r="3" t="57" w="269" /></phr></stem><stem n="insensit"><phr n="insensitive"><ent r="3" t="57" w="121" /><ent r="3" t="57" w="283" /></phr></stem><stem n="illumin"><phr n="illumination"><ent r="3" t="57" w="123" /><ent r="3" t="57" w="336" /></phr></stem><stem n="length"><phr n="length"><ent r="4" t="57" w="140" /><ent r="3" t="57" w="277" /></phr><phr n="lengths"><ent r="4" t="57" w="300" /></phr></stem><stem n="(in"><phr n="(in"><ent r="3" t="57" w="159" /></phr></stem><stem n="consist"><phr n="consists"><ent r="3" t="57" w="167" /></phr></stem><stem n="take"><phr n="taking"><ent r="3" t="57" w="169" /></phr></stem><stem n="arccosin"><phr n="arccosine"><ent r="3" t="57" w="171" /></phr></stem><stem n="dot"><phr n="dot"><ent r="3" t="57" w="174" /></phr></stem><stem n="&quot;spectral"><phr n="&quot;spectral"><ent r="3" t="57" w="188" /></phr></stem><stem n="&quot;)"><phr n="&quot;)"><ent r="3" t="57" w="190" /></phr></stem><stem n="(input"><phr n="(input"><ent r="3" t="57" w="195" /></phr></stem><stem n="(i)"><phr n="(i)"><ent r="3" t="57" w="210" /><ent r="3" t="57" w="220" /></phr></stem><stem n="(i"><phr n="(i"><ent r="3" t="57" w="213" /><ent r="3" t="57" w="223" /></phr></stem><stem n="|t|"><phr n="|T|"><ent r="3" t="57" w="228" /><ent r="3" t="57" w="258" /></phr></stem><stem n="squar"><phr n="square"><ent r="3" t="57" w="229" /><ent r="3" t="57" w="240" /></phr></stem><stem n="root"><phr n="root"><ent r="3" t="57" w="230" /><ent r="3" t="57" w="241" /></phr></stem><stem n="(t(i)"><phr n="(T(i)"><ent r="3" t="57" w="236" /></phr></stem><stem n="(i))"><phr n="(i))"><ent r="3" t="57" w="238" /><ent r="3" t="57" w="249" /></phr></stem><stem n="|p|"><phr n="|P|"><ent r="3" t="57" w="239" /><ent r="3" t="57" w="259" /></phr></stem><stem n="(p(i)"><phr n="(P(i)"><ent r="3" t="57" w="247" /></phr></stem><stem n="arcco"><phr n="arccos"><ent r="3" t="57" w="251" /></phr></stem><stem n="(sum"><phr n="(Sum"><ent r="3" t="57" w="252" /></phr></stem><stem n="(t(i)*p(i)))"><phr n="(T(i)*P(i)))"><ent r="3" t="57" w="258" /></phr></stem></index>