﻿<?xml version="1.0" encoding="utf-8"?><index><stem n="emphas"><phr n="Emphasizes"><ent r="6" t="7" w="193" /><ent r="6" t="7" w="225" /><ent r="6" t="8" w="161" /><ent r="6" t="8" w="193" /></phr></stem><stem n="peak"><phr n="peak"><ent r="6" t="7" w="194" /><ent r="6" t="8" w="162" /></phr></stem><stem n=";"><phr n=";"><ent r="6" t="7" w="196" /><ent r="6" t="7" w="248" /><ent r="6" t="8" w="164" /><ent r="6" t="8" w="216" /><ent r="3" t="27" w="141" /><ent r="3" t="27" w="249" /></phr></stem><stem n="assess"><phr n="assessing"><ent r="6" t="7" w="198" /><ent r="6" t="8" w="166" /></phr></stem><stem n="plant"><phr n="plant"><ent r="6" t="7" w="199" /><ent r="6" t="8" w="167" /></phr></stem><stem n="vigor"><phr n="vigor"><ent r="6" t="7" w="200" /><ent r="6" t="8" w="168" /></phr></stem><stem n="3"><phr n="3"><ent r="6" t="7" w="202" /><ent r="6" t="8" w="170" /></phr></stem><stem n="63"><phr n="63"><ent r="6" t="7" w="205" /></phr></stem><stem n="63-0"><phr n="63-0"><ent r="6" t="7" w="205" /></phr></stem><stem n=".63-0.69"><phr n=".63-0.69"><ent r="6" t="7" w="207" /></phr></stem><stem n="0.63-0.69"><phr n="0.63-0.69"><ent r="6" t="7" w="207" /><ent r="6" t="7" w="204" /></phr></stem><stem n="69"><phr n="69"><ent r="6" t="7" w="207" /><ent r="6" t="8" w="175" /></phr></stem><stem n="red"><phr n="Red"><ent r="6" t="7" w="209" /><ent r="6" t="8" w="177" /></phr><phr n="red"><ent r="3" t="23" w="80" /></phr></stem><stem n="discrimin"><phr n="Discriminates"><ent r="6" t="7" w="211" /><ent r="6" t="7" w="241" /><ent r="6" t="8" w="179" /><ent r="6" t="8" w="209" /></phr></stem><stem n="slope"><phr n="slopes"><ent r="6" t="7" w="213" /><ent r="6" t="8" w="181" /></phr></stem><stem n="76"><phr n="76"><ent r="6" t="7" w="218" /><ent r="6" t="8" w="186" /></phr></stem><stem n="76-0"><phr n="76-0"><ent r="6" t="7" w="218" /><ent r="6" t="8" w="186" /></phr></stem><stem n=".76-0.90"><phr n=".76-0.90"><ent r="6" t="7" w="220" /><ent r="6" t="8" w="188" /></phr></stem><stem n="0.76-0.90"><phr n="0.76-0.90"><ent r="6" t="7" w="220" /><ent r="6" t="7" w="217" /><ent r="6" t="8" w="188" /><ent r="6" t="8" w="185" /></phr></stem><stem n="90"><phr n="90"><ent r="6" t="7" w="220" /><ent r="6" t="7" w="293" /><ent r="6" t="8" w="188" /></phr></stem><stem n="biomass"><phr n="biomass"><ent r="6" t="7" w="226" /><ent r="6" t="8" w="194" /></phr></stem><stem n="content"><phr n="content"><ent r="6" t="7" w="227" /><ent r="6" t="7" w="243" /><ent r="6" t="8" w="195" /><ent r="6" t="8" w="211" /></phr></stem><stem n="shorelin"><phr n="shorelines"><ent r="6" t="7" w="229" /><ent r="6" t="8" w="197" /></phr></stem><stem n="55"><phr n="55"><ent r="6" t="7" w="234" /><ent r="6" t="8" w="202" /></phr></stem><stem n="55-1"><phr n="55-1"><ent r="6" t="7" w="234" /><ent r="6" t="8" w="202" /></phr></stem><stem n=".55-1.75"><phr n=".55-1.75"><ent r="6" t="7" w="236" /><ent r="6" t="8" w="204" /></phr></stem><stem n="1.55-1.75"><phr n="1.55-1.75"><ent r="6" t="7" w="236" /><ent r="6" t="7" w="233" /><ent r="6" t="8" w="204" /><ent r="6" t="8" w="201" /></phr></stem><stem n="75"><phr n="75"><ent r="6" t="7" w="236" /><ent r="6" t="8" w="204" /></phr></stem><stem n="moistur"><phr n="moisture"><ent r="6" t="7" w="242" /><ent r="6" t="7" w="267" /><ent r="6" t="8" w="210" /><ent r="6" t="8" w="235" /></phr></stem><stem n="penetr"><phr n="penetrates"><ent r="6" t="7" w="248" /><ent r="6" t="8" w="216" /></phr></stem><stem n="thin"><phr n="thin"><ent r="6" t="7" w="249" /><ent r="6" t="8" w="217" /></phr></stem><stem n="cloud"><phr n="clouds"><ent r="6" t="7" w="250" /><ent r="6" t="8" w="218" /></phr></stem><stem n="6"><phr n="6"><ent r="6" t="7" w="252" /><ent r="3" t="8" w="76" /><ent r="6" t="8" w="220" /></phr></stem><stem n="10"><phr n="10"><ent r="6" t="7" w="254" /><ent r="6" t="8" w="222" /><ent r="3" t="37" w="215" /><ent r="3" t="48" w="93" /></phr></stem><stem n="4-12"><phr n="4-12"><ent r="6" t="7" w="255" /><ent r="6" t="8" w="223" /></phr></stem><stem n="12"><phr n="12"><ent r="6" t="7" w="256" /><ent r="6" t="8" w="224" /></phr></stem><stem n=".4-12.5"><phr n=".4-12.5"><ent r="6" t="7" w="257" /><ent r="6" t="8" w="225" /></phr></stem><stem n="10.4-12.5"><phr n="10.4-12.5"><ent r="6" t="7" w="257" /><ent r="6" t="7" w="254" /><ent r="6" t="8" w="225" /><ent r="6" t="8" w="222" /></phr></stem><stem n="estim"><phr n="estimated"><ent r="6" t="7" w="265" /><ent r="6" t="8" w="233" /><ent r="3" t="52" w="227" /></phr><phr n="Estimate"><ent r="5" t="25" w="81" /><ent r="64" t="25" w="502" /><ent r="1000" t="47" w="1" /><ent r="92" t="47" w="5" /></phr><phr n="estimates"><ent r="4" t="25" w="86" /></phr><phr n="estimate"><ent r="4" t="25" w="119" /><ent r="3" t="47" w="72" /></phr><phr n="Estimator"><ent r="1000" t="28" w="5" /><ent r="100" t="28" w="11" /><ent r="102" t="28" w="17" /><ent r="3" t="28" w="22" /><ent r="5" t="28" w="28" /><ent r="5" t="29" w="40" /><ent r="3" t="29" w="67" /><ent r="3" t="29" w="196" /><ent r="3" t="29" w="247" /><ent r="3" t="29" w="288" /><ent r="64" t="29" w="477" /></phr><phr n="estimating"><ent r="3" t="47" w="33" /></phr></stem><stem n="08"><phr n="08"><ent r="6" t="7" w="272" /><ent r="6" t="8" w="240" /></phr></stem><stem n="08-2"><phr n="08-2"><ent r="6" t="7" w="272" /><ent r="6" t="8" w="240" /></phr></stem><stem n=".08-2.35"><phr n=".08-2.35"><ent r="6" t="7" w="274" /><ent r="6" t="8" w="242" /></phr></stem><stem n="2.08-2.35"><phr n="2.08-2.35"><ent r="6" t="7" w="274" /><ent r="6" t="7" w="271" /><ent r="6" t="8" w="242" /><ent r="6" t="8" w="239" /></phr></stem><stem n="35"><phr n="35"><ent r="6" t="7" w="274" /><ent r="6" t="8" w="242" /></phr></stem><stem n="hydrotherm"><phr n="hydrothermally"><ent r="6" t="7" w="280" /><ent r="6" t="8" w="248" /></phr></stem><stem n="alter"><phr n="altered"><ent r="6" t="7" w="281" /><ent r="6" t="8" w="249" /></phr></stem><stem n="rock"><phr n="rocks"><ent r="6" t="7" w="282" /><ent r="6" t="8" w="250" /></phr></stem><stem n="associ"><phr n="associated"><ent r="6" t="7" w="283" /><ent r="6" t="8" w="251" /><ent r="3" t="34" w="600" /><ent r="3" t="34" w="631" /><ent r="4" t="35" w="402" /><ent r="3" t="39" w="54" /><ent r="3" t="42" w="145" /><ent r="3" t="43" w="93" /><ent r="3" t="43" w="133" /><ent r="4" t="45" w="365" /><ent r="3" t="57" w="136" /><ent r="3" t="57" w="317" /></phr></stem><stem n="miner"><phr n="mineral"><ent r="6" t="7" w="285" /><ent r="6" t="8" w="253" /></phr></stem><stem n="deposit"><phr n="deposits"><ent r="6" t="7" w="286" /><ent r="6" t="8" w="254" /></phr></stem><stem n="50"><phr n="50"><ent r="6" t="7" w="291" /><ent r="4" t="27" w="624" /></phr></stem><stem n="50-0"><phr n="50-0"><ent r="6" t="7" w="291" /></phr></stem><stem n=".50-0.90"><phr n=".50-0.90"><ent r="6" t="7" w="293" /></phr></stem><stem n="0.50-0.90"><phr n="0.50-0.90"><ent r="6" t="7" w="293" /><ent r="6" t="7" w="290" /></phr></stem><stem n="sharpen"><phr n="sharpening"><ent r="6" t="7" w="297" /></phr></stem><stem n="multispectr"><phr n="multispectral"><ent r="6" t="7" w="300" /><ent r="3" t="8" w="38" /></phr></stem><stem n="cube"><phr n="cube"><ent r="3" t="7" w="315" /><ent r="3" t="7" w="335" /><ent r="4" t="7" w="409" /><ent r="3" t="7" w="417" /><ent r="3" t="11" w="33" /><ent r="4" t="11" w="150" /><ent r="3" t="11" w="182" /><ent r="3" t="13" w="103" /><ent r="3" t="13" w="126" /><ent r="4" t="27" w="188" /><ent r="3" t="27" w="214" /><ent r="3" t="27" w="248" /><ent r="3" t="27" w="285" /><ent r="4" t="27" w="654" /><ent r="4" t="27" w="660" /><ent r="3" t="28" w="38" /><ent r="3" t="28" w="52" /><ent r="4" t="29" w="48" /><ent r="4" t="29" w="397" /><ent r="4" t="29" w="403" /><ent r="3" t="30" w="39" /><ent r="3" t="30" w="53" /><ent r="4" t="30" w="233" /><ent r="4" t="30" w="595" /><ent r="4" t="30" w="601" /><ent r="3" t="54" w="100" /><ent r="3" t="54" w="361" /></phr><phr n="cubes"><ent r="3" t="52" w="119" /></phr></stem><stem n="structur"><phr n="structure"><ent r="3" t="7" w="321" /><ent r="3" t="8" w="276" /><ent r="3" t="21" w="34" /><ent r="4" t="33" w="70" /></phr></stem><stem n="will"><phr n="will"><ent r="3" t="7" w="327" /><ent r="3" t="8" w="282" /><ent r="3" t="11" w="347" /><ent r="3" t="11" w="359" /><ent r="3" t="11" w="398" /><ent r="4" t="12" w="301" /><ent r="4" t="12" w="314" /><ent r="4" t="12" w="334" /><ent r="3" t="12" w="453" /><ent r="3" t="25" w="287" /><ent r="3" t="25" w="313" /><ent r="3" t="25" w="385" /><ent r="3" t="25" w="397" /><ent r="3" t="25" w="447" /><ent r="3" t="25" w="470" /><ent r="3" t="25" w="475" /><ent r="3" t="25" w="499" /><ent r="4" t="25" w="525" /><ent r="4" t="26" w="71" /><ent r="4" t="26" w="83" /><ent r="3" t="26" w="94" /><ent r="3" t="26" w="107" /><ent r="3" t="26" w="126" /><ent r="3" t="27" w="241" /><ent r="3" t="27" w="413" /><ent r="3" t="27" w="444" /><ent r="3" t="27" w="457" /><ent r="4" t="27" w="740" /><ent r="4" t="27" w="749" /><ent r="4" t="29" w="444" /><ent r="4" t="29" w="450" /><ent r="4" t="30" w="638" /><ent r="4" t="30" w="646" /><ent r="3" t="33" w="159" /><ent r="3" t="33" w="266" /><ent r="3" t="33" w="294" /><ent r="4" t="34" w="524" /><ent r="4" t="34" w="541" /><ent r="4" t="34" w="663" /><ent r="4" t="34" w="694" /><ent r="3" t="35" w="377" /><ent r="4" t="35" w="472" /><ent r="4" t="35" w="485" /><ent r="3" t="39" w="60" /><ent r="3" t="40" w="98" /><ent r="3" t="40" w="111" /><ent r="3" t="40" w="128" /><ent r="3" t="41" w="154" /><ent r="3" t="42" w="159" /><ent r="3" t="42" w="170" /><ent r="3" t="42" w="222" /><ent r="3" t="43" w="543" /><ent r="3" t="43" w="620" /><ent r="3" t="46" w="96" /><ent r="3" t="47" w="67" /><ent r="3" t="47" w="86" /><ent r="3" t="48" w="30" /><ent r="3" t="49" w="13" /><ent r="3" t="56" w="47" /><ent r="3" t="56" w="78" /><ent r="3" t="56" w="98" /></phr></stem><stem n="ani"><phr n="any"><ent r="3" t="7" w="330" /><ent r="3" t="8" w="285" /><ent r="3" t="13" w="65" /><ent r="3" t="24" w="174" /><ent r="3" t="33" w="300" /><ent r="4" t="35" w="382" /><ent r="4" t="40" w="54" /><ent r="3" t="44" w="438" /><ent r="3" t="45" w="488" /></phr></stem><stem n="main"><phr n="main"><ent r="4" t="7" w="347" /><ent r="4" t="8" w="301" /><ent r="4" t="33" w="52" /><ent r="3" t="52" w="93" /></phr></stem><stem n="applic"><phr n="application"><ent r="4" t="7" w="348" /><ent r="4" t="8" w="302" /><ent r="4" t="33" w="53" /></phr></stem><stem n="hdr"><phr n="hdr"><ent r="4" t="7" w="392" /><ent r="4" t="8" w="343" /><ent r="4" t="15" w="76" /><ent r="4" t="21" w="193" /></phr></stem><stem n="*.hdr,"><phr n="*.hdr,"><ent r="4" t="7" w="393" /></phr></stem><stem n="htm"><phr n="htm"><ent r="4" t="7" w="393" /></phr></stem><stem n="htm.fst"><phr n="htm.fst"><ent r="4" t="7" w="394" /><ent r="4" t="7" w="393" /></phr></stem><stem n="fst"><phr n="fst"><ent r="4" t="7" w="394" /><ent r="4" t="7" w="396" /><ent r="4" t="7" w="399" /></phr></stem><stem n="htm.fst,"><phr n="htm.fst,"><ent r="4" t="7" w="394" /><ent r="4" t="7" w="393" /></phr></stem><stem n="*htm.fst,"><phr n="*htm.fst,"><ent r="4" t="7" w="395" /></phr></stem><stem n="hrf"><phr n="hrf"><ent r="4" t="7" w="395" /></phr></stem><stem n="hrf.fst"><phr n="hrf.fst"><ent r="4" t="7" w="396" /><ent r="4" t="7" w="395" /></phr></stem><stem n="hrf.fst,"><phr n="hrf.fst,"><ent r="4" t="7" w="396" /><ent r="4" t="7" w="395" /></phr></stem><stem n="*hrf.fst,"><phr n="*hrf.fst,"><ent r="4" t="7" w="397" /></phr></stem><stem n="hpn"><phr n="hpn"><ent r="4" t="7" w="398" /></phr></stem><stem n="hpn.fst"><phr n="hpn.fst"><ent r="4" t="7" w="399" /><ent r="4" t="7" w="398" /></phr></stem><stem n="hpn.fst."><phr n="hpn.fst."><ent r="4" t="7" w="399" /><ent r="4" t="7" w="398" /></phr></stem><stem n="*.hpn.fst."><phr n="*.hpn.fst."><ent r="4" t="7" w="400" /></phr></stem><stem n="refer"><phr n="References"><ent r="64" t="7" w="423" /><ent r="64" t="11" w="438" /><ent r="64" t="27" w="922" /><ent r="64" t="54" w="421" /><ent r="1000" t="55" w="2" /><ent r="1000" t="58" w="2" /></phr><phr n="Reference"><ent r="64" t="8" w="370" /><ent r="3" t="57" w="290" /></phr><phr n="reference"><ent r="3" t="12" w="80" /><ent r="3" t="12" w="95" /><ent r="3" t="54" w="341" /><ent r="3" t="54" w="398" /><ent r="3" t="57" w="283" /><ent r="3" t="57" w="320" /></phr></stem><stem n="(tm)"><phr n="(TM)"><ent r="3" t="8" w="25" /></phr></stem><stem n="scan"><phr n="scanning"><ent r="3" t="8" w="39" /></phr></stem><stem n="servic"><phr n="service"><ent r="3" t="8" w="45" /></phr></stem><stem n="sinc"><phr n="since"><ent r="3" t="8" w="46" /><ent r="3" t="25" w="411" /><ent r="3" t="54" w="124" /></phr><phr n="Since"><ent r="3" t="24" w="140" /><ent r="4" t="25" w="92" /></phr></stem><stem n="1984"><phr n="1984"><ent r="3" t="8" w="47" /></phr></stem><stem n="-dai"><phr n="-day"><ent r="3" t="8" w="51" /><ent r="3" t="8" w="51" /></phr></stem><stem n="16"><phr n="16"><ent r="3" t="8" w="51" /></phr></stem><stem n="16-dai"><phr n="16-day"><ent r="3" t="8" w="51" /></phr></stem><stem n="dai"><phr n="day"><ent r="3" t="8" w="52" /></phr></stem><stem n="repeat"><phr n="repeat"><ent r="3" t="8" w="53" /></phr><phr n="Repeat"><ent r="4" t="16" w="162" /></phr></stem><stem n="cycl"><phr n="cycle"><ent r="3" t="8" w="54" /></phr></stem><stem n="seven"><phr n="seven"><ent r="3" t="8" w="61" /></phr></stem><stem n="meter"><phr n="meters"><ent r="3" t="8" w="70" /><ent r="3" t="8" w="81" /></phr></stem><stem n="(the"><phr n="(the"><ent r="3" t="8" w="71" /><ent r="3" t="43" w="584" /></phr></stem><stem n="resampl"><phr n="resampled"><ent r="3" t="8" w="78" /></phr></stem><stem n="60-0"><phr n="60-0"><ent r="6" t="8" w="173" /></phr></stem><stem n=".60-0.69"><phr n=".60-0.69"><ent r="6" t="8" w="175" /></phr></stem><stem n="0.60-0.69"><phr n="0.60-0.69"><ent r="6" t="8" w="175" /><ent r="6" t="8" w="172" /></phr></stem><stem n="*.hdr"><phr n="*.hdr"><ent r="4" t="8" w="343" /></phr></stem><stem n="h"><phr n="h"><ent r="4" t="8" w="345" /></phr><phr n="H"><ent r="4" t="55" w="26" /></phr></stem><stem n="dat"><phr n="dat"><ent r="4" t="8" w="346" /><ent r="4" t="15" w="74" /><ent r="4" t="21" w="191" /></phr></stem><stem n="*.dat."><phr n="*.dat."><ent r="4" t="8" w="347" /></phr></stem><stem n="read"><phr n="reads"><ent r="3" t="9" w="15" /></phr><phr n="read"><ent r="3" t="13" w="72" /><ent r="3" t="25" w="449" /><ent r="4" t="26" w="73" /><ent r="3" t="49" w="46" /></phr></stem><stem n="(creat"><phr n="(created"><ent r="3" t="9" w="20" /></phr></stem><stem n="creat"><phr n="created"><ent r="3" t="9" w="20" /><ent r="3" t="11" w="175" /><ent r="3" t="12" w="455" /><ent r="4" t="27" w="812" /><ent r="3" t="33" w="291" /><ent r="4" t="35" w="522" /><ent r="3" t="40" w="100" /><ent r="3" t="42" w="161" /><ent r="3" t="52" w="72" /><ent r="3" t="52" w="82" /></phr><phr n="create"><ent r="4" t="11" w="273" /><ent r="3" t="13" w="22" /><ent r="100" t="14" w="10" /><ent r="64" t="16" w="42" /><ent r="3" t="23" w="139" /><ent r="3" t="25" w="299" /><ent r="3" t="27" w="486" /><ent r="3" t="29" w="28" /><ent r="3" t="29" w="105" /><ent r="3" t="30" w="220" /><ent r="4" t="30" w="474" /><ent r="3" t="31" w="35" /><ent r="3" t="34" w="120" /></phr><phr n="Create"><ent r="65" t="13" w="167" /><ent r="1000" t="14" w="1" /><ent r="102" t="14" w="14" /><ent r="4" t="14" w="56" /><ent r="64" t="15" w="292" /><ent r="64" t="16" w="283" /><ent r="64" t="17" w="90" /><ent r="64" t="20" w="174" /><ent r="5" t="31" w="107" /><ent r="4" t="31" w="114" /><ent r="4" t="34" w="144" /><ent r="4" t="35" w="297" /><ent r="5" t="35" w="465" /><ent r="4" t="36" w="527" /><ent r="4" t="41" w="29" /><ent r="4" t="42" w="46" /><ent r="3" t="45" w="173" /></phr><phr n="creating"><ent r="3" t="21" w="74" /></phr><phr n="Creating"><ent r="92" t="31" w="82" /></phr></stem><stem n="sig"><phr n="sig"><ent r="3" t="9" w="30" /><ent r="3" t="9" w="87" /><ent r="5" t="9" w="166" /><ent r="3" t="9" w="184" /><ent r="3" t="44" w="43" /><ent r="3" t="44" w="148" /><ent r="3" t="44" w="287" /><ent r="3" t="44" w="575" /></phr></stem><stem n=".sig,"><phr n=".sig,"><ent r="3" t="9" w="31" /><ent r="3" t="9" w="185" /></phr></stem><stem n="elm"><phr n="elm"><ent r="3" t="9" w="31" /><ent r="3" t="9" w="88" /><ent r="5" t="9" w="167" /><ent r="3" t="9" w="185" /></phr><phr n="ELM"><ent r="1000" t="11" w="4" /><ent r="102" t="11" w="10" /><ent r="100" t="11" w="13" /><ent r="65" t="11" w="20" /><ent r="3" t="11" w="39" /><ent r="3" t="11" w="71" /><ent r="3" t="11" w="87" /><ent r="3" t="11" w="145" /><ent r="5" t="11" w="167" /><ent r="3" t="11" w="171" /><ent r="4" t="11" w="332" /><ent r="3" t="11" w="341" /><ent r="4" t="11" w="409" /><ent r="64" t="11" w="434" /><ent r="65" t="27" w="262" /><ent r="64" t="30" w="168" /><ent r="1000" t="57" w="1" /><ent r="102" t="57" w="5" /><ent r="64" t="57" w="9" /><ent r="65" t="57" w="36" /><ent r="3" t="57" w="278" /><ent r="1000" t="58" w="1" /></phr></stem><stem n=".elm,"><phr n=".elm,"><ent r="3" t="9" w="32" /><ent r="3" t="9" w="186" /></phr></stem><stem n="(*.sig"><phr n="(*.sig"><ent r="3" t="9" w="87" /><ent r="5" t="9" w="166" /><ent r="3" t="44" w="287" /></phr></stem><stem n="*.elm"><phr n="*.elm"><ent r="3" t="9" w="88" /><ent r="5" t="9" w="167" /></phr></stem><stem n="*.txt)"><phr n="*.txt)"><ent r="3" t="9" w="90" /><ent r="5" t="9" w="169" /></phr></stem><stem n="’"><phr n="’"><ent r="3" t="10" w="35" /><ent r="3" t="45" w="34" /></phr></stem><stem n="slb"><phr n="slb"><ent r="3" t="10" w="41" /><ent r="3" t="10" w="144" /><ent r="5" t="10" w="223" /><ent r="3" t="10" w="240" /><ent r="4" t="15" w="136" /><ent r="4" t="21" w="260" /><ent r="3" t="45" w="40" /><ent r="3" t="45" w="258" /><ent r="3" t="45" w="277" /><ent r="3" t="45" w="311" /></phr></stem><stem n="(*.slb)"><phr n="(*.slb)"><ent r="3" t="10" w="42" /><ent r="3" t="10" w="145" /><ent r="5" t="10" w="224" /><ent r="3" t="45" w="41" /><ent r="3" t="45" w="259" /></phr></stem><stem n="insid"><phr n="inside"><ent r="3" t="10" w="85" /><ent r="3" t="31" w="145" /></phr></stem><stem n=".slb"><phr n=".slb"><ent r="3" t="10" w="240" /></phr></stem><stem n="empir"><phr n="Empirical"><ent r="1000" t="11" w="1" /><ent r="102" t="11" w="7" /><ent r="3" t="11" w="16" /><ent r="5" t="11" w="22" /><ent r="3" t="11" w="209" /><ent r="64" t="27" w="83" /><ent r="5" t="27" w="264" /><ent r="5" t="57" w="38" /><ent r="3" t="57" w="164" /></phr><phr n="empirical"><ent r="4" t="58" w="58" /></phr></stem><stem n="line"><phr n="Line"><ent r="1000" t="11" w="2" /><ent r="102" t="11" w="8" /><ent r="3" t="11" w="17" /><ent r="5" t="11" w="23" /><ent r="3" t="11" w="210" /><ent r="64" t="27" w="84" /><ent r="5" t="27" w="265" /><ent r="5" t="57" w="39" /><ent r="3" t="57" w="165" /></phr><phr n="line"><ent r="4" t="22" w="118" /><ent r="4" t="22" w="126" /><ent r="3" t="23" w="74" /><ent r="3" t="23" w="81" /><ent r="3" t="23" w="97" /><ent r="4" t="58" w="59" /></phr></stem><stem n="method"><phr n="Method"><ent r="1000" t="11" w="3" /><ent r="102" t="11" w="9" /><ent r="3" t="11" w="18" /><ent r="5" t="11" w="24" /><ent r="3" t="11" w="211" /><ent r="64" t="27" w="85" /><ent r="5" t="27" w="266" /><ent r="4" t="36" w="331" /><ent r="5" t="57" w="40" /></phr><phr n="method"><ent r="3" t="11" w="119" /><ent r="4" t="12" w="145" /><ent r="4" t="12" w="151" /><ent r="4" t="25" w="55" /><ent r="5" t="25" w="68" /><ent r="4" t="25" w="126" /><ent r="3" t="25" w="480" /><ent r="3" t="25" w="490" /><ent r="3" t="44" w="22" /><ent r="3" t="54" w="21" /><ent r="3" t="54" w="119" /><ent r="4" t="58" w="60" /></phr></stem><stem n="(elm)"><phr n="(ELM)"><ent r="1000" t="11" w="5" /><ent r="102" t="11" w="11" /></phr></stem><stem n="calibr"><phr n="Calibration"><ent r="1000" t="11" w="5" /><ent r="102" t="11" w="11" /><ent r="3" t="57" w="166" /></phr><phr n="calibration"><ent r="3" t="11" w="95" /><ent r="3" t="11" w="223" /><ent r="3" t="11" w="244" /><ent r="4" t="11" w="299" /><ent r="4" t="11" w="327" /></phr></stem><stem n="convert"><phr n="convert"><ent r="3" t="11" w="30" /><ent r="3" t="11" w="77" /><ent r="3" t="57" w="335" /></phr><phr n="converting"><ent r="3" t="24" w="113" /></phr><phr n="converted"><ent r="3" t="27" w="257" /><ent r="3" t="57" w="364" /></phr></stem><stem n="absolut"><phr n="absolute"><ent r="3" t="11" w="35" /></phr></stem><stem n="perform"><phr n="performs"><ent r="3" t="11" w="40" /></phr><phr n="perform"><ent r="3" t="11" w="144" /><ent r="3" t="21" w="94" /><ent r="4" t="25" w="13" /><ent r="4" t="26" w="14" /><ent r="3" t="27" w="33" /><ent r="3" t="27" w="180" /><ent r="3" t="52" w="113" /></phr><phr n="performed"><ent r="3" t="11" w="240" /><ent r="3" t="25" w="289" /></phr><phr n="performing"><ent r="3" t="24" w="109" /><ent r="3" t="24" w="120" /></phr><phr n="Perform"><ent r="92" t="30" w="194" /></phr></stem><stem n="linear"><phr n="linear"><ent r="3" t="11" w="42" /><ent r="3" t="52" w="110" /><ent r="3" t="57" w="323" /></phr></stem><stem n="regress"><phr n="regression"><ent r="3" t="11" w="43" /><ent r="3" t="57" w="324" /></phr><phr n="regressed"><ent r="3" t="57" w="232" /></phr></stem><stem n="calcul"><phr n="calculation"><ent r="3" t="11" w="44" /><ent r="4" t="12" w="144" /><ent r="4" t="12" w="263" /><ent r="4" t="12" w="333" /><ent r="4" t="12" w="473" /><ent r="4" t="46" w="112" /><ent r="3" t="47" w="98" /><ent r="3" t="49" w="54" /><ent r="3" t="54" w="166" /></phr><phr n="Calculate"><ent r="4" t="11" w="196" /><ent r="92" t="22" w="96" /><ent r="5" t="22" w="146" /><ent r="6" t="25" w="57" /><ent r="5" t="25" w="62" /><ent r="4" t="36" w="377" /><ent r="4" t="36" w="394" /></phr><phr n="calculates"><ent r="3" t="12" w="67" /><ent r="3" t="28" w="120" /><ent r="3" t="36" w="52" /><ent r="3" t="36" w="274" /><ent r="3" t="54" w="57" /></phr><phr n="calculated"><ent r="3" t="12" w="85" /><ent r="4" t="12" w="425" /><ent r="3" t="25" w="466" /></phr><phr n="Calculation"><ent r="5" t="12" w="139" /><ent r="4" t="36" w="330" /></phr><phr n="calculating"><ent r="5" t="12" w="232" /><ent r="4" t="12" w="282" /></phr><phr n="calculate"><ent r="4" t="27" w="721" /><ent r="4" t="36" w="611" /><ent r="3" t="57" w="328" /></phr></stem><stem n="basi"><phr n="basis"><ent r="3" t="11" w="50" /><ent r="3" t="57" w="257" /></phr></stem><stem n="known"><phr n="known"><ent r="3" t="11" w="53" /><ent r="3" t="11" w="98" /><ent r="3" t="11" w="110" /><ent r="3" t="11" w="116" /><ent r="3" t="11" w="222" /><ent r="3" t="11" w="243" /><ent r="4" t="11" w="296" /><ent r="3" t="12" w="52" /><ent r="3" t="28" w="82" /><ent r="3" t="30" w="84" /><ent r="3" t="44" w="139" /><ent r="3" t="54" w="29" /><ent r="3" t="57" w="298" /></phr></stem><stem n="'s"><phr n="'s"><ent r="3" t="11" w="59" /><ent r="3" t="12" w="34" /><ent r="4" t="15" w="226" /><ent r="3" t="15" w="237" /><ent r="4" t="16" w="64" /><ent r="4" t="18" w="69" /><ent r="3" t="36" w="71" /><ent r="4" t="36" w="469" /><ent r="4" t="36" w="639" /><ent r="3" t="37" w="63" /><ent r="4" t="37" w="264" /><ent r="3" t="52" w="23" /><ent r="3" t="52" w="268" /><ent r="3" t="52" w="296" /><ent r="3" t="54" w="111" /><ent r="3" t="56" w="8" /></phr></stem><stem n="sensor'"><phr n="sensor's"><ent r="3" t="11" w="59" /><ent r="3" t="11" w="58" /></phr></stem><stem n="sourc"><phr n="source"><ent r="3" t="11" w="65" /></phr><phr n="Source"><ent r="4" t="46" w="27" /></phr></stem><stem n="atmospher"><phr n="atmospheric"><ent r="3" t="11" w="67" /><ent r="3" t="24" w="184" /><ent r="3" t="57" w="139" /><ent r="3" t="57" w="151" /><ent r="3" t="57" w="259" /><ent r="3" t="57" w="355" /><ent r="4" t="58" w="63" /></phr><phr n="atmospherically"><ent r="3" t="27" w="74" /><ent r="3" t="27" w="113" /><ent r="3" t="27" w="139" /><ent r="3" t="27" w="166" /><ent r="3" t="30" w="127" /><ent r="3" t="30" w="148" /></phr><phr n="Atmospheric"><ent r="3" t="30" w="163" /></phr></stem><stem n="distort"><phr n="distortion"><ent r="3" t="11" w="68" /></phr></stem><stem n="effect"><phr n="effects"><ent r="3" t="11" w="69" /><ent r="3" t="54" w="337" /></phr><phr n="effective"><ent r="3" t="12" w="40" /></phr></stem><stem n="altern"><phr n="alternative"><ent r="3" t="11" w="74" /></phr></stem><stem n="solut"><phr n="solution"><ent r="3" t="11" w="75" /></phr></stem><stem n="hyperspectr"><phr n="hyperspectral"><ent r="3" t="11" w="84" /><ent r="3" t="27" w="69" /><ent r="3" t="27" w="115" /><ent r="3" t="36" w="36" /><ent r="3" t="37" w="33" /><ent r="3" t="52" w="117" /><ent r="3" t="54" w="324" /><ent r="4" t="58" w="32" /></phr><phr n="Hyperspectral"><ent r="4" t="55" w="74" /></phr></stem><stem n="process"><phr n="processing"><ent r="3" t="11" w="85" /><ent r="3" t="12" w="25" /><ent r="4" t="12" w="394" /><ent r="3" t="27" w="112" /><ent r="3" t="27" w="229" /><ent r="4" t="34" w="681" /><ent r="3" t="34" w="735" /><ent r="4" t="58" w="26" /></phr><phr n="processed"><ent r="4" t="12" w="303" /><ent r="4" t="12" w="316" /></phr><phr n="Processing"><ent r="5" t="12" w="389" /><ent r="4" t="55" w="31" /><ent r="5" t="58" w="12" /></phr><phr n="process"><ent r="3" t="27" w="240" /><ent r="4" t="34" w="153" /><ent r="4" t="34" w="458" /></phr></stem><stem n="requir"><phr n="requires"><ent r="3" t="11" w="88" /><ent r="3" t="57" w="279" /></phr></stem><stem n="ground"><phr n="ground"><ent r="3" t="11" w="89" /><ent r="3" t="11" w="99" /><ent r="3" t="11" w="127" /><ent r="3" t="12" w="46" /><ent r="3" t="52" w="331" /><ent r="3" t="57" w="222" /></phr></stem><stem n="truth"><phr n="truth"><ent r="3" t="11" w="90" /><ent r="3" t="11" w="100" /><ent r="3" t="11" w="128" /></phr></stem><stem n="measur"><phr n="measurements"><ent r="3" t="11" w="91" /><ent r="3" t="11" w="129" /><ent r="3" t="12" w="47" /><ent r="3" t="52" w="219" /><ent r="3" t="57" w="21" /><ent r="3" t="57" w="214" /></phr><phr n="measured"><ent r="3" t="52" w="250" /></phr><phr n="measurement"><ent r="3" t="54" w="266" /></phr></stem><stem n="two"><phr n="Two"><ent r="3" t="11" w="92" /></phr><phr n="two"><ent r="3" t="15" w="20" /><ent r="3" t="21" w="112" /><ent r="3" t="27" w="787" /><ent r="4" t="35" w="336" /><ent r="3" t="37" w="202" /><ent r="3" t="43" w="367" /><ent r="3" t="54" w="178" /><ent r="3" t="54" w="272" /><ent r="3" t="54" w="291" /><ent r="3" t="56" w="109" /><ent r="3" t="57" w="172" /></phr></stem><stem n="panel"><phr n="panels"><ent r="3" t="11" w="96" /><ent r="3" t="11" w="139" /><ent r="3" t="11" w="224" /></phr><phr n="panel"><ent r="3" t="11" w="245" /><ent r="4" t="43" w="59" /></phr></stem><stem n="site"><phr n="sites"><ent r="3" t="11" w="101" /></phr></stem><stem n="scene"><phr n="scene"><ent r="3" t="11" w="107" /><ent r="3" t="11" w="227" /><ent r="4" t="11" w="298" /><ent r="3" t="12" w="33" /><ent r="3" t="12" w="55" /><ent r="3" t="12" w="74" /><ent r="5" t="12" w="240" /><ent r="4" t="12" w="325" /><ent r="3" t="27" w="39" /><ent r="3" t="27" w="126" /><ent r="3" t="27" w="170" /><ent r="3" t="27" w="482" /><ent r="3" t="28" w="45" /><ent r="3" t="28" w="101" /><ent r="3" t="29" w="21" /><ent r="3" t="29" w="101" /><ent r="3" t="30" w="46" /><ent r="3" t="30" w="105" /><ent r="3" t="30" w="117" /><ent r="3" t="30" w="213" /><ent r="4" t="30" w="466" /><ent r="3" t="32" w="39" /><ent r="4" t="32" w="120" /><ent r="3" t="32" w="146" /><ent r="3" t="32" w="180" /><ent r="3" t="33" w="348" /><ent r="3" t="36" w="50" /><ent r="3" t="37" w="48" /><ent r="3" t="37" w="67" /><ent r="3" t="43" w="378" /><ent r="3" t="43" w="383" /><ent r="3" t="43" w="391" /><ent r="3" t="44" w="125" /><ent r="3" t="52" w="212" /><ent r="3" t="57" w="178" /></phr></stem></index>