﻿<?xml version="1.0" encoding="utf-8"?><index><stem n="."><phr n="."><ent r="3" t="0" w="52" /><ent r="6" t="1" w="30" /><ent r="6" t="1" w="37" /><ent r="6" t="1" w="45" /><ent r="6" t="1" w="52" /><ent r="6" t="1" w="60" /><ent r="6" t="1" w="75" /><ent r="6" t="1" w="83" /><ent r="6" t="1" w="94" /><ent r="6" t="1" w="109" /><ent r="6" t="1" w="117" /><ent r="6" t="1" w="126" /><ent r="6" t="1" w="149" /><ent r="6" t="1" w="162" /><ent r="6" t="1" w="177" /><ent r="6" t="1" w="187" /><ent r="6" t="1" w="199" /><ent r="6" t="1" w="209" /><ent r="6" t="1" w="221" /><ent r="6" t="1" w="233" /><ent r="6" t="1" w="243" /><ent r="6" t="1" w="298" /><ent r="6" t="1" w="326" /><ent r="6" t="1" w="347" /><ent r="6" t="1" w="370" /><ent r="6" t="1" w="398" /><ent r="6" t="1" w="420" /><ent r="6" t="1" w="423" /><ent r="6" t="1" w="459" /><ent r="3" t="2" w="42" /><ent r="3" t="2" w="59" /><ent r="3" t="2" w="70" /><ent r="3" t="2" w="82" /><ent r="3" t="2" w="97" /><ent r="3" t="2" w="109" /><ent r="4" t="2" w="130" /><ent r="4" t="2" w="141" /><ent r="4" t="2" w="155" /><ent r="3" t="2" w="178" /><ent r="4" t="2" w="217" /><ent r="3" t="2" w="226" /><ent r="4" t="2" w="253" /><ent r="3" t="2" w="271" /><ent r="4" t="2" w="288" /><ent r="4" t="2" w="300" /><ent r="4" t="2" w="315" /><ent r="4" t="2" w="322" /><ent r="4" t="2" w="344" /><ent r="4" t="2" w="350" /><ent r="3" t="3" w="54" /><ent r="4" t="3" w="66" /><ent r="4" t="3" w="83" /><ent r="4" t="3" w="92" /><ent r="4" t="3" w="97" /><ent r="4" t="4" w="37" /><ent r="4" t="4" w="44" /><ent r="3" t="4" w="75" /><ent r="3" t="4" w="87" /><ent r="4" t="4" w="92" /><ent r="4" t="4" w="101" /><ent r="4" t="4" w="106" /><ent r="3" t="5" w="38" /><ent r="4" t="5" w="50" /><ent r="4" t="5" w="69" /><ent r="4" t="5" w="78" /><ent r="4" t="5" w="83" /><ent r="4" t="5" w="107" /><ent r="4" t="5" w="116" /><ent r="3" t="5" w="136" /><ent r="3" t="5" w="146" /><ent r="3" t="6" w="31" /><ent r="4" t="6" w="44" /><ent r="4" t="6" w="56" /><ent r="4" t="6" w="65" /><ent r="4" t="6" w="73" /><ent r="3" t="6" w="89" /><ent r="4" t="6" w="98" /><ent r="3" t="7" w="35" /><ent r="3" t="7" w="70" /><ent r="3" t="7" w="82" /><ent r="3" t="7" w="101" /><ent r="3" t="7" w="151" /><ent r="6" t="7" w="183" /><ent r="6" t="7" w="201" /><ent r="6" t="7" w="214" /><ent r="6" t="7" w="230" /><ent r="6" t="7" w="251" /><ent r="6" t="7" w="268" /><ent r="6" t="7" w="287" /><ent r="6" t="7" w="302" /><ent r="3" t="7" w="322" /><ent r="3" t="7" w="336" /><ent r="4" t="7" w="363" /><ent r="4" t="7" w="384" /><ent r="4" t="7" w="410" /><ent r="4" t="7" w="414" /><ent r="3" t="7" w="422" /><ent r="3" t="8" w="33" /><ent r="3" t="8" w="55" /><ent r="3" t="8" w="88" /><ent r="3" t="8" w="100" /><ent r="3" t="8" w="119" /><ent r="6" t="8" w="151" /><ent r="6" t="8" w="169" /><ent r="6" t="8" w="182" /><ent r="6" t="8" w="198" /><ent r="6" t="8" w="219" /><ent r="6" t="8" w="236" /><ent r="6" t="8" w="255" /><ent r="3" t="8" w="277" /><ent r="3" t="8" w="290" /><ent r="4" t="8" w="316" /><ent r="4" t="8" w="335" /><ent r="4" t="8" w="357" /><ent r="4" t="8" w="361" /><ent r="3" t="8" w="369" /><ent r="3" t="9" w="36" /><ent r="3" t="9" w="46" /><ent r="4" t="9" w="62" /><ent r="4" t="9" w="75" /><ent r="3" t="9" w="96" /><ent r="4" t="9" w="119" /><ent r="4" t="9" w="134" /><ent r="3" t="9" w="143" /><ent r="4" t="9" w="170" /><ent r="3" t="9" w="190" /><ent r="4" t="9" w="207" /><ent r="4" t="9" w="218" /><ent r="4" t="9" w="237" /><ent r="4" t="9" w="242" /><ent r="4" t="9" w="260" /><ent r="4" t="9" w="266" /><ent r="3" t="10" w="37" /><ent r="3" t="10" w="66" /><ent r="3" t="10" w="88" /><ent r="3" t="10" w="100" /><ent r="4" t="10" w="116" /><ent r="4" t="10" w="129" /><ent r="3" t="10" w="151" /><ent r="4" t="10" w="190" /><ent r="3" t="10" w="199" /><ent r="4" t="10" w="225" /><ent r="3" t="10" w="243" /><ent r="4" t="10" w="259" /><ent r="4" t="10" w="271" /><ent r="4" t="10" w="286" /><ent r="4" t="10" w="293" /><ent r="4" t="10" w="315" /><ent r="4" t="10" w="321" /><ent r="3" t="11" w="39" /><ent r="3" t="11" w="70" /><ent r="3" t="11" w="86" /><ent r="3" t="11" w="92" /><ent r="3" t="11" w="117" /><ent r="3" t="11" w="142" /><ent r="4" t="11" w="151" /><ent r="4" t="11" w="161" /><ent r="4" t="11" w="169" /><ent r="3" t="11" w="192" /><ent r="3" t="11" w="203" /><ent r="4" t="11" w="207" /><ent r="3" t="11" w="237" /><ent r="3" t="11" w="249" /><ent r="5" t="11" w="252" /><ent r="4" t="11" w="262" /><ent r="4" t="11" w="272" /><ent r="4" t="11" w="284" /><ent r="5" t="11" w="286" /><ent r="4" t="11" w="309" /><ent r="5" t="11" w="311" /><ent r="4" t="11" w="329" /><ent r="4" t="11" w="339" /><ent r="3" t="11" w="354" /><ent r="3" t="11" w="368" /><ent r="3" t="11" w="384" /><ent r="3" t="11" w="397" /><ent r="3" t="11" w="407" /><ent r="4" t="11" w="416" /><ent r="4" t="11" w="430" /><ent r="3" t="12" w="37" /><ent r="3" t="12" w="56" /><ent r="3" t="12" w="65" /><ent r="3" t="12" w="82" /><ent r="3" t="12" w="103" /><ent r="4" t="12" w="127" /><ent r="3" t="12" w="134" /><ent r="4" t="12" w="146" /><ent r="6" t="12" w="155" /><ent r="5" t="12" w="161" /><ent r="5" t="12" w="174" /><ent r="6" t="12" w="178" /><ent r="5" t="12" w="190" /><ent r="5" t="12" w="202" /><ent r="5" t="12" w="219" /><ent r="6" t="12" w="222" /><ent r="5" t="12" w="241" /><ent r="4" t="12" w="265" /><ent r="4" t="12" w="270" /><ent r="4" t="12" w="289" /><ent r="4" t="12" w="304" /><ent r="4" t="12" w="317" /><ent r="4" t="12" w="345" /><ent r="4" t="12" w="361" /><ent r="4" t="12" w="376" /><ent r="4" t="12" w="400" /><ent r="4" t="12" w="430" /><ent r="4" t="12" w="443" /><ent r="3" t="12" w="456" /><ent r="4" t="12" w="468" /><ent r="4" t="12" w="483" /><ent r="4" t="12" w="488" /><ent r="4" t="12" w="496" /><ent r="3" t="12" w="507" /><ent r="3" t="12" w="517" /><ent r="3" t="13" w="31" /><ent r="3" t="13" w="57" /><ent r="3" t="13" w="75" /><ent r="3" t="13" w="100" /><ent r="3" t="13" w="127" /><ent r="3" t="13" w="143" /><ent r="3" t="13" w="152" /><ent r="3" t="13" w="160" /><ent r="4" t="14" w="29" /><ent r="4" t="14" w="39" /><ent r="3" t="14" w="47" /><ent r="4" t="14" w="54" /><ent r="4" t="14" w="74" /><ent r="4" t="14" w="90" /><ent r="4" t="14" w="102" /><ent r="4" t="15" w="49" /><ent r="4" t="15" w="62" /><ent r="4" t="15" w="99" /><ent r="4" t="15" w="125" /><ent r="3" t="15" w="147" /><ent r="4" t="15" w="157" /><ent r="4" t="15" w="167" /><ent r="4" t="15" w="174" /><ent r="4" t="15" w="192" /><ent r="4" t="15" w="198" /><ent r="4" t="15" w="205" /><ent r="4" t="15" w="216" /><ent r="4" t="15" w="231" /><ent r="3" t="15" w="260" /><ent r="4" t="15" w="276" /><ent r="4" t="15" w="288" /><ent r="3" t="16" w="31" /><ent r="3" t="16" w="47" /><ent r="4" t="16" w="73" /><ent r="3" t="16" w="81" /><ent r="4" t="16" w="100" /><ent r="4" t="16" w="115" /><ent r="4" t="16" w="130" /><ent r="4" t="16" w="151" /><ent r="4" t="16" w="162" /><ent r="4" t="16" w="171" /><ent r="4" t="16" w="190" /><ent r="4" t="16" w="211" /><ent r="4" t="16" w="220" /><ent r="4" t="16" w="230" /><ent r="4" t="16" w="236" /><ent r="4" t="16" w="256" /><ent r="3" t="16" w="263" /><ent r="3" t="16" w="274" /><ent r="4" t="17" w="39" /><ent r="4" t="17" w="45" /><ent r="4" t="17" w="52" /><ent r="4" t="17" w="59" /><ent r="4" t="17" w="74" /><ent r="3" t="18" w="42" /><ent r="3" t="18" w="49" /><ent r="4" t="18" w="66" /><ent r="4" t="18" w="71" /><ent r="4" t="18" w="78" /><ent r="4" t="18" w="87" /><ent r="4" t="18" w="102" /><ent r="4" t="19" w="42" /><ent r="4" t="19" w="56" /><ent r="3" t="19" w="63" /><ent r="4" t="19" w="75" /><ent r="3" t="19" w="94" /><ent r="4" t="19" w="101" /><ent r="4" t="19" w="108" /><ent r="4" t="19" w="120" /><ent r="4" t="20" w="35" /><ent r="4" t="20" w="49" /><ent r="3" t="20" w="56" /><ent r="4" t="20" w="68" /><ent r="4" t="20" w="79" /><ent r="4" t="20" w="93" /><ent r="4" t="20" w="131" /><ent r="4" t="20" w="135" /><ent r="4" t="20" w="142" /><ent r="4" t="20" w="149" /><ent r="4" t="20" w="161" /><ent r="3" t="21" w="35" /><ent r="3" t="21" w="68" /><ent r="3" t="21" w="87" /><ent r="3" t="21" w="103" /><ent r="3" t="21" w="138" /><ent r="4" t="21" w="157" /><ent r="4" t="21" w="177" /><ent r="4" t="21" w="221" /><ent r="4" t="21" w="247" /><ent r="3" t="22" w="18" /><ent r="4" t="22" w="31" /><ent r="4" t="22" w="46" /><ent r="4" t="22" w="54" /><ent r="4" t="22" w="61" /><ent r="3" t="22" w="81" /><ent r="3" t="22" w="95" /><ent r="4" t="22" w="114" /><ent r="4" t="22" w="133" /><ent r="4" t="22" w="141" /><ent r="4" t="22" w="149" /><ent r="3" t="23" w="37" /><ent r="4" t="23" w="47" /><ent r="4" t="23" w="56" /><ent r="3" t="23" w="67" /><ent r="3" t="23" w="78" /><ent r="3" t="23" w="90" /><ent r="3" t="23" w="100" /><ent r="3" t="23" w="106" /><ent r="3" t="23" w="125" /><ent r="3" t="23" w="149" /><ent r="3" t="24" w="58" /><ent r="3" t="24" w="69" /><ent r="3" t="24" w="94" /><ent r="3" t="24" w="139" /><ent r="3" t="24" w="161" /><ent r="4" t="25" w="36" /><ent r="4" t="25" w="49" /><ent r="5" t="25" w="59" /><ent r="5" t="25" w="75" /><ent r="4" t="25" w="92" /><ent r="4" t="25" w="125" /><ent r="4" t="25" w="156" /><ent r="4" t="25" w="170" /><ent r="5" t="25" w="193" /><ent r="5" t="25" w="206" /><ent r="5" t="25" w="211" /><ent r="5" t="25" w="225" /><ent r="5" t="25" w="248" /><ent r="4" t="25" w="251" /><ent r="4" t="25" w="269" /><ent r="3" t="25" w="290" /><ent r="3" t="25" w="321" /><ent r="4" t="25" w="340" /><ent r="4" t="25" w="380" /><ent r="3" t="25" w="393" /><ent r="3" t="25" w="401" /><ent r="3" t="25" w="417" /><ent r="3" t="25" w="428" /><ent r="4" t="25" w="437" /><ent r="3" t="25" w="459" /><ent r="3" t="25" w="473" /><ent r="3" t="25" w="487" /><ent r="4" t="25" w="531" /><ent r="4" t="25" w="543" /><ent r="3" t="25" w="589" /><ent r="3" t="25" w="594" /><ent r="4" t="26" w="37" /><ent r="4" t="26" w="44" /><ent r="4" t="26" w="63" /><ent r="4" t="26" w="90" /><ent r="3" t="26" w="102" /><ent r="3" t="26" w="116" /><ent r="3" t="26" w="132" /><ent r="3" t="26" w="149" /><ent r="3" t="28" w="47" /><ent r="3" t="28" w="63" /><ent r="3" t="28" w="77" /><ent r="3" t="28" w="92" /><ent r="3" t="28" w="109" /><ent r="3" t="28" w="142" /><ent r="3" t="28" w="201" /><ent r="3" t="28" w="218" /><ent r="3" t="29" w="27" /><ent r="3" t="29" w="38" /><ent r="3" t="29" w="52" /><ent r="3" t="29" w="68" /><ent r="3" t="29" w="85" /><ent r="4" t="29" w="118" /><ent r="4" t="29" w="145" /><ent r="4" t="29" w="162" /><ent r="4" t="29" w="179" /><ent r="4" t="29" w="208" /><ent r="3" t="30" w="51" /><ent r="4" t="30" w="56" /><ent r="4" t="30" w="70" /><ent r="3" t="30" w="78" /><ent r="4" t="30" w="95" /><ent r="3" t="30" w="141" /><ent r="3" t="30" w="150" /><ent r="3" t="30" w="171" /><ent r="3" t="30" w="176" /><ent r="3" t="30" w="191" /><ent r="3" t="30" w="198" /><ent r="3" t="30" w="209" /><ent r="3" t="30" w="216" /><ent r="3" t="30" w="229" /><ent r="3" t="30" w="243" /><ent r="3" t="30" w="249" /><ent r="3" t="30" w="265" /><ent r="3" t="30" w="274" /><ent r="3" t="30" w="280" /><ent r="3" t="30" w="288" /><ent r="3" t="30" w="306" /><ent r="4" t="30" w="320" /><ent r="4" t="30" w="332" /><ent r="4" t="30" w="338" /><ent r="4" t="30" w="350" /><ent r="4" t="30" w="362" /><ent r="4" t="30" w="392" /><ent r="4" t="30" w="398" /><ent r="4" t="30" w="429" /><ent r="4" t="30" w="444" /><ent r="4" t="30" w="457" /><ent r="4" t="30" w="472" /><ent r="4" t="30" w="485" /><ent r="3" t="31" w="43" /><ent r="3" t="31" w="64" /><ent r="3" t="31" w="105" /><ent r="3" t="31" w="128" /><ent r="3" t="31" w="161" /><ent r="3" t="31" w="178" /><ent r="4" t="31" w="189" /><ent r="4" t="31" w="199" /><ent r="4" t="31" w="210" /><ent r="3" t="31" w="232" /><ent r="3" t="31" w="268" /><ent r="3" t="31" w="286" /><ent r="3" t="31" w="299" /><ent r="5" t="31" w="304" /><ent r="3" t="31" w="325" /><ent r="3" t="31" w="335" /><ent r="3" t="31" w="353" /><ent r="3" t="31" w="360" /><ent r="3" t="31" w="372" /><ent r="3" t="31" w="379" /><ent r="3" t="31" w="396" /><ent r="3" t="31" w="426" /><ent r="3" t="31" w="443" /><ent r="3" t="31" w="452" /><ent r="3" t="31" w="469" /><ent r="3" t="31" w="520" /><ent r="3" t="31" w="535" /><ent r="4" t="31" w="549" /><ent r="4" t="31" w="561" /><ent r="4" t="31" w="567" /><ent r="4" t="31" w="579" /><ent r="4" t="31" w="598" /><ent r="4" t="31" w="632" /><ent r="4" t="31" w="639" /><ent r="4" t="31" w="669" /><ent r="4" t="31" w="684" /><ent r="4" t="31" w="695" /><ent r="4" t="31" w="725" /><ent r="4" t="31" w="737" /><ent r="4" t="31" w="758" /><ent r="4" t="31" w="770" /><ent r="4" t="31" w="783" /><ent r="3" t="31" w="795" /><ent r="5" t="31" w="798" /><ent r="4" t="31" w="825" /><ent r="4" t="31" w="839" /><ent r="5" t="31" w="842" /><ent r="4" t="31" w="864" /><ent r="4" t="31" w="881" /><ent r="4" t="31" w="914" /><ent r="3" t="32" w="48" /><ent r="3" t="32" w="65" /><ent r="3" t="32" w="79" /><ent r="3" t="32" w="96" /><ent r="3" t="32" w="113" /><ent r="3" t="32" w="133" /><ent r="3" t="32" w="153" /><ent r="3" t="32" w="163" /><ent r="3" t="32" w="183" /><ent r="3" t="32" w="192" /><ent r="3" t="32" w="229" /><ent r="4" t="32" w="234" /><ent r="4" t="32" w="244" /><ent r="4" t="32" w="251" /><ent r="4" t="32" w="258" /><ent r="5" t="32" w="263" /><ent r="4" t="32" w="280" /><ent r="4" t="32" w="285" /><ent r="4" t="32" w="300" /><ent r="4" t="32" w="307" /><ent r="4" t="32" w="330" /><ent r="4" t="32" w="345" /><ent r="4" t="32" w="352" /><ent r="3" t="32" w="364" /><ent r="3" t="32" w="371" /><ent r="3" t="32" w="385" /><ent r="3" t="32" w="399" /><ent r="3" t="32" w="403" /><ent r="3" t="32" w="418" /><ent r="3" t="32" w="433" /><ent r="3" t="32" w="441" /><ent r="3" t="32" w="457" /><ent r="4" t="32" w="503" /><ent r="4" t="32" w="517" /><ent r="4" t="32" w="529" /><ent r="4" t="32" w="535" /><ent r="4" t="32" w="547" /><ent r="4" t="32" w="573" /><ent r="4" t="32" w="580" /><ent r="4" t="32" w="611" /><ent r="4" t="32" w="626" /><ent r="4" t="32" w="636" /><ent r="4" t="32" w="654" /><ent r="4" t="32" w="667" /><ent r="3" t="33" w="58" /><ent r="3" t="33" w="65" /><ent r="3" t="33" w="81" /><ent r="4" t="33" w="103" /><ent r="4" t="33" w="111" /><ent r="4" t="33" w="127" /><ent r="3" t="33" w="138" /><ent r="3" t="33" w="158" /><ent r="3" t="33" w="174" /><ent r="3" t="33" w="193" /><ent r="3" t="33" w="213" /><ent r="3" t="33" w="229" /><ent r="4" t="33" w="236" /><ent r="3" t="33" w="247" /><ent r="3" t="33" w="259" /><ent r="4" t="33" w="279" /><ent r="4" t="33" w="298" /><ent r="4" t="33" w="306" /><ent r="4" t="33" w="317" /><ent r="4" t="33" w="324" /><ent r="4" t="33" w="342" /><ent r="4" t="33" w="361" /><ent r="4" t="33" w="386" /><ent r="4" t="33" w="394" /><ent r="3" t="33" w="401" /><ent r="3" t="34" w="48" /><ent r="4" t="34" w="66" /><ent r="4" t="34" w="79" /><ent r="4" t="34" w="93" /><ent r="4" t="34" w="106" /><ent r="4" t="34" w="115" /><ent r="4" t="34" w="126" /><ent r="4" t="34" w="135" /><ent r="4" t="34" w="144" /><ent r="3" t="34" w="182" /><ent r="3" t="34" w="207" /><ent r="3" t="34" w="222" /><ent r="4" t="34" w="265" /><ent r="4" t="34" w="277" /><ent r="5" t="34" w="324" /><ent r="4" t="34" w="385" /><ent r="4" t="34" w="425" /><ent r="4" t="34" w="466" /><ent r="4" t="34" w="485" /><ent r="4" t="34" w="498" /><ent r="4" t="35" w="67" /><ent r="4" t="35" w="84" /><ent r="4" t="35" w="90" /><ent r="4" t="35" w="97" /><ent r="4" t="35" w="111" /><ent r="3" t="35" w="120" /><ent r="3" t="35" w="142" /><ent r="3" t="35" w="163" /><ent r="3" t="35" w="179" /><ent r="3" t="35" w="202" /><ent r="3" t="35" w="229" /><ent r="3" t="35" w="258" /><ent r="3" t="35" w="275" /><ent r="3" t="35" w="292" /><ent r="3" t="35" w="304" /><ent r="3" t="35" w="329" /><ent r="3" t="35" w="356" /><ent r="3" t="35" w="378" /><ent r="3" t="35" w="403" /><ent r="3" t="36" w="45" /><ent r="3" t="36" w="60" /><ent r="4" t="36" w="103" /><ent r="4" t="36" w="115" /><ent r="3" t="36" w="130" /><ent r="4" t="36" w="143" /><ent r="4" t="36" w="154" /><ent r="4" t="36" w="164" /><ent r="4" t="36" w="178" /><ent r="3" t="36" w="206" /><ent r="4" t="36" w="224" /><ent r="4" t="36" w="240" /><ent r="4" t="36" w="247" /><ent r="4" t="36" w="275" /><ent r="4" t="36" w="289" /><ent r="4" t="36" w="302" /><ent r="4" t="36" w="308" /><ent r="4" t="36" w="320" /><ent r="4" t="36" w="335" /><ent r="4" t="36" w="343" /><ent r="4" t="36" w="361" /><ent r="4" t="36" w="383" /><ent r="4" t="36" w="404" /><ent r="4" t="36" w="420" /><ent r="4" t="36" w="436" /><ent r="3" t="36" w="449" /><ent r="4" t="36" w="468" /><ent r="4" t="36" w="489" /><ent r="4" t="36" w="500" /><ent r="4" t="36" w="518" /><ent r="4" t="36" w="544" /><ent r="4" t="36" w="562" /><ent r="4" t="36" w="568" /><ent r="4" t="36" w="578" /><ent r="3" t="36" w="609" /><ent r="3" t="36" w="639" /><ent r="4" t="36" w="659" /><ent r="4" t="36" w="672" /><ent r="4" t="36" w="682" /><ent r="4" t="36" w="722" /><ent r="3" t="36" w="734" /><ent r="3" t="36" w="764" /><ent r="3" t="36" w="791" /><ent r="5" t="36" w="811" /><ent r="3" t="36" w="827" /><ent r="5" t="37" w="70" /><ent r="4" t="37" w="132" /><ent r="4" t="37" w="172" /><ent r="4" t="37" w="213" /><ent r="4" t="37" w="232" /><ent r="4" t="37" w="245" /><ent r="3" t="37" w="276" /><ent r="4" t="37" w="296" /><ent r="4" t="37" w="307" /><ent r="4" t="37" w="333" /><ent r="4" t="37" w="351" /><ent r="4" t="37" w="359" /><ent r="3" t="37" w="380" /><ent r="4" t="37" w="388" /><ent r="4" t="37" w="415" /><ent r="4" t="37" w="425" /><ent r="4" t="37" w="471" /><ent r="4" t="37" w="492" /><ent r="4" t="37" w="501" /><ent r="4" t="37" w="516" /><ent r="4" t="37" w="526" /><ent r="4" t="37" w="547" /><ent r="3" t="37" w="562" /><ent r="3" t="37" w="578" /><ent r="3" t="37" w="604" /><ent r="3" t="37" w="612" /><ent r="3" t="38" w="51" /><ent r="3" t="38" w="76" /><ent r="3" t="38" w="88" /><ent r="3" t="38" w="104" /><ent r="4" t="38" w="121" /><ent r="4" t="38" w="130" /><ent r="3" t="38" w="137" /><ent r="3" t="38" w="151" /><ent r="3" t="38" w="158" /><ent r="3" t="38" w="163" /><ent r="3" t="38" w="193" /><ent r="3" t="38" w="212" /><ent r="3" t="38" w="217" /><ent r="3" t="38" w="223" /><ent r="3" t="38" w="261" /><ent r="3" t="38" w="264" /><ent r="3" t="38" w="272" /><ent r="3" t="38" w="291" /><ent r="4" t="38" w="317" /><ent r="4" t="38" w="328" /><ent r="4" t="38" w="336" /><ent r="3" t="38" w="342" /><ent r="3" t="38" w="354" /><ent r="3" t="38" w="361" /><ent r="3" t="38" w="376" /><ent r="3" t="38" w="381" /><ent r="3" t="38" w="393" /><ent r="3" t="38" w="401" /><ent r="3" t="38" w="411" /><ent r="3" t="38" w="416" /><ent r="3" t="38" w="433" /><ent r="3" t="38" w="457" /><ent r="4" t="38" w="464" /><ent r="4" t="38" w="467" /><ent r="4" t="38" w="483" /><ent r="3" t="38" w="509" /><ent r="4" t="38" w="534" /><ent r="4" t="38" w="548" /><ent r="3" t="38" w="555" /><ent r="4" t="38" w="570" /><ent r="3" t="38" w="592" /><ent r="4" t="38" w="599" /><ent r="4" t="38" w="610" /><ent r="4" t="38" w="627" /><ent r="4" t="38" w="634" /><ent r="4" t="38" w="637" /><ent r="4" t="38" w="653" /><ent r="3" t="38" w="665" /><ent r="3" t="38" w="681" /><ent r="3" t="39" w="49" /><ent r="3" t="39" w="68" /><ent r="3" t="39" w="90" /><ent r="3" t="39" w="106" /><ent r="4" t="39" w="120" /><ent r="4" t="39" w="129" /><ent r="3" t="39" w="136" /><ent r="3" t="39" w="152" /><ent r="3" t="39" w="182" /><ent r="3" t="39" w="187" /><ent r="3" t="39" w="212" /><ent r="3" t="39" w="220" /><ent r="3" t="39" w="238" /><ent r="3" t="39" w="242" /><ent r="3" t="39" w="251" /><ent r="4" t="39" w="258" /><ent r="4" t="39" w="262" /><ent r="4" t="39" w="278" /><ent r="3" t="40" w="38" /><ent r="3" t="40" w="53" /><ent r="4" t="40" w="91" /><ent r="4" t="40" w="102" /><ent r="4" t="40" w="116" /><ent r="4" t="40" w="122" /><ent r="3" t="40" w="141" /><ent r="3" t="40" w="156" /><ent r="3" t="40" w="178" /><ent r="3" t="40" w="191" /><ent r="3" t="40" w="211" /><ent r="3" t="40" w="231" /><ent r="3" t="40" w="240" /><ent r="3" t="40" w="254" /><ent r="3" t="40" w="258" /><ent r="3" t="40" w="264" /><ent r="3" t="40" w="290" /><ent r="3" t="40" w="308" /><ent r="3" t="40" w="324" /><ent r="3" t="40" w="341" /><ent r="3" t="40" w="353" /><ent r="4" t="40" w="358" /><ent r="3" t="40" w="372" /><ent r="3" t="40" w="382" /><ent r="3" t="40" w="387" /><ent r="3" t="40" w="418" /><ent r="3" t="40" w="422" /><ent r="3" t="40" w="438" /><ent r="3" t="40" w="449" /><ent r="3" t="40" w="471" /><ent r="3" t="40" w="480" /><ent r="3" t="40" w="501" /><ent r="3" t="40" w="527" /><ent r="3" t="40" w="536" /><ent r="3" t="40" w="552" /><ent r="3" t="41" w="39" /><ent r="3" t="41" w="61" /><ent r="3" t="41" w="67" /><ent r="3" t="41" w="71" /><ent r="3" t="41" w="86" /><ent r="3" t="42" w="49" /><ent r="3" t="42" w="74" /><ent r="3" t="42" w="98" /><ent r="3" t="42" w="122" /><ent r="3" t="42" w="134" /><ent r="3" t="43" w="37" /><ent r="4" t="43" w="50" /><ent r="4" t="43" w="65" /><ent r="3" t="43" w="91" /><ent r="3" t="43" w="101" /><ent r="3" t="43" w="124" /><ent r="3" t="43" w="142" /><ent r="3" t="43" w="153" /><ent r="4" t="44" w="32" /><ent r="4" t="44" w="41" /><ent r="4" t="44" w="55" /><ent r="4" t="44" w="75" /><ent r="3" t="44" w="84" /><ent r="3" t="44" w="96" /><ent r="3" t="44" w="122" /><ent r="3" t="44" w="146" /><ent r="3" t="44" w="168" /><ent r="3" t="44" w="179" /><ent r="3" t="45" w="45" /><ent r="4" t="45" w="49" /><ent r="4" t="45" w="58" /><ent r="4" t="45" w="73" /><ent r="4" t="45" w="81" /><ent r="3" t="45" w="108" /><ent r="3" t="45" w="150" /><ent r="3" t="45" w="175" /><ent r="3" t="45" w="197" /><ent r="3" t="45" w="208" /><ent r="3" t="45" w="225" /><ent r="3" t="45" w="260" /><ent r="3" t="45" w="279" /><ent r="3" t="45" w="291" /><ent r="3" t="46" w="45" /><ent r="5" t="46" w="51" /><ent r="4" t="46" w="65" /><ent r="3" t="46" w="72" /><ent r="3" t="46" w="98" /><ent r="3" t="46" w="114" /><ent r="3" t="46" w="138" /><ent r="3" t="46" w="154" /><ent r="3" t="46" w="173" /><ent r="3" t="46" w="195" /><ent r="3" t="46" w="203" /><ent r="3" t="46" w="236" /><ent r="3" t="46" w="254" /><ent r="3" t="46" w="276" /><ent r="3" t="46" w="305" /><ent r="3" t="46" w="315" /><ent r="3" t="46" w="346" /><ent r="3" t="46" w="358" /><ent r="3" t="46" w="397" /><ent r="3" t="46" w="556" /><ent r="3" t="46" w="603" /><ent r="3" t="46" w="631" /><ent r="3" t="46" w="654" /><ent r="3" t="46" w="668" /><ent r="3" t="46" w="691" /><ent r="3" t="46" w="704" /><ent r="3" t="47" w="33" /><ent r="3" t="47" w="54" /><ent r="3" t="47" w="77" /><ent r="3" t="47" w="86" /><ent r="3" t="47" w="113" /><ent r="3" t="47" w="150" /><ent r="3" t="47" w="168" /><ent r="3" t="47" w="187" /><ent r="4" t="47" w="217" /><ent r="3" t="47" w="247" /><ent r="4" t="47" w="253" /><ent r="4" t="47" w="266" /><ent r="3" t="47" w="303" /><ent r="3" t="47" w="327" /><ent r="4" t="47" w="340" /><ent r="4" t="47" w="352" /><ent r="4" t="47" w="357" /><ent r="3" t="47" w="386" /><ent r="3" t="47" w="396" /><ent r="3" t="47" w="408" /><ent r="3" t="47" w="424" /><ent r="3" t="47" w="435" /><ent r="3" t="47" w="454" /><ent r="3" t="47" w="468" /><ent r="3" t="47" w="500" /><ent r="3" t="47" w="517" /><ent r="4" t="47" w="534" /><ent r="3" t="47" w="541" /><ent r="4" t="47" w="553" /><ent r="3" t="47" w="571" /><ent r="3" t="47" w="590" /><ent r="4" t="47" w="595" /><ent r="3" t="48" w="36" /><ent r="3" t="48" w="60" /><ent r="3" t="48" w="71" /><ent r="3" t="48" w="93" /><ent r="3" t="48" w="110" /><ent r="3" t="48" w="116" /><ent r="3" t="48" w="130" /><ent r="3" t="48" w="140" /><ent r="4" t="48" w="171" /><ent r="3" t="48" w="180" /><ent r="3" t="48" w="192" /><ent r="3" t="48" w="225" /><ent r="4" t="48" w="232" /><ent r="4" t="48" w="245" /><ent r="3" t="48" w="295" /><ent r="4" t="48" w="324" /><ent r="4" t="48" w="335" /><ent r="4" t="48" w="352" /><ent r="4" t="48" w="358" /><ent r="4" t="48" w="383" /><ent r="4" t="48" w="407" /><ent r="3" t="48" w="436" /><ent r="3" t="48" w="446" /><ent r="3" t="48" w="458" /><ent r="3" t="48" w="474" /><ent r="3" t="48" w="485" /><ent r="3" t="48" w="504" /><ent r="3" t="48" w="520" /><ent r="4" t="49" w="29" /><ent r="3" t="49" w="52" /><ent r="4" t="49" w="66" /><ent r="3" t="49" w="88" /><ent r="3" t="49" w="105" /><ent r="4" t="49" w="123" /><ent r="3" t="50" w="19" /><ent r="3" t="50" w="56" /><ent r="3" t="50" w="91" /><ent r="3" t="50" w="103" /><ent r="3" t="51" w="33" /><ent r="4" t="51" w="57" /><ent r="3" t="51" w="86" /><ent r="3" t="51" w="97" /><ent r="4" t="51" w="110" /><ent r="3" t="52" w="15" /><ent r="3" t="52" w="23" /><ent r="3" t="52" w="59" /><ent r="4" t="53" w="44" /><ent r="3" t="55" w="30" /><ent r="3" t="55" w="55" /><ent r="3" t="55" w="78" /><ent r="3" t="55" w="103" /><ent r="3" t="55" w="120" /><ent r="3" t="55" w="142" /><ent r="3" t="55" w="178" /><ent r="3" t="55" w="257" /><ent r="3" t="55" w="357" /><ent r="3" t="55" w="374" /><ent r="4" t="56" w="32" /><ent r="4" t="56" w="35" /><ent r="3" t="57" w="34" /><ent r="3" t="57" w="67" /><ent r="3" t="57" w="90" /><ent r="3" t="57" w="118" /><ent r="3" t="57" w="144" /><ent r="3" t="57" w="164" /><ent r="3" t="57" w="183" /><ent r="3" t="57" w="278" /><ent r="3" t="57" w="305" /><ent r="3" t="57" w="338" /><ent r="3" t="57" w="362" /><ent r="3" t="57" w="377" /><ent r="3" t="57" w="420" /><ent r="4" t="58" w="47" /><ent r="4" t="58" w="49" /><ent r="4" t="58" w="78" /><ent r="3" t="59" w="27" /><ent r="3" t="59" w="37" /><ent r="3" t="59" w="62" /><ent r="3" t="59" w="68" /><ent r="3" t="59" w="88" /><ent r="3" t="59" w="118" /><ent r="3" t="60" w="35" /><ent r="3" t="60" w="211" /><ent r="3" t="60" w="223" /><ent r="3" t="60" w="239" /><ent r="3" t="60" w="261" /><ent r="3" t="60" w="277" /><ent r="3" t="60" w="290" /><ent r="3" t="60" w="311" /><ent r="3" t="60" w="345" /><ent r="3" t="60" w="358" /><ent r="3" t="60" w="373" /><ent r="4" t="61" w="6" /><ent r="4" t="61" w="49" /><ent r="4" t="61" w="51" /><ent r="4" t="61" w="55" /><ent r="4" t="61" w="77" /><ent r="4" t="61" w="80" /></phr></stem></index>