<?xml version="1.0" encoding="utf-8"?><index><stem n="spectral"><phr n="Spectral"><ent r="1000" t="0" w="1" /><ent r="102" t="0" w="5" /><ent r="3" t="0" w="10" /><ent r="1000" t="1" w="1" /><ent r="102" t="1" w="4" /><ent r="100" t="1" w="7" /><ent r="6" t="1" w="23" /><ent r="6" t="1" w="185" /><ent r="6" t="1" w="197" /><ent r="6" t="1" w="204" /><ent r="6" t="1" w="216" /><ent r="6" t="1" w="227" /><ent r="6" t="1" w="238" /><ent r="6" t="1" w="293" /><ent r="6" t="1" w="318" /><ent r="6" t="1" w="365" /><ent r="6" t="1" w="390" /><ent r="6" t="1" w="454" /><ent r="1000" t="2" w="2" /><ent r="102" t="2" w="7" /><ent r="100" t="2" w="12" /><ent r="3" t="2" w="27" /><ent r="3" t="2" w="38" /><ent r="3" t="2" w="44" /><ent r="3" t="2" w="62" /><ent r="3" t="2" w="106" /><ent r="65" t="2" w="122" /><ent r="3" t="2" w="158" /><ent r="3" t="2" w="167" /><ent r="3" t="2" w="183" /><ent r="4" t="2" w="231" /><ent r="5" t="2" w="247" /><ent r="4" t="2" w="319" /><ent r="4" t="2" w="326" /><ent r="4" t="2" w="339" /><ent r="6" t="7" w="156" /><ent r="3" t="8" w="62" /><ent r="6" t="8" w="124" /><ent r="3" t="9" w="25" /><ent r="65" t="9" w="54" /><ent r="3" t="9" w="84" /><ent r="5" t="9" w="163" /><ent r="1000" t="10" w="1" /><ent r="102" t="10" w="6" /><ent r="100" t="10" w="13" /><ent r="3" t="10" w="19" /><ent r="3" t="10" w="31" /><ent r="3" t="10" w="38" /><ent r="3" t="10" w="52" /><ent r="3" t="10" w="70" /><ent r="3" t="10" w="76" /><ent r="3" t="10" w="96" /><ent r="65" t="10" w="108" /><ent r="3" t="10" w="131" /><ent r="3" t="10" w="140" /><ent r="3" t="10" w="155" /><ent r="4" t="10" w="203" /><ent r="5" t="10" w="219" /><ent r="3" t="10" w="231" /><ent r="4" t="10" w="249" /><ent r="4" t="10" w="260" /><ent r="4" t="10" w="275" /><ent r="4" t="10" w="289" /><ent r="4" t="10" w="296" /><ent r="4" t="10" w="309" /><ent r="3" t="11" w="113" /><ent r="65" t="11" w="156" /><ent r="5" t="11" w="163" /><ent r="65" t="12" w="118" /><ent r="1000" t="13" w="1" /><ent r="102" t="13" w="5" /><ent r="100" t="13" w="9" /><ent r="3" t="13" w="14" /><ent r="3" t="13" w="29" /><ent r="3" t="13" w="32" /><ent r="3" t="13" w="58" /><ent r="3" t="13" w="80" /><ent r="3" t="13" w="113" /><ent r="3" t="13" w="130" /><ent r="64" t="13" w="138" /><ent r="4" t="13" w="145" /><ent r="4" t="13" w="148" /><ent r="3" t="13" w="154" /><ent r="65" t="13" w="170" /><ent r="65" t="13" w="175" /><ent r="65" t="13" w="182" /><ent r="65" t="13" w="194" /><ent r="65" t="13" w="206" /><ent r="64" t="13" w="212" /><ent r="1000" t="14" w="4" /><ent r="100" t="14" w="7" /><ent r="102" t="14" w="17" /><ent r="65" t="14" w="24" /><ent r="5" t="14" w="31" /><ent r="5" t="14" w="35" /><ent r="3" t="14" w="41" /><ent r="4" t="14" w="58" /><ent r="65" t="14" w="87" /><ent r="4" t="14" w="94" /><ent r="65" t="14" w="99" /><ent r="64" t="14" w="106" /><ent r="64" t="14" w="112" /><ent r="64" t="14" w="117" /><ent r="1000" t="15" w="3" /><ent r="100" t="15" w="6" /><ent r="102" t="15" w="15" /><ent r="3" t="15" w="29" /><ent r="4" t="15" w="46" /><ent r="4" t="15" w="58" /><ent r="5" t="15" w="80" /><ent r="4" t="15" w="93" /><ent r="4" t="15" w="100" /><ent r="4" t="15" w="131" /><ent r="3" t="15" w="145" /><ent r="65" t="15" w="152" /><ent r="5" t="15" w="159" /><ent r="5" t="15" w="163" /><ent r="4" t="15" w="185" /><ent r="4" t="15" w="218" /><ent r="3" t="15" w="235" /><ent r="65" t="15" w="273" /><ent r="4" t="15" w="280" /><ent r="65" t="15" w="285" /><ent r="64" t="15" w="295" /><ent r="64" t="15" w="300" /><ent r="64" t="15" w="303" /><ent r="1000" t="16" w="5" /><ent r="100" t="16" w="8" /><ent r="102" t="16" w="18" /><ent r="3" t="16" w="29" /><ent r="4" t="16" w="50" /><ent r="4" t="16" w="128" /><ent r="3" t="16" w="270" /><ent r="64" t="16" w="280" /><ent r="64" t="16" w="286" /><ent r="64" t="16" w="302" /><ent r="64" t="16" w="305" /><ent r="100" t="17" w="8" /><ent r="4" t="17" w="25" /><ent r="64" t="17" w="82" /><ent r="64" t="17" w="87" /><ent r="64" t="17" w="93" /><ent r="64" t="17" w="96" /><ent r="1000" t="18" w="3" /><ent r="100" t="18" w="6" /><ent r="102" t="18" w="14" /><ent r="3" t="18" w="24" /><ent r="3" t="18" w="39" /><ent r="4" t="18" w="52" /><ent r="64" t="18" w="108" /><ent r="64" t="18" w="111" /><ent r="100" t="19" w="5" /><ent r="3" t="19" w="23" /><ent r="4" t="19" w="28" /><ent r="64" t="19" w="128" /><ent r="64" t="19" w="138" /><ent r="1000" t="20" w="3" /><ent r="100" t="20" w="6" /><ent r="100" t="20" w="11" /><ent r="102" t="20" w="16" /><ent r="4" t="20" w="21" /><ent r="4" t="20" w="98" /><ent r="64" t="20" w="165" /><ent r="64" t="20" w="171" /><ent r="64" t="20" w="177" /><ent r="64" t="20" w="184" /><ent r="1000" t="21" w="1" /><ent r="102" t="21" w="7" /><ent r="64" t="21" w="15" /><ent r="3" t="21" w="36" /><ent r="3" t="21" w="65" /><ent r="3" t="21" w="78" /><ent r="3" t="21" w="88" /><ent r="3" t="21" w="108" /><ent r="3" t="21" w="121" /><ent r="3" t="21" w="132" /><ent r="4" t="21" w="154" /><ent r="4" t="21" w="161" /><ent r="65" t="21" w="197" /><ent r="65" t="21" w="203" /><ent r="4" t="21" w="215" /><ent r="4" t="21" w="222" /><ent r="4" t="21" w="253" /><ent r="4" t="23" w="40" /><ent r="65" t="25" w="24" /><ent r="65" t="26" w="25" /><ent r="3" t="27" w="12" /><ent r="64" t="27" w="29" /><ent r="3" t="29" w="23" /><ent r="4" t="30" w="60" /><ent r="5" t="30" w="65" /><ent r="65" t="31" w="194" /><ent r="5" t="31" w="201" /><ent r="3" t="31" w="394" /><ent r="1000" t="32" w="1" /><ent r="102" t="32" w="6" /><ent r="100" t="32" w="11" /><ent r="3" t="32" w="18" /><ent r="5" t="32" w="24" /><ent r="3" t="32" w="144" /><ent r="92" t="32" w="195" /><ent r="65" t="32" w="239" /><ent r="5" t="32" w="246" /><ent r="4" t="32" w="252" /><ent r="3" t="32" w="365" /><ent r="3" t="32" w="414" /><ent r="5" t="33" w="29" /><ent r="65" t="33" w="93" /><ent r="3" t="33" w="147" /><ent r="65" t="33" w="269" /><ent r="65" t="33" w="332" /><ent r="1000" t="34" w="1" /><ent r="102" t="34" w="5" /><ent r="100" t="34" w="9" /><ent r="3" t="34" w="14" /><ent r="5" t="34" w="20" /><ent r="4" t="34" w="59" /><ent r="4" t="34" w="70" /><ent r="4" t="34" w="83" /><ent r="4" t="34" w="142" /><ent r="3" t="34" w="170" /><ent r="3" t="34" w="176" /><ent r="4" t="34" w="232" /><ent r="66" t="34" w="302" /><ent r="4" t="34" w="339" /><ent r="4" t="34" w="389" /><ent r="64" t="34" w="502" /><ent r="1000" t="35" w="1" /><ent r="102" t="35" w="6" /><ent r="100" t="35" w="11" /><ent r="100" t="35" w="17" /><ent r="3" t="35" w="22" /><ent r="3" t="35" w="34" /><ent r="3" t="35" w="43" /><ent r="5" t="35" w="86" /><ent r="4" t="35" w="91" /><ent r="92" t="35" w="121" /><ent r="3" t="35" w="241" /><ent r="3" t="35" w="353" /><ent r="64" t="35" w="407" /><ent r="100" t="36" w="9" /><ent r="64" t="36" w="17" /><ent r="5" t="36" w="24" /><ent r="4" t="36" w="70" /><ent r="65" t="36" w="159" /><ent r="5" t="36" w="168" /><ent r="4" t="36" w="176" /><ent r="4" t="36" w="192" /><ent r="3" t="36" w="199" /><ent r="4" t="36" w="219" /><ent r="4" t="36" w="256" /><ent r="4" t="36" w="381" /><ent r="4" t="36" w="391" /><ent r="4" t="36" w="402" /><ent r="4" t="36" w="424" /><ent r="5" t="36" w="429" /><ent r="5" t="36" w="432" /><ent r="3" t="36" w="438" /><ent r="4" t="36" w="566" /><ent r="4" t="36" w="691" /><ent r="4" t="36" w="719" /><ent r="3" t="36" w="763" /><ent r="64" t="36" w="780" /><ent r="4" t="36" w="786" /><ent r="4" t="36" w="789" /><ent r="3" t="36" w="801" /><ent r="4" t="36" w="808" /><ent r="3" t="36" w="826" /><ent r="64" t="36" w="839" /><ent r="100" t="37" w="9" /><ent r="64" t="37" w="17" /><ent r="5" t="37" w="24" /><ent r="66" t="37" w="48" /><ent r="4" t="37" w="86" /><ent r="4" t="37" w="136" /><ent r="65" t="37" w="312" /><ent r="6" t="37" w="436" /><ent r="4" t="37" w="534" /><ent r="5" t="37" w="542" /><ent r="65" t="38" w="116" /><ent r="5" t="38" w="123" /><ent r="4" t="38" w="537" /><ent r="5" t="38" w="541" /><ent r="65" t="39" w="115" /><ent r="5" t="39" w="122" /><ent r="3" t="40" w="41" /><ent r="4" t="40" w="106" /><ent r="5" t="40" w="111" /><ent r="6" t="40" w="130" /><ent r="3" t="41" w="28" /><ent r="64" t="41" w="50" /><ent r="64" t="42" w="39" /><ent r="65" t="43" w="41" /><ent r="65" t="44" w="52" /><ent r="65" t="45" w="70" /><ent r="64" t="46" w="798" /><ent r="64" t="46" w="823" /><ent r="1000" t="47" w="1" /><ent r="102" t="47" w="4" /><ent r="100" t="47" w="7" /><ent r="3" t="47" w="13" /><ent r="3" t="47" w="22" /><ent r="3" t="47" w="32" /><ent r="4" t="47" w="65" /><ent r="65" t="47" w="74" /><ent r="5" t="47" w="81" /><ent r="5" t="47" w="88" /><ent r="3" t="47" w="93" /><ent r="5" t="47" w="287" /><ent r="4" t="47" w="301" /><ent r="4" t="47" w="308" /><ent r="4" t="47" w="335" /><ent r="3" t="47" w="510" /><ent r="3" t="47" w="595" /><ent r="64" t="47" w="660" /><ent r="64" t="48" w="69" /><ent r="3" t="49" w="92" /><ent r="3" t="49" w="158" /><ent r="64" t="49" w="163" /><ent r="3" t="49" w="178" /><ent r="65" t="49" w="223" /><ent r="4" t="49" w="255" /><ent r="3" t="49" w="284" /><ent r="4" t="49" w="562" /><ent r="3" t="49" w="587" /><ent r="1000" t="50" w="1" /><ent r="102" t="50" w="6" /><ent r="100" t="50" w="13" /><ent r="3" t="50" w="19" /><ent r="3" t="50" w="30" /><ent r="3" t="50" w="37" /><ent r="3" t="50" w="62" /><ent r="3" t="50" w="77" /><ent r="3" t="50" w="96" /><ent r="3" t="50" w="105" /><ent r="92" t="50" w="144" /><ent r="92" t="50" w="148" /><ent r="3" t="50" w="175" /><ent r="64" t="50" w="201" /><ent r="4" t="50" w="241" /><ent r="3" t="50" w="254" /><ent r="3" t="57" w="13" /><ent r="3" t="57" w="63" /><ent r="3" t="57" w="131" /><ent r="3" t="57" w="151" /><ent r="3" t="59" w="9" /><ent r="5" t="59" w="15" /><ent r="3" t="59" w="54" /><ent r="3" t="59" w="59" /><ent r="3" t="59" w="188" /><ent r="3" t="59" w="262" /><ent r="3" t="59" w="311" /><ent r="3" t="59" w="346" /><ent r="3" t="59" w="349" /><ent r="3" t="59" w="404" /><ent r="4" t="60" w="29" /><ent r="3" t="62" w="19" /><ent r="3" t="62" w="306" /></phr><phr n="spectrally"><ent r="4" t="25" w="97" /><ent r="4" t="25" w="102" /><ent r="3" t="52" w="44" /></phr></stem><stem n="extens"><phr n="Extension"><ent r="1000" t="0" w="2" /><ent r="102" t="0" w="6" /><ent r="3" t="0" w="11" /><ent r="3" t="9" w="35" /><ent r="4" t="15" w="128" /><ent r="3" t="21" w="109" /><ent r="4" t="21" w="250" /><ent r="5" t="25" w="232" /><ent r="3" t="27" w="13" /><ent r="3" t="49" w="47" /><ent r="3" t="49" w="293" /><ent r="3" t="49" w="326" /><ent r="3" t="49" w="574" /><ent r="3" t="49" w="582" /><ent r="3" t="50" w="262" /><ent r="3" t="50" w="300" /><ent r="3" t="50" w="310" /><ent r="3" t="54" w="37" /></phr><phr n="extensions"><ent r="4" t="15" w="65" /><ent r="4" t="21" w="180" /></phr></stem><stem n="help"><phr n="Help"><ent r="1000" t="0" w="3" /><ent r="102" t="0" w="7" /><ent r="3" t="34" w="32" /><ent r="4" t="40" w="101" /></phr><phr n="helps"><ent r="3" t="40" w="179" /></phr></stem><stem n="optick"><phr n="Opticks"><ent r="3" t="0" w="13" /><ent r="6" t="1" w="139" /><ent r="3" t="2" w="41" /><ent r="4" t="2" w="192" /><ent r="4" t="4" w="30" /><ent r="3" t="4" w="70" /><ent r="4" t="6" w="33" /><ent r="4" t="7" w="346" /><ent r="3" t="7" w="421" /><ent r="4" t="8" w="300" /><ent r="3" t="8" w="368" /><ent r="3" t="9" w="22" /><ent r="4" t="9" w="108" /><ent r="3" t="10" w="34" /><ent r="4" t="10" w="165" /><ent r="4" t="11" w="429" /><ent r="3" t="13" w="55" /><ent r="3" t="13" w="74" /><ent r="4" t="15" w="97" /><ent r="3" t="21" w="48" /><ent r="3" t="21" w="101" /><ent r="3" t="21" w="105" /><ent r="4" t="21" w="219" /><ent r="3" t="22" w="93" /><ent r="3" t="28" w="106" /><ent r="4" t="30" w="307" /><ent r="4" t="30" w="339" /><ent r="4" t="30" w="484" /><ent r="3" t="31" w="18" /><ent r="3" t="31" w="492" /><ent r="4" t="31" w="536" /><ent r="4" t="31" w="568" /><ent r="4" t="31" w="782" /><ent r="3" t="32" w="110" /><ent r="4" t="32" w="504" /><ent r="4" t="32" w="536" /><ent r="4" t="32" w="666" /><ent r="3" t="33" w="213" /><ent r="4" t="35" w="51" /><ent r="4" t="36" w="263" /><ent r="3" t="40" w="40" /><ent r="4" t="40" w="99" /><ent r="3" t="40" w="123" /><ent r="3" t="46" w="43" /><ent r="4" t="48" w="20" /><ent r="3" t="49" w="51" /><ent r="3" t="49" w="147" /><ent r="4" t="49" w="196" /><ent r="3" t="49" w="494" /><ent r="4" t="49" w="520" /><ent r="3" t="50" w="33" /><ent r="4" t="50" w="158" /></phr></stem><stem n="contain"><phr n="contains"><ent r="3" t="0" w="14" /><ent r="3" t="7" w="87" /><ent r="3" t="8" w="105" /><ent r="3" t="10" w="48" /><ent r="3" t="11" w="63" /><ent r="4" t="15" w="109" /><ent r="4" t="21" w="231" /><ent r="3" t="46" w="671" /><ent r="3" t="50" w="47" /></phr><phr n="contain"><ent r="3" t="2" w="72" /><ent r="3" t="24" w="173" /><ent r="3" t="25" w="399" /><ent r="3" t="25" w="413" /></phr><phr n="contained"><ent r="3" t="10" w="62" /><ent r="3" t="10" w="84" /><ent r="4" t="15" w="121" /><ent r="3" t="21" w="46" /><ent r="4" t="21" w="243" /><ent r="3" t="30" w="187" /><ent r="3" t="31" w="349" /><ent r="4" t="32" w="296" /><ent r="4" t="32" w="341" /><ent r="4" t="36" w="236" /><ent r="5" t="47" w="150" /><ent r="3" t="50" w="56" /></phr><phr n="containing"><ent r="4" t="36" w="147" /><ent r="3" t="57" w="192" /><ent r="3" t="57" w="248" /></phr></stem><stem n="multipl"><phr n="multiple"><ent r="3" t="0" w="15" /><ent r="4" t="16" w="133" /><ent r="4" t="16" w="193" /><ent r="4" t="31" w="849" /><ent r="3" t="40" w="530" /><ent r="92" t="49" w="471" /><ent r="3" t="49" w="480" /><ent r="3" t="59" w="378" /></phr><phr n="multiplicative"><ent r="3" t="62" w="113" /><ent r="3" t="62" w="133" /></phr></stem><stem n="-in"><phr n="-ins"><ent r="3" t="0" w="16" /><ent r="3" t="0" w="16" /><ent r="3" t="0" w="45" /><ent r="3" t="0" w="45" /><ent r="1000" t="27" w="3" /><ent r="1000" t="27" w="3" /><ent r="102" t="27" w="8" /><ent r="102" t="27" w="8" /></phr><phr n="-In"><ent r="67" t="1" w="97" /><ent r="67" t="1" w="97" /><ent r="4" t="2" w="126" /><ent r="4" t="2" w="126" /><ent r="4" t="9" w="58" /><ent r="4" t="9" w="58" /><ent r="4" t="10" w="112" /><ent r="4" t="10" w="112" /><ent r="4" t="31" w="697" /><ent r="4" t="31" w="697" /><ent r="4" t="31" w="762" /><ent r="4" t="31" w="762" /><ent r="3" t="34" w="24" /><ent r="3" t="34" w="24" /><ent r="3" t="34" w="49" /><ent r="3" t="34" w="49" /><ent r="3" t="34" w="188" /><ent r="3" t="34" w="188" /><ent r="3" t="34" w="284" /><ent r="3" t="34" w="284" /><ent r="3" t="36" w="28" /><ent r="3" t="36" w="28" /><ent r="3" t="37" w="28" /><ent r="3" t="37" w="28" /><ent r="1000" t="41" w="3" /><ent r="1000" t="41" w="3" /><ent r="102" t="41" w="8" /><ent r="102" t="41" w="8" /><ent r="100" t="41" w="13" /><ent r="100" t="41" w="13" /><ent r="64" t="42" w="140" /><ent r="64" t="42" w="140" /><ent r="64" t="43" w="164" /><ent r="64" t="43" w="164" /><ent r="64" t="44" w="190" /><ent r="64" t="44" w="190" /><ent r="64" t="45" w="302" /><ent r="64" t="45" w="302" /><ent r="64" t="46" w="820" /><ent r="64" t="46" w="820" /><ent r="3" t="47" w="15" /><ent r="3" t="47" w="15" /></phr></stem><stem n="plug"><phr n="plug"><ent r="3" t="0" w="16" /><ent r="3" t="0" w="45" /><ent r="6" t="1" w="24" /><ent r="67" t="1" w="97" /><ent r="6" t="1" w="310" /><ent r="6" t="1" w="382" /><ent r="6" t="1" w="471" /><ent r="4" t="2" w="126" /><ent r="4" t="9" w="58" /><ent r="4" t="10" w="112" /><ent r="1000" t="27" w="3" /><ent r="102" t="27" w="8" /><ent r="3" t="27" w="20" /><ent r="3" t="30" w="42" /><ent r="3" t="30" w="121" /><ent r="4" t="30" w="449" /><ent r="3" t="31" w="500" /><ent r="4" t="31" w="689" /><ent r="4" t="31" w="697" /><ent r="4" t="31" w="704" /><ent r="4" t="31" w="762" /><ent r="4" t="32" w="483" /><ent r="3" t="34" w="24" /><ent r="3" t="34" w="49" /><ent r="3" t="34" w="188" /><ent r="3" t="34" w="284" /><ent r="3" t="35" w="37" /><ent r="3" t="36" w="28" /><ent r="4" t="36" w="195" /><ent r="3" t="37" w="28" /><ent r="4" t="37" w="448" /><ent r="3" t="40" w="42" /><ent r="1000" t="41" w="3" /><ent r="102" t="41" w="8" /><ent r="100" t="41" w="13" /><ent r="3" t="41" w="21" /><ent r="64" t="42" w="140" /><ent r="64" t="43" w="164" /><ent r="64" t="44" w="190" /><ent r="64" t="45" w="302" /><ent r="64" t="46" w="820" /><ent r="3" t="47" w="15" /><ent r="4" t="47" w="67" /><ent r="3" t="57" w="89" /></phr></stem><stem n="plug-in"><phr n="plug-ins"><ent r="3" t="0" w="16" /><ent r="3" t="0" w="45" /><ent r="6" t="1" w="24" /><ent r="1000" t="27" w="3" /><ent r="102" t="27" w="8" /><ent r="3" t="27" w="20" /><ent r="4" t="37" w="448" /></phr><phr n="Plug-In"><ent r="67" t="1" w="97" /><ent r="6" t="1" w="310" /><ent r="6" t="1" w="382" /><ent r="6" t="1" w="471" /><ent r="4" t="2" w="126" /><ent r="4" t="9" w="58" /><ent r="4" t="10" w="112" /><ent r="3" t="30" w="42" /><ent r="3" t="30" w="121" /><ent r="4" t="30" w="449" /><ent r="3" t="31" w="500" /><ent r="4" t="31" w="689" /><ent r="4" t="31" w="697" /><ent r="4" t="31" w="704" /><ent r="4" t="31" w="762" /><ent r="4" t="32" w="483" /><ent r="3" t="34" w="24" /><ent r="3" t="34" w="49" /><ent r="3" t="34" w="188" /><ent r="3" t="34" w="284" /><ent r="3" t="35" w="37" /><ent r="3" t="36" w="28" /><ent r="4" t="36" w="195" /><ent r="3" t="37" w="28" /><ent r="3" t="40" w="42" /><ent r="1000" t="41" w="3" /><ent r="102" t="41" w="8" /><ent r="100" t="41" w="13" /><ent r="3" t="41" w="21" /><ent r="64" t="42" w="140" /><ent r="64" t="43" w="164" /><ent r="64" t="44" w="190" /><ent r="64" t="45" w="302" /><ent r="64" t="46" w="820" /><ent r="3" t="47" w="15" /><ent r="4" t="47" w="67" /><ent r="3" t="57" w="89" /></phr></stem><stem n="in"><phr n="ins"><ent r="3" t="0" w="17" /><ent r="3" t="0" w="46" /><ent r="6" t="1" w="25" /><ent r="1000" t="27" w="4" /><ent r="102" t="27" w="9" /><ent r="3" t="27" w="21" /><ent r="4" t="37" w="449" /></phr></stem><stem n="provid"><phr n="provide"><ent r="3" t="0" w="19" /><ent r="3" t="31" w="95" /><ent r="3" t="49" w="20" /><ent r="3" t="50" w="185" /><ent r="3" t="52" w="68" /></phr><phr n="Provides"><ent r="6" t="1" w="19" /><ent r="3" t="13" w="17" /><ent r="3" t="21" w="19" /><ent r="3" t="27" w="14" /><ent r="3" t="28" w="54" /><ent r="3" t="31" w="29" /><ent r="3" t="32" w="55" /><ent r="3" t="34" w="26" /><ent r="3" t="34" w="51" /><ent r="3" t="34" w="190" /><ent r="3" t="34" w="287" /><ent r="3" t="36" w="30" /><ent r="3" t="37" w="30" /><ent r="3" t="41" w="23" /><ent r="3" t="47" w="17" /></phr><phr n="providing"><ent r="3" t="57" w="166" /></phr></stem><stem n="varieti"><phr n="variety"><ent r="3" t="0" w="21" /></phr></stem><stem n="function"><phr n="functionality"><ent r="3" t="0" w="23" /><ent r="3" t="0" w="38" /><ent r="5" t="34" w="315" /><ent r="5" t="37" w="61" /></phr><phr n="functional"><ent r="3" t="13" w="46" /><ent r="3" t="13" w="91" /></phr></stem><stem n="includ"><phr n="including"><ent r="3" t="0" w="24" /><ent r="3" t="7" w="131" /><ent r="3" t="29" w="22" /><ent r="4" t="50" w="369" /></phr><phr n="included"><ent r="3" t="6" w="85" /><ent r="3" t="61" w="101" /></phr><phr n="includes"><ent r="3" t="34" w="174" /></phr></stem><stem n=":"><phr n=":"><ent r="3" t="0" w="25" /><ent r="3" t="2" w="114" /><ent r="3" t="2" w="186" /><ent r="3" t="3" w="34" /><ent r="3" t="4" w="28" /><ent r="3" t="5" w="99" /><ent r="3" t="9" w="102" /><ent r="3" t="10" w="159" /><ent r="3" t="11" w="146" /><ent r="4" t="12" w="107" /><ent r="3" t="13" w="133" /><ent r="3" t="13" w="166" /><ent r="3" t="15" w="31" /><ent r="5" t="17" w="61" /><ent r="5" t="18" w="89" /><ent r="3" t="19" w="25" /><ent r="3" t="21" w="124" /><ent r="4" t="25" w="20" /><ent r="4" t="25" w="56" /><ent r="5" t="25" w="180" /><ent r="3" t="25" w="501" /><ent r="4" t="26" w="21" /><ent r="4" t="26" w="118" /><ent r="3" t="29" w="91" /><ent r="4" t="30" w="8" /><ent r="3" t="31" w="184" /><ent r="3" t="34" w="55" /><ent r="3" t="34" w="228" /><ent r="3" t="34" w="335" /><ent r="3" t="35" w="48" /><ent r="3" t="36" w="66" /><ent r="4" t="36" w="117" /><ent r="3" t="36" w="138" /><ent r="5" t="36" w="180" /><ent r="5" t="36" w="406" /><ent r="5" t="36" w="688" /><ent r="3" t="36" w="775" /><ent r="3" t="37" w="82" /><ent r="3" t="38" w="111" /><ent r="4" t="38" w="148" /><ent r="3" t="38" w="526" /><ent r="3" t="39" w="110" /><ent r="4" t="39" w="147" /><ent r="4" t="40" w="60" /><ent r="4" t="40" w="213" /><ent r="4" t="40" w="402" /><ent r="4" t="41" w="45" /><ent r="100" t="43" w="17" /><ent r="100" t="44" w="27" /><ent r="100" t="45" w="23" /><ent r="4" t="45" w="199" /><ent r="3" t="46" w="516" /><ent r="3" t="46" w="528" /><ent r="4" t="47" w="611" /><ent r="4" t="48" w="18" /><ent r="3" t="57" w="184" /><ent r="3" t="57" w="229" /><ent r="3" t="59" w="206" /><ent r="3" t="61" w="22" /><ent r="3" t="61" w="41" /><ent r="3" t="61" w="72" /><ent r="3" t="62" w="47" /><ent r="4" t="63" w="20" /></phr></stem><stem n="preprocess"><phr n="preprocessing"><ent r="4" t="0" w="26" /><ent r="5" t="11" w="164" /><ent r="5" t="12" w="124" /></phr></stem><stem n="exploit"><phr n="exploitation"><ent r="4" t="0" w="28" /><ent r="3" t="9" w="26" /><ent r="3" t="13" w="94" /></phr></stem><stem n="identif"><phr n="identification"><ent r="4" t="0" w="30" /><ent r="3" t="28" w="76" /><ent r="3" t="31" w="35" /><ent r="3" t="31" w="101" /><ent r="3" t="32" w="78" /></phr></stem><stem n="anomali"><phr n="anomaly"><ent r="4" t="0" w="32" /><ent r="4" t="29" w="94" /><ent r="4" t="29" w="112" /><ent r="4" t="29" w="130" /><ent r="1000" t="38" w="2" /><ent r="102" t="38" w="6" /><ent r="100" t="38" w="10" /><ent r="100" t="38" w="13" /><ent r="3" t="38" w="20" /><ent r="3" t="38" w="31" /><ent r="3" t="38" w="109" /><ent r="5" t="38" w="126" /><ent r="4" t="38" w="146" /><ent r="5" t="38" w="544" /><ent r="1000" t="39" w="2" /><ent r="102" t="39" w="6" /><ent r="100" t="39" w="12" /><ent r="3" t="39" w="17" /><ent r="5" t="39" w="23" /><ent r="3" t="39" w="28" /><ent r="5" t="39" w="125" /><ent r="4" t="39" w="145" /></phr></stem><stem n="detect"><phr n="detection"><ent r="4" t="0" w="33" /><ent r="3" t="31" w="177" /><ent r="3" t="38" w="32" /><ent r="5" t="38" w="127" /><ent r="5" t="38" w="545" /><ent r="3" t="39" w="29" /><ent r="5" t="39" w="126" /></phr><phr n="detects"><ent r="3" t="11" w="172" /><ent r="3" t="28" w="48" /><ent r="3" t="31" w="88" /><ent r="3" t="32" w="49" /><ent r="3" t="38" w="39" /><ent r="3" t="39" w="36" /></phr><phr n="detecting"><ent r="3" t="28" w="33" /><ent r="3" t="32" w="34" /></phr><phr n="detected"><ent r="3" t="57" w="206" /></phr></stem><stem n="classif"><phr n="classification"><ent r="4" t="0" w="35" /><ent r="4" t="31" w="855" /><ent r="5" t="40" w="112" /><ent r="3" t="59" w="149" /></phr></stem><stem n="avail"><phr n="available"><ent r="3" t="0" w="39" /><ent r="3" t="7" w="95" /><ent r="3" t="8" w="113" /><ent r="3" t="10" w="24" /><ent r="3" t="11" w="133" /><ent r="5" t="12" w="189" /><ent r="3" t="21" w="118" /><ent r="3" t="28" w="71" /><ent r="3" t="32" w="73" /><ent r="4" t="36" w="563" /><ent r="3" t="38" w="345" /><ent r="3" t="38" w="404" /><ent r="3" t="46" w="252" /><ent r="3" t="49" w="277" /><ent r="3" t="50" w="24" /><ent r="3" t="52" w="18" /></phr></stem><stem n="depend"><phr n="depends"><ent r="3" t="0" w="42" /><ent r="3" t="21" w="59" /></phr><phr n="depending"><ent r="3" t="25" w="477" /><ent r="3" t="31" w="790" /><ent r="4" t="38" w="318" /><ent r="4" t="38" w="600" /><ent r="3" t="40" w="480" /><ent r="4" t="48" w="53" /></phr></stem><stem n="'re"><phr n="'re"><ent r="3" t="0" w="49" /></phr></stem><stem n="re"><phr n="re"><ent r="3" t="0" w="49" /><ent r="3" t="40" w="258" /></phr></stem><stem n="current"><phr n="currently"><ent r="3" t="0" w="50" /><ent r="6" t="1" w="337" /><ent r="6" t="1" w="342" /><ent r="6" t="1" w="410" /><ent r="6" t="1" w="415" /><ent r="3" t="18" w="31" /><ent r="4" t="34" w="397" /><ent r="4" t="34" w="436" /><ent r="4" t="34" w="471" /><ent r="4" t="36" w="562" /><ent r="4" t="37" w="144" /><ent r="4" t="37" w="183" /><ent r="4" t="37" w="218" /><ent r="3" t="44" w="114" /><ent r="3" t="47" w="593" /><ent r="3" t="52" w="9" /></phr><phr n="current"><ent r="6" t="1" w="305" /><ent r="6" t="1" w="377" /><ent r="6" t="1" w="466" /><ent r="5" t="11" w="250" /><ent r="4" t="11" w="326" /><ent r="6" t="25" w="184" /><ent r="64" t="25" w="509" /><ent r="3" t="37" w="581" /><ent r="3" t="42" w="90" /><ent r="3" t="42" w="120" /><ent r="3" t="43" w="116" /><ent r="3" t="44" w="144" /><ent r="3" t="45" w="95" /><ent r="3" t="45" w="189" /><ent r="3" t="46" w="658" /><ent r="3" t="46" w="720" /><ent r="3" t="46" w="745" /><ent r="3" t="46" w="762" /><ent r="3" t="47" w="419" /><ent r="4" t="51" w="12" /><ent r="3" t="62" w="160" /></phr></stem><stem n="us"><phr n="using"><ent r="3" t="0" w="51" /><ent r="6" t="1" w="303" /><ent r="6" t="1" w="375" /><ent r="6" t="1" w="464" /><ent r="4" t="12" w="265" /><ent r="4" t="16" w="136" /><ent r="4" t="16" w="196" /><ent r="3" t="23" w="133" /><ent r="3" t="23" w="142" /><ent r="3" t="28" w="39" /><ent r="3" t="28" w="104" /><ent r="3" t="28" w="134" /><ent r="3" t="31" w="36" /><ent r="3" t="31" w="81" /><ent r="3" t="31" w="243" /><ent r="3" t="31" w="260" /><ent r="3" t="31" w="490" /><ent r="3" t="32" w="40" /><ent r="3" t="32" w="108" /><ent r="3" t="32" w="115" /><ent r="3" t="32" w="161" /><ent r="5" t="34" w="296" /><ent r="3" t="36" w="134" /><ent r="5" t="37" w="42" /><ent r="92" t="37" w="248" /><ent r="3" t="37" w="270" /><ent r="3" t="43" w="131" /><ent r="3" t="44" w="157" /><ent r="3" t="45" w="267" /><ent r="3" t="46" w="41" /><ent r="3" t="46" w="86" /><ent r="3" t="46" w="126" /><ent r="3" t="46" w="786" /><ent r="3" t="47" w="657" /><ent r="3" t="49" w="96" /><ent r="3" t="49" w="106" /><ent r="92" t="50" w="146" /><ent r="3" t="57" w="353" /><ent r="3" t="59" w="202" /><ent r="3" t="62" w="367" /></phr><phr n="useful"><ent r="6" t="7" w="196" /><ent r="6" t="8" w="164" /><ent r="3" t="25" w="415" /><ent r="3" t="28" w="79" /><ent r="3" t="32" w="81" /><ent r="3" t="46" w="458" /></phr><phr n="uses"><ent r="3" t="10" w="74" /><ent r="3" t="12" w="76" /><ent r="3" t="33" w="69" /><ent r="3" t="57" w="58" /><ent r="3" t="59" w="128" /></phr><phr n="used"><ent r="3" t="11" w="28" /><ent r="3" t="11" w="122" /><ent r="3" t="12" w="27" /><ent r="5" t="12" w="197" /><ent r="5" t="12" w="230" /><ent r="4" t="12" w="371" /><ent r="4" t="15" w="39" /><ent r="4" t="15" w="86" /><ent r="4" t="21" w="147" /><ent r="4" t="21" w="209" /><ent r="3" t="24" w="100" /><ent r="3" t="24" w="180" /><ent r="5" t="25" w="69" /><ent r="4" t="25" w="117" /><ent r="4" t="25" w="165" /><ent r="3" t="26" w="128" /><ent r="3" t="28" w="66" /><ent r="3" t="31" w="108" /><ent r="3" t="31" w="175" /><ent r="3" t="32" w="30" /><ent r="3" t="32" w="68" /><ent r="3" t="34" w="226" /><ent r="3" t="34" w="333" /><ent r="3" t="36" w="64" /><ent r="4" t="36" w="188" /><ent r="3" t="37" w="80" /><ent r="3" t="37" w="550" /><ent r="3" t="38" w="34" /><ent r="3" t="38" w="251" /><ent r="3" t="39" w="31" /><ent r="3" t="47" w="555" /><ent r="3" t="57" w="369" /><ent r="3" t="62" w="326" /></phr><phr n="us"><ent r="3" t="57" w="359" /></phr></stem></index>