﻿<?xml version="1.0" encoding="utf-8"?><index><stem n="window"><phr n="Window"><ent r="6" t="1" w="82" /><ent r="6" t="1" w="90" /><ent r="67" t="1" w="96" /><ent r="6" t="1" w="104" /><ent r="6" t="1" w="115" /><ent r="67" t="1" w="121" /><ent r="6" t="1" w="208" /><ent r="6" t="1" w="220" /><ent r="6" t="1" w="277" /><ent r="6" t="1" w="297" /><ent r="6" t="1" w="369" /><ent r="6" t="1" w="438" /><ent r="6" t="1" w="458" /><ent r="4" t="2" w="133" /><ent r="4" t="2" w="194" /><ent r="65" t="9" w="66" /><ent r="4" t="9" w="110" /><ent r="65" t="10" w="120" /><ent r="4" t="10" w="167" /><ent r="3" t="25" w="588" /><ent r="3" t="26" w="115" /><ent r="5" t="32" w="319" /><ent r="4" t="32" w="368" /><ent r="4" t="34" w="789" /><ent r="4" t="34" w="808" /><ent r="5" t="35" w="65" /><ent r="4" t="35" w="115" /><ent r="4" t="35" w="506" /><ent r="3" t="35" w="553" /><ent r="64" t="35" w="575" /><ent r="1000" t="38" w="2" /><ent r="102" t="38" w="7" /><ent r="100" t="38" w="12" /><ent r="3" t="38" w="20" /><ent r="4" t="38" w="44" /><ent r="3" t="38" w="59" /><ent r="3" t="38" w="64" /><ent r="64" t="38" w="93" /><ent r="64" t="38" w="111" /><ent r="1000" t="39" w="4" /><ent r="102" t="39" w="9" /><ent r="100" t="39" w="14" /><ent r="100" t="39" w="17" /><ent r="100" t="39" w="21" /><ent r="100" t="39" w="26" /><ent r="3" t="39" w="33" /><ent r="3" t="39" w="47" /><ent r="3" t="39" w="78" /><ent r="3" t="39" w="104" /><ent r="64" t="39" w="130" /><ent r="64" t="39" w="139" /><ent r="64" t="40" w="149" /><ent r="64" t="40" w="160" /><ent r="64" t="40" w="163" /><ent r="64" t="41" w="175" /><ent r="64" t="41" w="186" /><ent r="64" t="41" w="189" /><ent r="3" t="42" w="85" /><ent r="3" t="42" w="179" /><ent r="3" t="42" w="237" /><ent r="3" t="42" w="258" /><ent r="64" t="42" w="287" /><ent r="64" t="42" w="298" /><ent r="64" t="42" w="301" /><ent r="1000" t="43" w="2" /><ent r="100" t="43" w="9" /><ent r="100" t="43" w="13" /><ent r="102" t="43" w="16" /><ent r="100" t="43" w="21" /><ent r="100" t="43" w="26" /><ent r="3" t="43" w="68" /><ent r="92" t="43" w="175" /><ent r="82" t="43" w="525" /><ent r="3" t="43" w="536" /><ent r="3" t="43" w="583" /><ent r="3" t="43" w="591" /><ent r="3" t="43" w="628" /><ent r="3" t="43" w="666" /><ent r="3" t="43" w="682" /><ent r="64" t="43" w="709" /><ent r="3" t="44" w="105" /><ent r="4" t="44" w="198" /><ent r="3" t="44" w="486" /><ent r="4" t="44" w="522" /><ent r="3" t="45" w="84" /><ent r="4" t="45" w="160" /></phr><phr n="windows"><ent r="4" t="2" w="129" /><ent r="3" t="5" w="98" /><ent r="4" t="9" w="61" /><ent r="4" t="10" w="115" /><ent r="3" t="23" w="103" /></phr><phr n="window"><ent r="3" t="2" w="223" /><ent r="4" t="3" w="70" /><ent r="4" t="5" w="54" /><ent r="4" t="7" w="349" /><ent r="4" t="7" w="367" /><ent r="4" t="8" w="303" /><ent r="4" t="8" w="320" /><ent r="3" t="9" w="140" /><ent r="3" t="10" w="196" /><ent r="5" t="12" w="218" /><ent r="4" t="12" w="344" /><ent r="4" t="12" w="375" /><ent r="4" t="12" w="399" /><ent r="3" t="12" w="516" /><ent r="3" t="13" w="157" /><ent r="3" t="13" w="163" /><ent r="3" t="14" w="44" /><ent r="4" t="15" w="221" /><ent r="4" t="16" w="53" /><ent r="3" t="16" w="273" /><ent r="4" t="17" w="28" /><ent r="4" t="18" w="55" /><ent r="4" t="19" w="31" /><ent r="4" t="20" w="24" /><ent r="4" t="22" w="35" /><ent r="3" t="22" w="85" /><ent r="3" t="22" w="94" /><ent r="4" t="22" w="103" /><ent r="3" t="29" w="68" /><ent r="3" t="29" w="289" /><ent r="4" t="30" w="255" /><ent r="4" t="31" w="290" /><ent r="4" t="31" w="353" /><ent r="5" t="32" w="308" /><ent r="4" t="32" w="384" /><ent r="4" t="32" w="484" /><ent r="4" t="32" w="497" /><ent r="3" t="33" w="47" /><ent r="4" t="33" w="54" /><ent r="4" t="33" w="79" /><ent r="3" t="33" w="244" /><ent r="3" t="33" w="289" /><ent r="3" t="33" w="303" /><ent r="3" t="33" w="312" /><ent r="3" t="33" w="317" /><ent r="3" t="34" w="441" /><ent r="3" t="34" w="747" /><ent r="3" t="34" w="763" /><ent r="3" t="34" w="768" /><ent r="3" t="34" w="826" /><ent r="5" t="35" w="54" /><ent r="4" t="35" w="131" /><ent r="4" t="35" w="190" /><ent r="4" t="35" w="222" /><ent r="4" t="35" w="231" /><ent r="4" t="35" w="244" /><ent r="4" t="35" w="460" /><ent r="3" t="36" w="501" /><ent r="3" t="38" w="68" /><ent r="3" t="38" w="85" /><ent r="3" t="40" w="69" /><ent r="3" t="40" w="105" /><ent r="3" t="41" w="132" /><ent r="4" t="44" w="210" /><ent r="3" t="44" w="234" /><ent r="4" t="44" w="251" /><ent r="3" t="44" w="432" /><ent r="3" t="44" w="453" /><ent r="4" t="44" w="527" /><ent r="3" t="45" w="212" /><ent r="4" t="45" w="231" /><ent r="3" t="45" w="482" /><ent r="3" t="45" w="503" /><ent r="3" t="45" w="513" /><ent r="3" t="45" w="518" /></phr><phr n="Windows"><ent r="5" t="43" w="54" /></phr></stem><stem n="pin"><phr n="Pin"><ent r="6" t="1" w="100" /><ent r="6" t="1" w="113" /><ent r="67" t="1" w="118" /><ent r="64" t="38" w="90" /><ent r="1000" t="39" w="1" /><ent r="102" t="39" w="6" /><ent r="100" t="39" w="11" /><ent r="100" t="39" w="18" /><ent r="3" t="39" w="30" /><ent r="3" t="39" w="45" /><ent r="3" t="39" w="101" /><ent r="64" t="40" w="157" /><ent r="64" t="41" w="183" /><ent r="3" t="42" w="255" /><ent r="64" t="42" w="295" /><ent r="82" t="43" w="523" /><ent r="3" t="43" w="534" /><ent r="3" t="43" w="664" /><ent r="3" t="43" w="678" /></phr><phr n="pinned"><ent r="3" t="39" w="80" /><ent r="3" t="40" w="107" /><ent r="3" t="41" w="134" /><ent r="3" t="42" w="181" /><ent r="3" t="43" w="630" /></phr><phr n="pin"><ent r="3" t="42" w="242" /></phr></stem><stem n="/unpin"><phr n="/Unpin"><ent r="6" t="1" w="101" /><ent r="67" t="1" w="119" /><ent r="64" t="38" w="91" /><ent r="1000" t="39" w="2" /><ent r="102" t="39" w="7" /><ent r="100" t="39" w="12" /><ent r="3" t="39" w="31" /><ent r="3" t="39" w="102" /><ent r="64" t="40" w="158" /><ent r="64" t="41" w="184" /><ent r="3" t="42" w="256" /><ent r="64" t="42" w="296" /><ent r="3" t="43" w="679" /></phr></stem><stem n="pin/unpin"><phr n="Pin/Unpin"><ent r="6" t="1" w="101" /><ent r="6" t="1" w="100" /><ent r="67" t="1" w="119" /><ent r="67" t="1" w="118" /><ent r="64" t="38" w="91" /><ent r="64" t="38" w="90" /><ent r="1000" t="39" w="2" /><ent r="1000" t="39" w="1" /><ent r="102" t="39" w="7" /><ent r="102" t="39" w="6" /><ent r="100" t="39" w="12" /><ent r="100" t="39" w="11" /><ent r="3" t="39" w="31" /><ent r="3" t="39" w="30" /><ent r="3" t="39" w="102" /><ent r="3" t="39" w="101" /><ent r="64" t="40" w="158" /><ent r="64" t="40" w="157" /><ent r="64" t="41" w="184" /><ent r="64" t="41" w="183" /><ent r="3" t="42" w="256" /><ent r="3" t="42" w="255" /><ent r="64" t="42" w="296" /><ent r="64" t="42" w="295" /><ent r="3" t="43" w="679" /><ent r="3" t="43" w="678" /></phr></stem><stem n="unpin"><phr n="Unpin"><ent r="6" t="1" w="101" /><ent r="67" t="1" w="119" /><ent r="64" t="38" w="91" /><ent r="1000" t="39" w="2" /><ent r="102" t="39" w="7" /><ent r="100" t="39" w="12" /><ent r="100" t="39" w="22" /><ent r="100" t="39" w="24" /><ent r="3" t="39" w="31" /><ent r="3" t="39" w="102" /><ent r="64" t="40" w="158" /><ent r="64" t="41" w="184" /><ent r="3" t="42" w="256" /><ent r="64" t="42" w="296" /><ent r="3" t="43" w="679" /></phr><phr n="unpinned"><ent r="3" t="39" w="51" /><ent r="3" t="40" w="71" /><ent r="3" t="42" w="87" /></phr></stem><stem n="singl"><phr n="single"><ent r="6" t="1" w="107" /><ent r="3" t="19" w="19" /><ent r="3" t="27" w="523" /><ent r="4" t="27" w="805" /><ent r="4" t="27" w="854" /><ent r="3" t="39" w="87" /><ent r="82" t="43" w="527" /><ent r="3" t="43" w="538" /><ent r="3" t="43" w="563" /><ent r="92" t="44" w="191" /><ent r="3" t="44" w="507" /><ent r="3" t="45" w="133" /><ent r="3" t="54" w="384" /><ent r="3" t="56" w="30" /><ent r="3" t="56" w="66" /></phr><phr n="Single"><ent r="5" t="27" w="796" /></phr></stem><stem n="mode"><phr n="mode"><ent r="6" t="1" w="116" /><ent r="6" t="1" w="148" /><ent r="6" t="1" w="242" /><ent r="3" t="23" w="69" /><ent r="3" t="23" w="93" /><ent r="3" t="32" w="214" /><ent r="3" t="32" w="330" /><ent r="3" t="34" w="52" /><ent r="3" t="35" w="77" /><ent r="4" t="35" w="281" /><ent r="3" t="39" w="48" /><ent r="3" t="39" w="117" /><ent r="3" t="43" w="667" /></phr><phr n="Mode"><ent r="6" t="1" w="134" /><ent r="5" t="22" w="110" /></phr></stem><stem n="displai"><phr n="Display"><ent r="6" t="1" w="123" /><ent r="67" t="1" w="150" /><ent r="6" t="1" w="154" /><ent r="67" t="1" w="163" /><ent r="6" t="1" w="172" /><ent r="67" t="1" w="178" /><ent r="102" t="18" w="18" /><ent r="4" t="32" w="94" /><ent r="4" t="32" w="107" /><ent r="4" t="33" w="396" /><ent r="64" t="38" w="95" /><ent r="64" t="38" w="99" /><ent r="64" t="38" w="104" /><ent r="1000" t="40" w="1" /><ent r="102" t="40" w="5" /><ent r="100" t="40" w="9" /><ent r="3" t="40" w="19" /><ent r="4" t="40" w="46" /><ent r="1000" t="41" w="1" /><ent r="102" t="41" w="10" /><ent r="100" t="41" w="19" /><ent r="4" t="41" w="44" /><ent r="3" t="41" w="125" /><ent r="1000" t="42" w="1" /><ent r="102" t="42" w="7" /><ent r="100" t="42" w="13" /><ent r="3" t="42" w="26" /><ent r="4" t="42" w="61" /><ent r="3" t="42" w="246" /></phr><phr n="display"><ent r="6" t="1" w="129" /><ent r="6" t="1" w="213" /><ent r="4" t="16" w="89" /><ent r="4" t="16" w="108" /><ent r="3" t="23" w="129" /><ent r="4" t="27" w="617" /><ent r="4" t="29" w="363" /><ent r="4" t="30" w="572" /><ent r="5" t="32" w="321" /><ent r="4" t="32" w="354" /><ent r="4" t="32" w="370" /><ent r="4" t="32" w="406" /><ent r="4" t="32" w="444" /><ent r="4" t="32" w="455" /><ent r="3" t="33" w="380" /><ent r="4" t="34" w="214" /><ent r="5" t="35" w="67" /><ent r="4" t="35" w="101" /><ent r="4" t="35" w="117" /><ent r="4" t="35" w="153" /><ent r="4" t="35" w="191" /><ent r="4" t="35" w="202" /><ent r="4" t="35" w="347" /><ent r="3" t="35" w="365" /><ent r="4" t="35" w="473" /><ent r="3" t="36" w="677" /><ent r="3" t="38" w="27" /><ent r="4" t="40" w="62" /><ent r="3" t="44" w="276" /><ent r="3" t="46" w="42" /></phr><phr n="displays"><ent r="6" t="1" w="279" /><ent r="6" t="1" w="351" /><ent r="6" t="1" w="440" /><ent r="4" t="15" w="223" /><ent r="3" t="23" w="121" /><ent r="5" t="32" w="310" /><ent r="5" t="35" w="56" /><ent r="3" t="42" w="31" /><ent r="3" t="42" w="205" /></phr><phr n="displayed"><ent r="3" t="2" w="225" /><ent r="3" t="2" w="270" /><ent r="4" t="2" w="335" /><ent r="3" t="9" w="142" /><ent r="3" t="9" w="189" /><ent r="4" t="9" w="253" /><ent r="3" t="10" w="198" /><ent r="3" t="10" w="242" /><ent r="4" t="10" w="306" /><ent r="4" t="11" w="160" /><ent r="4" t="11" w="415" /><ent r="3" t="12" w="133" /><ent r="4" t="12" w="495" /><ent r="3" t="12" w="512" /><ent r="3" t="13" w="142" /><ent r="3" t="13" w="159" /><ent r="4" t="14" w="28" /><ent r="3" t="14" w="46" /><ent r="4" t="15" w="156" /><ent r="4" t="15" w="204" /><ent r="3" t="16" w="80" /><ent r="4" t="16" w="224" /><ent r="4" t="17" w="67" /><ent r="3" t="18" w="32" /><ent r="3" t="18" w="36" /><ent r="4" t="18" w="95" /><ent r="3" t="19" w="62" /><ent r="4" t="19" w="107" /><ent r="3" t="20" w="55" /><ent r="4" t="20" w="148" /><ent r="3" t="22" w="87" /><ent r="3" t="23" w="66" /><ent r="3" t="23" w="99" /><ent r="4" t="25" w="48" /><ent r="3" t="25" w="472" /><ent r="3" t="25" w="582" /><ent r="4" t="26" w="43" /><ent r="3" t="26" w="109" /><ent r="4" t="27" w="198" /><ent r="3" t="27" w="222" /><ent r="3" t="27" w="278" /><ent r="4" t="27" w="751" /><ent r="4" t="27" w="769" /><ent r="4" t="27" w="835" /><ent r="4" t="27" w="859" /><ent r="3" t="28" w="186" /><ent r="3" t="29" w="70" /><ent r="3" t="29" w="237" /><ent r="4" t="30" w="243" /><ent r="4" t="30" w="257" /><ent r="4" t="30" w="648" /><ent r="3" t="31" w="246" /><ent r="4" t="33" w="96" /><ent r="4" t="34" w="163" /><ent r="3" t="34" w="205" /><ent r="3" t="34" w="443" /><ent r="3" t="34" w="586" /><ent r="4" t="34" w="696" /><ent r="3" t="34" w="727" /><ent r="3" t="34" w="742" /><ent r="3" t="34" w="756" /><ent r="3" t="35" w="379" /><ent r="3" t="36" w="92" /><ent r="4" t="36" w="120" /><ent r="3" t="36" w="136" /><ent r="4" t="36" w="327" /><ent r="3" t="36" w="554" /><ent r="4" t="36" w="609" /><ent r="3" t="36" w="657" /><ent r="3" t="37" w="94" /><ent r="4" t="37" w="119" /><ent r="3" t="37" w="135" /><ent r="3" t="38" w="66" /><ent r="3" t="38" w="74" /><ent r="3" t="39" w="84" /><ent r="3" t="40" w="76" /><ent r="3" t="40" w="113" /><ent r="3" t="41" w="121" /><ent r="3" t="42" w="120" /><ent r="3" t="42" w="172" /><ent r="3" t="43" w="71" /><ent r="3" t="43" w="545" /><ent r="3" t="44" w="372" /><ent r="3" t="44" w="434" /><ent r="3" t="44" w="450" /><ent r="3" t="44" w="482" /><ent r="3" t="44" w="540" /><ent r="3" t="45" w="179" /><ent r="3" t="45" w="422" /><ent r="3" t="45" w="484" /><ent r="3" t="45" w="500" /><ent r="3" t="48" w="32" /></phr></stem><stem n="pixel"><phr n="Pixel"><ent r="6" t="1" w="124" /><ent r="67" t="1" w="151" /><ent r="3" t="28" w="162" /><ent r="4" t="35" w="280" /><ent r="64" t="38" w="96" /><ent r="1000" t="40" w="2" /><ent r="102" t="40" w="6" /><ent r="100" t="40" w="10" /><ent r="100" t="40" w="13" /><ent r="100" t="40" w="17" /><ent r="3" t="40" w="20" /><ent r="4" t="40" w="47" /><ent r="3" t="40" w="137" /><ent r="92" t="43" w="155" /><ent r="3" t="54" w="220" /></phr><phr n="pixel"><ent r="6" t="1" w="232" /><ent r="6" t="1" w="259" /><ent r="6" t="1" w="266" /><ent r="6" t="1" w="323" /><ent r="6" t="1" w="334" /><ent r="3" t="11" w="218" /><ent r="3" t="12" w="88" /><ent r="3" t="12" w="102" /><ent r="3" t="23" w="87" /><ent r="4" t="25" w="140" /><ent r="4" t="25" w="146" /><ent r="3" t="27" w="171" /><ent r="4" t="27" w="630" /><ent r="4" t="27" w="815" /><ent r="4" t="27" w="903" /><ent r="3" t="28" w="133" /><ent r="4" t="29" w="365" /><ent r="4" t="32" w="65" /><ent r="4" t="32" w="75" /><ent r="4" t="32" w="99" /><ent r="4" t="32" w="237" /><ent r="4" t="32" w="344" /><ent r="4" t="32" w="359" /><ent r="4" t="32" w="394" /><ent r="4" t="32" w="410" /><ent r="4" t="32" w="421" /><ent r="4" t="33" w="149" /><ent r="3" t="33" w="162" /><ent r="3" t="33" w="373" /><ent r="4" t="34" w="75" /><ent r="4" t="34" w="472" /><ent r="5" t="34" w="482" /><ent r="4" t="34" w="534" /><ent r="3" t="34" w="754" /><ent r="4" t="35" w="91" /><ent r="4" t="35" w="106" /><ent r="4" t="35" w="141" /><ent r="4" t="35" w="157" /><ent r="4" t="35" w="168" /><ent r="4" t="35" w="291" /><ent r="3" t="36" w="40" /><ent r="3" t="36" w="70" /><ent r="3" t="36" w="234" /><ent r="3" t="37" w="38" /><ent r="4" t="40" w="55" /><ent r="3" t="40" w="73" /><ent r="3" t="40" w="109" /><ent r="3" t="40" w="126" /><ent r="4" t="41" w="61" /><ent r="3" t="42" w="123" /><ent r="3" t="43" w="164" /><ent r="3" t="43" w="379" /><ent r="3" t="43" w="384" /><ent r="3" t="43" w="392" /><ent r="3" t="52" w="22" /><ent r="3" t="52" w="43" /><ent r="3" t="52" w="53" /><ent r="3" t="52" w="171" /><ent r="3" t="52" w="217" /><ent r="3" t="52" w="253" /><ent r="3" t="52" w="267" /><ent r="3" t="52" w="283" /><ent r="3" t="52" w="329" /><ent r="3" t="54" w="110" /><ent r="3" t="54" w="163" /><ent r="3" t="54" w="182" /><ent r="3" t="54" w="199" /><ent r="3" t="54" w="357" /><ent r="3" t="54" w="371" /><ent r="3" t="54" w="389" /><ent r="3" t="57" w="78" /><ent r="3" t="57" w="274" /><ent r="3" t="57" w="276" /></phr><phr n="Pixels"><ent r="5" t="11" w="285" /></phr><phr n="pixels"><ent r="4" t="11" w="293" /><ent r="5" t="12" w="191" /><ent r="5" t="12" w="203" /><ent r="5" t="12" w="237" /><ent r="4" t="12" w="322" /><ent r="4" t="25" w="94" /><ent r="4" t="25" w="114" /><ent r="3" t="27" w="53" /><ent r="3" t="27" w="483" /><ent r="3" t="27" w="531" /><ent r="4" t="27" w="602" /><ent r="4" t="27" w="826" /><ent r="3" t="28" w="49" /><ent r="3" t="29" w="22" /><ent r="3" t="29" w="102" /><ent r="4" t="29" w="350" /><ent r="3" t="30" w="50" /><ent r="3" t="30" w="214" /><ent r="4" t="30" w="467" /><ent r="4" t="30" w="559" /><ent r="4" t="32" w="117" /><ent r="4" t="32" w="264" /><ent r="4" t="32" w="468" /><ent r="3" t="33" w="178" /><ent r="3" t="33" w="349" /><ent r="4" t="34" w="102" /><ent r="4" t="35" w="215" /><ent r="4" t="35" w="285" /><ent r="3" t="37" w="81" /><ent r="3" t="37" w="245" /><ent r="3" t="40" w="30" /><ent r="4" t="41" w="34" /><ent r="4" t="41" w="71" /><ent r="3" t="41" w="116" /><ent r="3" t="41" w="139" /><ent r="4" t="42" w="51" /><ent r="3" t="52" w="307" /><ent r="3" t="54" w="63" /><ent r="3" t="57" w="312" /></phr></stem><stem n="turn"><phr n="turn"><ent r="6" t="1" w="127" /><ent r="3" t="36" w="674" /></phr><phr n="Turning"><ent r="3" t="35" w="605" /></phr></stem><stem n=","><phr n=","><ent r="6" t="1" w="131" /><ent r="6" t="1" w="245" /><ent r="6" t="1" w="264" /><ent r="6" t="1" w="278" /><ent r="6" t="1" w="350" /><ent r="6" t="1" w="439" /><ent r="4" t="2" w="117" /><ent r="4" t="2" w="120" /><ent r="4" t="2" w="195" /><ent r="4" t="2" w="234" /><ent r="3" t="2" w="261" /><ent r="4" t="2" w="331" /><ent r="3" t="3" w="49" /><ent r="4" t="3" w="71" /><ent r="4" t="4" w="31" /><ent r="5" t="4" w="35" /><ent r="3" t="4" w="70" /><ent r="4" t="5" w="55" /><ent r="4" t="6" w="34" /><ent r="4" t="6" w="94" /><ent r="3" t="7" w="52" /><ent r="3" t="7" w="59" /><ent r="3" t="7" w="64" /><ent r="3" t="7" w="89" /><ent r="3" t="7" w="90" /><ent r="3" t="7" w="138" /><ent r="3" t="7" w="139" /><ent r="4" t="7" w="350" /><ent r="4" t="7" w="368" /><ent r="3" t="8" w="107" /><ent r="3" t="8" w="108" /><ent r="4" t="8" w="304" /><ent r="4" t="8" w="321" /><ent r="4" t="9" w="49" /><ent r="4" t="9" w="52" /><ent r="4" t="9" w="111" /><ent r="4" t="9" w="149" /><ent r="3" t="9" w="178" /><ent r="4" t="9" w="249" /><ent r="3" t="10" w="73" /><ent r="4" t="10" w="103" /><ent r="4" t="10" w="106" /><ent r="4" t="10" w="168" /><ent r="4" t="10" w="207" /><ent r="3" t="10" w="234" /><ent r="4" t="10" w="302" /><ent r="3" t="11" w="62" /><ent r="5" t="11" w="164" /><ent r="5" t="11" w="165" /><ent r="3" t="11" w="183" /><ent r="4" t="11" w="277" /><ent r="4" t="11" w="333" /><ent r="3" t="11" w="346" /><ent r="3" t="11" w="358" /><ent r="3" t="11" w="380" /><ent r="3" t="11" w="393" /><ent r="4" t="11" w="411" /><ent r="3" t="12" w="13" /><ent r="3" t="12" w="22" /><ent r="4" t="12" w="114" /><ent r="5" t="12" w="125" /><ent r="4" t="12" w="142" /><ent r="4" t="12" w="291" /><ent r="4" t="12" w="298" /><ent r="4" t="12" w="311" /><ent r="4" t="12" w="321" /><ent r="4" t="12" w="353" /><ent r="3" t="12" w="450" /><ent r="4" t="12" w="477" /><ent r="4" t="12" w="490" /><ent r="3" t="13" w="22" /><ent r="3" t="13" w="23" /><ent r="3" t="13" w="24" /><ent r="3" t="13" w="93" /><ent r="4" t="13" w="146" /><ent r="4" t="13" w="148" /><ent r="5" t="14" w="32" /><ent r="5" t="14" w="34" /><ent r="4" t="14" w="62" /><ent r="4" t="14" w="81" /><ent r="4" t="14" w="96" /><ent r="5" t="15" w="160" /><ent r="5" t="15" w="162" /><ent r="4" t="15" w="180" /><ent r="3" t="15" w="239" /><ent r="4" t="15" w="267" /><ent r="4" t="15" w="282" /><ent r="4" t="16" w="54" /><ent r="4" t="16" w="177" /><ent r="4" t="16" w="241" /><ent r="4" t="17" w="29" /><ent r="4" t="18" w="56" /><ent r="4" t="19" w="32" /><ent r="3" t="19" w="82" /><ent r="3" t="19" w="84" /><ent r="4" t="20" w="25" /><ent r="4" t="20" w="107" /><ent r="3" t="21" w="49" /><ent r="3" t="21" w="69" /><ent r="3" t="21" w="75" /><ent r="3" t="21" w="76" /><ent r="3" t="21" w="110" /><ent r="4" t="21" w="163" /><ent r="5" t="22" w="28" /><ent r="4" t="22" w="36" /><ent r="3" t="22" w="71" /><ent r="4" t="22" w="104" /><ent r="5" t="22" w="111" /><ent r="4" t="23" w="42" /><ent r="3" t="23" w="70" /><ent r="3" t="23" w="94" /><ent r="3" t="23" w="136" /><ent r="3" t="24" w="33" /><ent r="3" t="24" w="60" /><ent r="3" t="24" w="72" /><ent r="3" t="24" w="147" /><ent r="3" t="24" w="179" /><ent r="4" t="25" w="27" /><ent r="5" t="25" w="30" /><ent r="5" t="25" w="33" /><ent r="5" t="25" w="63" /><ent r="4" t="25" w="85" /><ent r="4" t="25" w="110" /><ent r="3" t="25" w="296" /><ent r="3" t="25" w="310" /><ent r="3" t="25" w="444" /><ent r="3" t="25" w="467" /><ent r="4" t="25" w="524" /><ent r="3" t="25" w="549" /><ent r="4" t="26" w="28" /><ent r="5" t="26" w="31" /><ent r="5" t="26" w="34" /><ent r="4" t="26" w="75" /><ent r="4" t="26" w="79" /><ent r="3" t="26" w="141" /><ent r="3" t="27" w="19" /><ent r="3" t="27" w="142" /><ent r="3" t="27" w="153" /><ent r="3" t="27" w="168" /><ent r="5" t="27" w="202" /><ent r="4" t="27" w="207" /><ent r="3" t="27" w="219" /><ent r="3" t="27" w="239" /><ent r="3" t="27" w="250" /><ent r="3" t="27" w="275" /><ent r="3" t="27" w="318" /><ent r="3" t="27" w="366" /><ent r="3" t="27" w="411" /><ent r="3" t="27" w="484" /><ent r="4" t="27" w="562" /><ent r="4" t="27" w="618" /><ent r="4" t="27" w="714" /><ent r="4" t="27" w="720" /><ent r="4" t="27" w="765" /><ent r="4" t="27" w="807" /><ent r="4" t="27" w="869" /><ent r="4" t="27" w="902" /><ent r="3" t="28" w="191" /><ent r="3" t="29" w="23" /><ent r="5" t="29" w="59" /><ent r="5" t="29" w="61" /><ent r="4" t="29" w="80" /><ent r="3" t="29" w="103" /><ent r="3" t="29" w="148" /><ent r="3" t="29" w="187" /><ent r="3" t="29" w="220" /><ent r="4" t="29" w="317" /><ent r="4" t="29" w="364" /><ent r="3" t="30" w="120" /><ent r="3" t="30" w="129" /><ent r="3" t="30" w="215" /><ent r="5" t="30" w="247" /><ent r="5" t="30" w="249" /><ent r="4" t="30" w="271" /><ent r="4" t="30" w="321" /><ent r="3" t="30" w="358" /><ent r="3" t="30" w="392" /><ent r="4" t="30" w="472" /><ent r="4" t="30" w="530" /><ent r="4" t="30" w="632" /><ent r="3" t="31" w="33" /><ent r="3" t="31" w="36" /><ent r="3" t="31" w="37" /><ent r="3" t="31" w="71" /><ent r="5" t="31" w="101" /><ent r="4" t="31" w="119" /><ent r="3" t="31" w="149" /><ent r="3" t="31" w="164" /><ent r="3" t="31" w="180" /><ent r="3" t="31" w="225" /><ent r="5" t="31" w="277" /><ent r="4" t="31" w="313" /><ent r="5" t="31" w="340" /><ent r="5" t="32" w="305" /><ent r="5" t="32" w="314" /><ent r="4" t="32" w="354" /><ent r="4" t="32" w="369" /><ent r="4" t="32" w="405" /><ent r="4" t="32" w="444" /><ent r="4" t="32" w="454" /><ent r="4" t="33" w="55" /><ent r="4" t="33" w="80" /><ent r="4" t="33" w="102" /><ent r="3" t="33" w="132" /><ent r="3" t="33" w="155" /><ent r="3" t="33" w="169" /><ent r="3" t="33" w="190" /><ent r="3" t="33" w="217" /><ent r="3" t="33" w="251" /><ent r="3" t="33" w="263" /><ent r="3" t="33" w="313" /><ent r="3" t="33" w="341" /><ent r="3" t="33" w="364" /><ent r="3" t="33" w="393" /><ent r="4" t="34" w="264" /><ent r="4" t="34" w="295" /><ent r="5" t="34" w="430" /><ent r="5" t="34" w="432" /><ent r="4" t="34" w="476" /><ent r="4" t="34" w="552" /><ent r="4" t="34" w="563" /><ent r="3" t="34" w="587" /><ent r="3" t="34" w="618" /><ent r="4" t="34" w="652" /><ent r="4" t="34" w="691" /><ent r="3" t="34" w="738" /><ent r="4" t="34" w="783" /><ent r="4" t="34" w="785" /><ent r="5" t="35" w="51" /><ent r="5" t="35" w="60" /><ent r="4" t="35" w="101" /><ent r="4" t="35" w="116" /><ent r="4" t="35" w="152" /><ent r="4" t="35" w="191" /><ent r="4" t="35" w="201" /><ent r="3" t="35" w="371" /><ent r="4" t="35" w="404" /><ent r="3" t="36" w="97" /><ent r="5" t="36" w="124" /><ent r="5" t="36" w="128" /><ent r="3" t="36" w="186" /><ent r="3" t="36" w="201" /><ent r="4" t="36" w="322" /><ent r="3" t="36" w="386" /><ent r="3" t="36" w="451" /><ent r="4" t="36" w="472" /><ent r="3" t="36" w="494" /><ent r="3" t="36" w="496" /><ent r="4" t="36" w="539" /><ent r="5" t="36" w="542" /><ent r="5" t="36" w="546" /><ent r="4" t="36" w="562" /><ent r="4" t="36" w="604" /><ent r="4" t="36" w="618" /><ent r="4" t="36" w="642" /><ent r="3" t="36" w="674" /><ent r="3" t="36" w="684" /><ent r="3" t="37" w="99" /><ent r="5" t="37" w="123" /><ent r="5" t="37" w="127" /><ent r="3" t="37" w="175" /><ent r="4" t="37" w="267" /><ent r="3" t="38" w="34" /><ent r="3" t="38" w="36" /><ent r="3" t="39" w="52" /><ent r="3" t="39" w="81" /><ent r="3" t="39" w="112" /><ent r="3" t="39" w="127" /><ent r="4" t="40" w="44" /><ent r="3" t="40" w="72" /><ent r="3" t="40" w="97" /><ent r="3" t="40" w="108" /><ent r="3" t="40" w="146" /><ent r="3" t="41" w="106" /><ent r="3" t="41" w="139" /><ent r="3" t="41" w="140" /><ent r="3" t="41" w="172" /><ent r="3" t="42" w="88" /><ent r="3" t="42" w="111" /><ent r="3" t="42" w="129" /><ent r="3" t="42" w="140" /><ent r="3" t="42" w="158" /><ent r="3" t="42" w="182" /><ent r="3" t="42" w="219" /><ent r="3" t="42" w="244" /><ent r="3" t="42" w="252" /><ent r="3" t="42" w="284" /><ent r="100" t="43" w="8" /><ent r="5" t="43" w="50" /><ent r="3" t="43" w="104" /><ent r="3" t="43" w="144" /><ent r="3" t="43" w="222" /><ent r="3" t="43" w="241" /><ent r="3" t="43" w="373" /><ent r="3" t="43" w="388" /><ent r="3" t="43" w="541" /><ent r="3" t="43" w="572" /><ent r="3" t="44" w="48" /><ent r="3" t="44" w="134" /><ent r="3" t="44" w="142" /><ent r="3" t="44" w="161" /><ent r="3" t="44" w="181" /><ent r="4" t="44" w="199" /><ent r="4" t="44" w="206" /><ent r="4" t="44" w="211" /><ent r="3" t="44" w="227" /><ent r="3" t="44" w="235" /><ent r="3" t="44" w="369" /><ent r="3" t="44" w="392" /><ent r="3" t="44" w="404" /><ent r="3" t="44" w="412" /><ent r="3" t="44" w="430" /><ent r="3" t="44" w="447" /><ent r="3" t="44" w="487" /><ent r="3" t="44" w="494" /><ent r="3" t="44" w="509" /><ent r="4" t="44" w="523" /><ent r="4" t="44" w="528" /><ent r="3" t="44" w="560" /><ent r="3" t="45" w="135" /><ent r="4" t="45" w="161" /><ent r="3" t="45" w="183" /><ent r="3" t="45" w="205" /><ent r="3" t="45" w="213" /><ent r="3" t="45" w="288" /><ent r="4" t="45" w="346" /><ent r="4" t="45" w="369" /><ent r="4" t="45" w="381" /><ent r="4" t="45" w="403" /><ent r="3" t="45" w="419" /><ent r="3" t="45" w="442" /><ent r="3" t="45" w="454" /><ent r="3" t="45" w="462" /><ent r="3" t="45" w="480" /><ent r="3" t="45" w="497" /><ent r="4" t="46" w="17" /><ent r="3" t="46" w="35" /><ent r="3" t="46" w="72" /><ent r="3" t="46" w="93" /><ent r="3" t="47" w="64" /><ent r="3" t="48" w="27" /><ent r="3" t="48" w="72" /><ent r="3" t="48" w="88" /><ent r="4" t="50" w="43" /><ent r="4" t="50" w="45" /><ent r="4" t="50" w="47" /><ent r="3" t="52" w="65" /><ent r="3" t="52" w="66" /><ent r="3" t="52" w="83" /><ent r="3" t="52" w="341" /><ent r="4" t="53" w="33" /><ent r="4" t="53" w="34" /><ent r="3" t="54" w="56" /><ent r="3" t="54" w="71" /><ent r="3" t="54" w="75" /><ent r="3" t="54" w="142" /><ent r="3" t="54" w="308" /><ent r="3" t="54" w="348" /><ent r="3" t="54" w="364" /><ent r="3" t="54" w="366" /><ent r="3" t="54" w="387" /><ent r="3" t="54" w="406" /><ent r="4" t="55" w="5" /><ent r="4" t="55" w="8" /><ent r="4" t="55" w="11" /><ent r="4" t="55" w="14" /><ent r="4" t="55" w="17" /><ent r="4" t="55" w="20" /><ent r="4" t="55" w="24" /><ent r="4" t="55" w="46" /><ent r="4" t="55" w="48" /><ent r="4" t="55" w="61" /><ent r="4" t="55" w="77" /><ent r="4" t="55" w="80" /><ent r="4" t="55" w="82" /><ent r="4" t="56" w="24" /><ent r="3" t="56" w="26" /><ent r="3" t="56" w="55" /><ent r="3" t="57" w="22" /><ent r="3" t="57" w="65" /><ent r="3" t="57" w="82" /><ent r="3" t="57" w="107" /><ent r="3" t="57" w="122" /><ent r="3" t="57" w="144" /><ent r="3" t="57" w="200" /><ent r="3" t="57" w="258" /><ent r="4" t="58" w="7" /><ent r="4" t="58" w="8" /><ent r="4" t="58" w="14" /><ent r="4" t="58" w="19" /><ent r="4" t="58" w="26" /><ent r="4" t="58" w="44" /><ent r="4" t="58" w="47" /><ent r="4" t="58" w="50" /><ent r="4" t="58" w="53" /><ent r="4" t="58" w="75" /><ent r="4" t="58" w="76" /></phr></stem></index>