﻿<?xml version="1.0" encoding="utf-8"?><index><stem n="export"><phr n="exporter"><ent r="3" t="2" w="96" /><ent r="3" t="19" w="81" /><ent r="4" t="20" w="123" /><ent r="3" t="49" w="283" /><ent r="3" t="50" w="121" /><ent r="4" t="50" w="373" /></phr><phr n="Export"><ent r="3" t="19" w="58" /><ent r="3" t="20" w="51" /><ent r="4" t="20" w="108" /><ent r="92" t="47" w="602" /><ent r="4" t="47" w="631" /><ent r="3" t="47" w="647" /><ent r="4" t="49" w="249" /><ent r="3" t="49" w="422" /><ent r="3" t="49" w="465" /><ent r="3" t="49" w="536" /><ent r="4" t="50" w="229" /><ent r="4" t="50" w="355" /><ent r="3" t="50" w="472" /><ent r="3" t="50" w="516" /></phr><phr n="Exporter"><ent r="5" t="20" w="72" /><ent r="4" t="20" w="101" /><ent r="3" t="21" w="129" /><ent r="3" t="21" w="137" /><ent r="4" t="21" w="145" /><ent r="4" t="21" w="187" /><ent r="65" t="21" w="206" /><ent r="4" t="21" w="258" /><ent r="1000" t="49" w="2" /><ent r="102" t="49" w="5" /><ent r="100" t="49" w="8" /><ent r="3" t="49" w="17" /><ent r="3" t="49" w="35" /><ent r="3" t="49" w="80" /><ent r="3" t="49" w="119" /><ent r="64" t="49" w="166" /><ent r="4" t="49" w="257" /><ent r="5" t="49" w="261" /><ent r="4" t="49" w="557" /><ent r="4" t="49" w="564" /><ent r="3" t="49" w="589" /><ent r="1000" t="50" w="4" /><ent r="102" t="50" w="9" /><ent r="100" t="50" w="16" /><ent r="3" t="50" w="22" /><ent r="3" t="50" w="65" /><ent r="3" t="50" w="99" /><ent r="64" t="50" w="138" /><ent r="92" t="50" w="151" /><ent r="4" t="50" w="234" /><ent r="4" t="50" w="244" /></phr><phr n="export"><ent r="4" t="20" w="116" /><ent r="4" t="20" w="125" /><ent r="4" t="47" w="607" /><ent r="3" t="49" w="123" /><ent r="3" t="49" w="137" /><ent r="3" t="49" w="156" /><ent r="3" t="49" w="175" /><ent r="92" t="49" w="189" /><ent r="4" t="49" w="205" /><ent r="92" t="49" w="470" /><ent r="3" t="50" w="131" /><ent r="92" t="50" w="142" /></phr><phr n="exporters"><ent r="3" t="21" w="117" /></phr><phr n="Exporters"><ent r="100" t="49" w="10" /><ent r="100" t="50" w="11" /></phr><phr n="exports"><ent r="3" t="49" w="496" /></phr><phr n="exported"><ent r="3" t="50" w="129" /></phr></stem><stem n="wai"><phr n="ways"><ent r="3" t="2" w="101" /><ent r="3" t="9" w="40" /><ent r="3" t="10" w="92" /><ent r="3" t="49" w="85" /><ent r="3" t="50" w="70" /></phr><phr n="way"><ent r="3" t="37" w="255" /><ent r="3" t="40" w="456" /></phr></stem><stem n="cem"><phr n="CEM"><ent r="65" t="2" w="115" /><ent r="65" t="9" w="47" /><ent r="65" t="10" w="101" /><ent r="64" t="27" w="25" /><ent r="1000" t="31" w="4" /><ent r="102" t="31" w="9" /><ent r="100" t="31" w="11" /><ent r="65" t="31" w="23" /><ent r="3" t="31" w="46" /><ent r="3" t="31" w="65" /><ent r="3" t="31" w="87" /><ent r="3" t="31" w="105" /><ent r="3" t="31" w="129" /><ent r="5" t="31" w="208" /><ent r="3" t="31" w="231" /><ent r="3" t="31" w="298" /><ent r="3" t="31" w="467" /><ent r="3" t="31" w="499" /><ent r="4" t="31" w="547" /><ent r="4" t="31" w="578" /><ent r="4" t="31" w="646" /><ent r="4" t="31" w="688" /><ent r="4" t="31" w="696" /><ent r="4" t="31" w="738" /><ent r="4" t="31" w="754" /><ent r="4" t="31" w="761" /><ent r="3" t="31" w="784" /><ent r="4" t="31" w="800" /><ent r="4" t="31" w="843" /><ent r="64" t="31" w="918" /><ent r="65" t="33" w="19" /><ent r="3" t="33" w="70" /><ent r="5" t="33" w="101" /><ent r="5" t="33" w="277" /><ent r="5" t="33" w="340" /><ent r="64" t="34" w="205" /><ent r="125" t="36" w="43" /><ent r="66" t="37" w="442" /><ent r="1000" t="57" w="1" /><ent r="102" t="57" w="5" /><ent r="64" t="57" w="9" /><ent r="65" t="57" w="31" /><ent r="3" t="57" w="56" /><ent r="3" t="57" w="83" /><ent r="3" t="57" w="96" /><ent r="3" t="57" w="103" /><ent r="3" t="57" w="121" /><ent r="3" t="57" w="146" /><ent r="3" t="57" w="274" /><ent r="1000" t="58" w="1" /><ent r="66" t="58" w="9" /></phr></stem><stem n="sam"><phr n="SAM"><ent r="65" t="2" w="118" /><ent r="65" t="9" w="50" /><ent r="65" t="10" w="104" /><ent r="64" t="27" w="27" /><ent r="1000" t="32" w="4" /><ent r="102" t="32" w="9" /><ent r="100" t="32" w="15" /><ent r="65" t="32" w="22" /><ent r="3" t="32" w="48" /><ent r="3" t="32" w="66" /><ent r="3" t="32" w="79" /><ent r="3" t="32" w="96" /><ent r="3" t="32" w="134" /><ent r="3" t="32" w="162" /><ent r="3" t="32" w="178" /><ent r="64" t="32" w="188" /><ent r="3" t="32" w="227" /><ent r="5" t="32" w="249" /><ent r="3" t="32" w="455" /><ent r="4" t="32" w="482" /><ent r="4" t="32" w="515" /><ent r="4" t="32" w="546" /><ent r="4" t="32" w="587" /><ent r="4" t="32" w="630" /><ent r="4" t="32" w="650" /><ent r="65" t="33" w="27" /><ent r="3" t="33" w="80" /><ent r="64" t="34" w="201" /><ent r="64" t="36" w="39" /><ent r="66" t="37" w="434" /><ent r="64" t="40" w="50" /><ent r="66" t="40" w="128" /><ent r="3" t="40" w="280" /><ent r="1000" t="59" w="1" /><ent r="102" t="59" w="5" /><ent r="65" t="59" w="13" /><ent r="3" t="59" w="34" /><ent r="3" t="59" w="126" /><ent r="3" t="59" w="148" /><ent r="3" t="59" w="165" /><ent r="3" t="59" w="183" /><ent r="3" t="59" w="281" /><ent r="3" t="59" w="374" /><ent r="3" t="59" w="418" /><ent r="1000" t="60" w="1" /></phr></stem><stem n="builder"><phr n="Builder"><ent r="65" t="2" w="124" /><ent r="65" t="9" w="56" /><ent r="65" t="10" w="110" /><ent r="1000" t="13" w="3" /><ent r="102" t="13" w="7" /><ent r="100" t="13" w="11" /><ent r="3" t="13" w="16" /><ent r="3" t="13" w="34" /><ent r="3" t="13" w="60" /><ent r="3" t="13" w="82" /><ent r="3" t="13" w="115" /><ent r="3" t="13" w="132" /><ent r="4" t="13" w="150" /><ent r="3" t="13" w="156" /><ent r="64" t="13" w="214" /><ent r="100" t="14" w="9" /><ent r="5" t="14" w="37" /><ent r="3" t="14" w="43" /><ent r="64" t="14" w="108" /><ent r="100" t="15" w="8" /><ent r="5" t="15" w="165" /><ent r="4" t="15" w="220" /><ent r="64" t="15" w="305" /><ent r="100" t="16" w="10" /><ent r="4" t="16" w="52" /><ent r="3" t="16" w="272" /><ent r="64" t="16" w="307" /><ent r="100" t="17" w="10" /><ent r="4" t="17" w="27" /><ent r="64" t="17" w="98" /><ent r="100" t="18" w="8" /><ent r="3" t="18" w="41" /><ent r="4" t="18" w="54" /><ent r="64" t="18" w="113" /><ent r="100" t="19" w="7" /><ent r="4" t="19" w="30" /><ent r="64" t="19" w="140" /><ent r="100" t="20" w="8" /><ent r="4" t="20" w="23" /><ent r="64" t="20" w="167" /><ent r="1000" t="21" w="3" /><ent r="102" t="21" w="9" /><ent r="64" t="21" w="17" /><ent r="3" t="21" w="90" /><ent r="3" t="21" w="123" /><ent r="64" t="47" w="662" /><ent r="3" t="49" w="94" /><ent r="3" t="49" w="180" /><ent r="65" t="49" w="225" /><ent r="3" t="50" w="79" /><ent r="64" t="50" w="203" /></phr></stem><stem n="dialog"><phr n="dialog"><ent r="4" t="2" w="128" /><ent r="3" t="2" w="222" /><ent r="4" t="2" w="333" /><ent r="3" t="5" w="135" /><ent r="4" t="9" w="60" /><ent r="3" t="9" w="139" /><ent r="4" t="9" w="251" /><ent r="4" t="10" w="114" /><ent r="3" t="10" w="195" /><ent r="4" t="10" w="304" /><ent r="3" t="11" w="191" /><ent r="3" t="11" w="212" /><ent r="4" t="11" w="413" /><ent r="4" t="11" w="425" /><ent r="3" t="12" w="130" /><ent r="4" t="12" w="492" /><ent r="3" t="12" w="506" /><ent r="4" t="14" w="60" /><ent r="4" t="15" w="178" /><ent r="4" t="15" w="201" /><ent r="4" t="15" w="214" /><ent r="3" t="16" w="77" /><ent r="4" t="16" w="98" /><ent r="4" t="16" w="113" /><ent r="4" t="16" w="221" /><ent r="3" t="16" w="260" /><ent r="4" t="17" w="64" /><ent r="4" t="18" w="92" /><ent r="3" t="19" w="59" /><ent r="4" t="19" w="104" /><ent r="4" t="19" w="118" /><ent r="3" t="20" w="52" /><ent r="4" t="20" w="110" /><ent r="4" t="20" w="145" /><ent r="4" t="20" w="159" /><ent r="4" t="25" w="45" /><ent r="4" t="25" w="77" /><ent r="3" t="25" w="468" /><ent r="3" t="25" w="474" /><ent r="3" t="25" w="496" /><ent r="4" t="25" w="529" /><ent r="4" t="26" w="40" /><ent r="4" t="29" w="144" /><ent r="3" t="30" w="213" /><ent r="3" t="30" w="234" /><ent r="3" t="30" w="264" /><ent r="4" t="30" w="465" /><ent r="4" t="30" w="480" /><ent r="3" t="31" w="220" /><ent r="3" t="31" w="376" /><ent r="3" t="31" w="407" /><ent r="3" t="31" w="425" /><ent r="3" t="31" w="468" /><ent r="4" t="31" w="735" /><ent r="4" t="31" w="747" /><ent r="4" t="31" w="767" /><ent r="4" t="31" w="778" /><ent r="3" t="32" w="368" /><ent r="3" t="32" w="390" /><ent r="3" t="32" w="417" /><ent r="3" t="32" w="456" /><ent r="4" t="32" w="645" /><ent r="4" t="32" w="662" /><ent r="4" t="33" w="117" /><ent r="4" t="33" w="312" /><ent r="4" t="33" w="378" /><ent r="3" t="35" w="382" /><ent r="3" t="36" w="202" /><ent r="4" t="36" w="222" /><ent r="4" t="36" w="273" /><ent r="4" t="36" w="293" /><ent r="4" t="36" w="319" /><ent r="4" t="36" w="360" /><ent r="4" t="36" w="414" /><ent r="4" t="36" w="718" /><ent r="3" t="36" w="725" /><ent r="3" t="37" w="368" /><ent r="3" t="37" w="376" /><ent r="4" t="37" w="475" /><ent r="3" t="38" w="134" /><ent r="4" t="38" w="325" /><ent r="4" t="38" w="481" /><ent r="3" t="38" w="552" /><ent r="4" t="38" w="607" /><ent r="4" t="38" w="651" /><ent r="3" t="39" w="133" /><ent r="4" t="39" w="276" /><ent r="4" t="40" w="119" /><ent r="3" t="40" w="369" /><ent r="4" t="40" w="399" /><ent r="3" t="47" w="95" /><ent r="5" t="47" w="115" /><ent r="5" t="47" w="180" /><ent r="5" t="47" w="200" /><ent r="5" t="47" w="228" /><ent r="5" t="47" w="267" /><ent r="5" t="47" w="289" /><ent r="4" t="47" w="310" /><ent r="3" t="49" w="95" /><ent r="3" t="49" w="233" /><ent r="4" t="49" w="250" /><ent r="3" t="49" w="370" /><ent r="3" t="49" w="423" /><ent r="3" t="49" w="462" /><ent r="3" t="49" w="466" /><ent r="3" t="49" w="537" /><ent r="3" t="50" w="80" /><ent r="3" t="50" w="177" /><ent r="3" t="50" w="182" /><ent r="3" t="50" w="211" /><ent r="4" t="50" w="230" /><ent r="4" t="50" w="357" /><ent r="3" t="50" w="420" /><ent r="3" t="50" w="473" /><ent r="3" t="50" w="512" /><ent r="3" t="50" w="517" /><ent r="3" t="51" w="45" /><ent r="3" t="54" w="12" /><ent r="3" t="59" w="419" /></phr></stem><stem n="featur"><phr n="feature"><ent r="4" t="2" w="140" /><ent r="4" t="9" w="74" /><ent r="4" t="10" w="128" /><ent r="3" t="35" w="284" /><ent r="3" t="35" w="307" /><ent r="3" t="46" w="433" /><ent r="3" t="49" w="101" /><ent r="3" t="49" w="112" /><ent r="3" t="50" w="92" /></phr></stem><stem n="go"><phr n="Going"><ent r="4" t="2" w="142" /></phr><phr n="go"><ent r="4" t="2" w="234" /><ent r="4" t="3" w="71" /><ent r="4" t="4" w="31" /><ent r="4" t="5" w="55" /><ent r="4" t="6" w="34" /><ent r="4" t="7" w="350" /><ent r="4" t="8" w="304" /><ent r="4" t="9" w="149" /><ent r="4" t="10" w="207" /><ent r="4" t="12" w="114" /><ent r="4" t="29" w="121" /><ent r="4" t="35" w="55" /><ent r="3" t="38" w="201" /><ent r="4" t="48" w="21" /></phr><phr n="Go"><ent r="4" t="3" w="55" /><ent r="4" t="5" w="39" /><ent r="4" t="22" w="24" /><ent r="4" t="29" w="163" /><ent r="4" t="30" w="57" /><ent r="4" t="33" w="89" /><ent r="4" t="33" w="265" /><ent r="4" t="33" w="328" /><ent r="4" t="36" w="421" /><ent r="3" t="36" w="772" /><ent r="3" t="36" w="794" /><ent r="3" t="36" w="814" /><ent r="4" t="37" w="308" /><ent r="4" t="40" w="103" /><ent r="3" t="41" w="46" /><ent r="4" t="46" w="46" /><ent r="4" t="47" w="612" /></phr></stem><stem n="menu"><phr n="menu"><ent r="4" t="2" w="148" /><ent r="4" t="7" w="356" /><ent r="3" t="22" w="68" /><ent r="4" t="35" w="61" /><ent r="3" t="35" w="324" /><ent r="4" t="37" w="350" /><ent r="4" t="37" w="357" /><ent r="4" t="37" w="469" /><ent r="4" t="37" w="514" /><ent r="3" t="37" w="602" /><ent r="3" t="46" w="712" /><ent r="4" t="47" w="635" /><ent r="3" t="47" w="651" /><ent r="4" t="48" w="27" /></phr></stem><stem n="(*.spectrum.txt)"><phr n="(*.spectrum.txt)"><ent r="3" t="2" w="172" /><ent r="5" t="2" w="252" /></phr></stem><stem n="type"><phr n="Type"><ent r="3" t="2" w="176" /><ent r="5" t="12" w="365" /></phr><phr n="type"><ent r="4" t="2" w="239" /><ent r="3" t="2" w="266" /><ent r="3" t="7" w="332" /><ent r="3" t="8" w="287" /><ent r="3" t="9" w="94" /><ent r="5" t="9" w="155" /><ent r="3" t="9" w="183" /><ent r="3" t="10" w="149" /><ent r="4" t="10" w="212" /><ent r="3" t="10" w="239" /><ent r="4" t="12" w="370" /><ent r="3" t="15" w="255" /><ent r="3" t="19" w="83" /><ent r="5" t="20" w="86" /><ent r="4" t="49" w="271" /><ent r="4" t="50" w="250" /></phr><phr n="types"><ent r="4" t="7" w="390" /><ent r="4" t="8" w="341" /><ent r="3" t="13" w="71" /><ent r="3" t="49" w="279" /></phr></stem><stem n="field"><phr n="field"><ent r="3" t="2" w="177" /><ent r="4" t="3" w="77" /><ent r="4" t="5" w="61" /><ent r="3" t="15" w="246" /><ent r="3" t="35" w="131" /><ent r="3" t="35" w="340" /><ent r="3" t="35" w="363" /><ent r="4" t="36" w="551" /><ent r="3" t="38" w="456" /><ent r="4" t="38" w="561" /><ent r="5" t="47" w="260" /><ent r="3" t="49" w="273" /><ent r="3" t="49" w="300" /><ent r="4" t="49" w="351" /><ent r="3" t="49" w="559" /><ent r="3" t="49" w="583" /><ent r="3" t="50" w="274" /><ent r="4" t="50" w="334" /><ent r="3" t="62" w="287" /><ent r="3" t="62" w="291" /></phr><phr n="fields"><ent r="3" t="33" w="50" /><ent r="3" t="40" w="239" /></phr></stem><stem n="if"><phr n="If"><ent r="4" t="2" w="187" /><ent r="4" t="9" w="103" /><ent r="4" t="10" w="160" /><ent r="3" t="11" w="170" /><ent r="3" t="11" w="354" /><ent r="3" t="11" w="384" /><ent r="4" t="12" w="304" /><ent r="3" t="12" w="444" /><ent r="4" t="20" w="94" /><ent r="3" t="25" w="305" /><ent r="3" t="25" w="438" /><ent r="3" t="25" w="460" /><ent r="4" t="25" w="516" /><ent r="3" t="26" w="132" /><ent r="3" t="30" w="9" /><ent r="3" t="30" w="96" /><ent r="3" t="30" w="151" /><ent r="4" t="30" w="399" /><ent r="3" t="31" w="161" /><ent r="3" t="31" w="211" /><ent r="3" t="31" w="233" /><ent r="3" t="31" w="269" /><ent r="3" t="31" w="305" /><ent r="3" t="31" w="470" /><ent r="4" t="31" w="640" /><ent r="4" t="31" w="799" /><ent r="4" t="31" w="864" /><ent r="4" t="32" w="264" /><ent r="4" t="32" w="308" /><ent r="4" t="32" w="458" /><ent r="4" t="32" w="581" /><ent r="3" t="33" w="158" /><ent r="3" t="35" w="258" /><ent r="4" t="36" w="247" /><ent r="4" t="36" w="640" /><ent r="4" t="36" w="685" /><ent r="3" t="36" w="765" /><ent r="3" t="37" w="360" /><ent r="4" t="37" w="388" /><ent r="3" t="38" w="381" /><ent r="3" t="38" w="433" /><ent r="3" t="40" w="214" /><ent r="3" t="40" w="265" /><ent r="3" t="40" w="325" /><ent r="3" t="40" w="359" /><ent r="4" t="40" w="388" /><ent r="3" t="40" w="527" /><ent r="3" t="43" w="66" /><ent r="3" t="43" w="91" /><ent r="3" t="43" w="102" /><ent r="3" t="44" w="97" /><ent r="3" t="45" w="151" /><ent r="3" t="45" w="208" /><ent r="3" t="45" w="225" /><ent r="3" t="46" w="98" /><ent r="3" t="46" w="138" /><ent r="3" t="46" w="232" /><ent r="3" t="46" w="320" /><ent r="3" t="46" w="346" /><ent r="3" t="46" w="640" /><ent r="5" t="47" w="120" /><ent r="5" t="47" w="162" /><ent r="4" t="47" w="297" /><ent r="4" t="47" w="337" /><ent r="4" t="47" w="375" /><ent r="3" t="47" w="438" /><ent r="3" t="47" w="490" /><ent r="3" t="47" w="550" /><ent r="3" t="49" w="358" /><ent r="3" t="49" w="386" /><ent r="3" t="49" w="396" /><ent r="3" t="49" w="408" /><ent r="3" t="49" w="435" /><ent r="3" t="49" w="500" /><ent r="4" t="50" w="153" /><ent r="3" t="50" w="195" /><ent r="4" t="50" w="336" /><ent r="3" t="50" w="408" /><ent r="3" t="50" w="436" /><ent r="3" t="50" w="446" /><ent r="3" t="50" w="458" /><ent r="3" t="50" w="485" /><ent r="4" t="51" w="9" /><ent r="3" t="51" w="30" /><ent r="3" t="51" w="67" /><ent r="3" t="51" w="89" /><ent r="3" t="52" w="56" /><ent r="3" t="53" w="7" /><ent r="3" t="57" w="78" /><ent r="3" t="59" w="377" /></phr><phr n="if"><ent r="3" t="11" w="123" /><ent r="5" t="12" w="184" /><ent r="4" t="12" w="291" /><ent r="3" t="31" w="224" /><ent r="4" t="31" w="889" /><ent r="3" t="32" w="201" /><ent r="3" t="35" w="371" /><ent r="4" t="36" w="508" /><ent r="4" t="36" w="528" /><ent r="3" t="38" w="302" /><ent r="3" t="38" w="347" /><ent r="3" t="38" w="364" /><ent r="3" t="38" w="406" /><ent r="3" t="38" w="423" /><ent r="3" t="38" w="494" /><ent r="3" t="40" w="295" /><ent r="3" t="46" w="251" /><ent r="3" t="47" w="541" /><ent r="3" t="49" w="374" /><ent r="3" t="49" w="477" /><ent r="4" t="50" w="381" /><ent r="3" t="50" w="424" /><ent r="3" t="59" w="406" /><ent r="3" t="61" w="38" /><ent r="3" t="61" w="69" /></phr></stem><stem n="right"><phr n="right"><ent r="4" t="2" w="195" /><ent r="4" t="9" w="111" /><ent r="4" t="10" w="168" /><ent r="4" t="19" w="50" /><ent r="4" t="20" w="43" /><ent r="3" t="22" w="71" /><ent r="4" t="22" w="104" /><ent r="4" t="25" w="151" /><ent r="4" t="29" w="126" /><ent r="4" t="29" w="150" /><ent r="3" t="35" w="313" /><ent r="4" t="37" w="340" /><ent r="3" t="37" w="587" /><ent r="3" t="46" w="262" /><ent r="3" t="46" w="287" /><ent r="3" t="46" w="374" /><ent r="3" t="46" w="399" /><ent r="3" t="46" w="682" /><ent r="4" t="49" w="206" /><ent r="4" t="49" w="523" /><ent r="4" t="50" w="161" /></phr><phr n="Right"><ent r="4" t="22" w="141" /><ent r="4" t="37" w="451" /><ent r="4" t="37" w="501" /><ent r="4" t="47" w="623" /><ent r="3" t="47" w="639" /></phr></stem><stem n="...."><phr n="...."><ent r="5" t="2" w="203" /><ent r="5" t="10" w="176" /></phr></stem><stem n="&gt;&gt;"><phr n="&gt;&gt;"><ent r="5" t="2" w="208" /><ent r="5" t="9" w="124" /><ent r="5" t="10" w="181" /></phr></stem><stem n="brows"><phr n="Browse"><ent r="5" t="2" w="214" /><ent r="5" t="9" w="131" /><ent r="5" t="10" w="187" /><ent r="5" t="12" w="163" /><ent r="4" t="12" w="432" /><ent r="5" t="16" w="104" /><ent r="5" t="25" w="237" /><ent r="4" t="30" w="220" /><ent r="4" t="31" w="383" /><ent r="4" t="32" w="375" /><ent r="5" t="36" w="279" /><ent r="6" t="47" w="185" /><ent r="3" t="54" w="15" /></phr><phr n="browse"><ent r="3" t="2" w="256" /><ent r="3" t="9" w="173" /><ent r="3" t="10" w="228" /><ent r="5" t="12" w="167" /><ent r="4" t="12" w="436" /><ent r="5" t="25" w="240" /><ent r="3" t="30" w="224" /><ent r="3" t="31" w="387" /><ent r="3" t="32" w="379" /><ent r="4" t="36" w="283" /><ent r="3" t="38" w="418" /><ent r="5" t="47" w="189" /><ent r="4" t="47" w="394" /></phr></stem><stem n="…"><phr n="…"><ent r="5" t="2" w="215" /><ent r="5" t="9" w="132" /><ent r="5" t="10" w="188" /><ent r="4" t="31" w="384" /><ent r="4" t="32" w="376" /><ent r="6" t="47" w="186" /><ent r="4" t="49" w="111" /><ent r="5" t="49" w="216" /><ent r="4" t="49" w="246" /><ent r="5" t="49" w="533" /><ent r="4" t="50" w="91" /><ent r="4" t="50" w="224" /><ent r="5" t="50" w="350" /></phr></stem><stem n="-down"><phr n="-down"><ent r="4" t="2" w="240" /><ent r="4" t="2" w="240" /><ent r="4" t="7" w="373" /><ent r="4" t="7" w="373" /><ent r="4" t="8" w="324" /><ent r="4" t="8" w="324" /><ent r="4" t="9" w="157" /><ent r="4" t="9" w="157" /><ent r="4" t="10" w="213" /><ent r="4" t="10" w="213" /><ent r="4" t="11" w="264" /><ent r="4" t="11" w="264" /><ent r="4" t="20" w="76" /><ent r="4" t="20" w="76" /><ent r="5" t="25" w="176" /><ent r="5" t="25" w="176" /><ent r="4" t="25" w="266" /><ent r="4" t="25" w="266" /><ent r="4" t="29" w="205" /><ent r="4" t="29" w="205" /><ent r="3" t="30" w="130" /><ent r="3" t="30" w="130" /><ent r="4" t="30" w="431" /><ent r="4" t="30" w="431" /><ent r="3" t="31" w="509" /><ent r="3" t="31" w="509" /><ent r="4" t="31" w="671" /><ent r="4" t="31" w="671" /><ent r="4" t="32" w="492" /><ent r="4" t="32" w="492" /><ent r="4" t="32" w="613" /><ent r="4" t="32" w="613" /><ent r="3" t="38" w="190" /><ent r="3" t="38" w="190" /><ent r="4" t="38" w="567" /><ent r="4" t="38" w="567" /><ent r="4" t="38" w="624" /><ent r="4" t="38" w="624" /><ent r="3" t="39" w="179" /><ent r="3" t="39" w="179" /><ent r="4" t="49" w="263" /><ent r="4" t="49" w="263" /><ent r="3" t="49" w="568" /><ent r="3" t="49" w="568" /><ent r="4" t="50" w="235" /><ent r="4" t="50" w="235" /><ent r="4" t="51" w="21" /><ent r="4" t="51" w="21" /><ent r="3" t="52" w="27" /><ent r="3" t="52" w="27" /></phr></stem><stem n="drop"><phr n="drop"><ent r="4" t="2" w="240" /><ent r="4" t="7" w="373" /><ent r="4" t="8" w="324" /><ent r="4" t="9" w="157" /><ent r="4" t="10" w="213" /><ent r="4" t="11" w="264" /><ent r="4" t="20" w="76" /><ent r="5" t="25" w="176" /><ent r="4" t="25" w="266" /><ent r="4" t="29" w="205" /><ent r="3" t="30" w="130" /><ent r="4" t="30" w="431" /><ent r="3" t="31" w="509" /><ent r="4" t="31" w="671" /><ent r="4" t="32" w="492" /><ent r="4" t="32" w="613" /><ent r="3" t="38" w="190" /><ent r="4" t="38" w="567" /><ent r="4" t="38" w="624" /><ent r="3" t="39" w="179" /><ent r="4" t="49" w="263" /><ent r="3" t="49" w="568" /><ent r="4" t="50" w="235" /><ent r="4" t="51" w="21" /><ent r="3" t="52" w="27" /></phr></stem><stem n="drop-down"><phr n="drop-down"><ent r="4" t="2" w="240" /><ent r="4" t="7" w="373" /><ent r="4" t="8" w="324" /><ent r="4" t="9" w="157" /><ent r="4" t="10" w="213" /><ent r="4" t="11" w="264" /><ent r="4" t="20" w="76" /><ent r="5" t="25" w="176" /><ent r="4" t="25" w="266" /><ent r="4" t="29" w="205" /><ent r="3" t="30" w="130" /><ent r="4" t="30" w="431" /><ent r="3" t="31" w="509" /><ent r="4" t="31" w="671" /><ent r="4" t="32" w="492" /><ent r="4" t="32" w="613" /><ent r="3" t="38" w="190" /><ent r="4" t="38" w="567" /><ent r="4" t="38" w="624" /><ent r="3" t="39" w="179" /><ent r="4" t="49" w="263" /><ent r="3" t="49" w="568" /><ent r="4" t="50" w="235" /><ent r="4" t="51" w="21" /><ent r="3" t="52" w="27" /></phr></stem><stem n="down"><phr n="down"><ent r="4" t="2" w="241" /><ent r="4" t="7" w="374" /><ent r="4" t="8" w="325" /><ent r="4" t="9" w="158" /><ent r="4" t="10" w="214" /><ent r="4" t="11" w="265" /><ent r="4" t="20" w="77" /><ent r="5" t="25" w="177" /><ent r="4" t="25" w="267" /><ent r="4" t="29" w="206" /><ent r="3" t="30" w="131" /><ent r="4" t="30" w="432" /><ent r="3" t="31" w="510" /><ent r="4" t="31" w="672" /><ent r="4" t="32" w="493" /><ent r="4" t="32" w="614" /><ent r="3" t="38" w="191" /><ent r="4" t="38" w="568" /><ent r="4" t="38" w="625" /><ent r="3" t="39" w="180" /><ent r="4" t="49" w="264" /><ent r="3" t="49" w="569" /><ent r="4" t="50" w="236" /><ent r="4" t="51" w="22" /><ent r="3" t="52" w="28" /><ent r="3" t="53" w="73" /></phr></stem><stem n=".spectrum.txt"><phr n=".spectrum.txt"><ent r="3" t="2" w="268" /></phr></stem><stem n="navig"><phr n="Navigate"><ent r="4" t="2" w="272" /><ent r="4" t="3" w="84" /><ent r="4" t="5" w="70" /><ent r="4" t="7" w="401" /><ent r="4" t="8" w="348" /><ent r="4" t="9" w="191" /><ent r="4" t="10" w="244" /><ent r="4" t="16" w="115" /><ent r="4" t="19" w="64" /><ent r="4" t="20" w="57" /><ent r="4" t="49" w="328" /><ent r="4" t="49" w="542" /><ent r="4" t="50" w="313" /></phr><phr n="navigate"><ent r="4" t="15" w="180" /><ent r="3" t="30" w="236" /><ent r="3" t="32" w="392" /><ent r="4" t="36" w="295" /><ent r="5" t="47" w="202" /></phr><phr n="navigated"><ent r="4" t="50" w="387" /></phr></stem><stem n="on"><phr n="one"><ent r="4" t="2" w="276" /><ent r="4" t="11" w="270" /><ent r="3" t="11" w="355" /><ent r="4" t="12" w="150" /><ent r="64" t="16" w="45" /><ent r="3" t="23" w="95" /><ent r="4" t="25" w="147" /><ent r="4" t="25" w="153" /><ent r="4" t="30" w="331" /><ent r="4" t="31" w="560" /><ent r="4" t="32" w="528" /><ent r="4" t="34" w="261" /><ent r="4" t="36" w="99" /><ent r="4" t="44" w="36" /><ent r="4" t="45" w="53" /><ent r="3" t="45" w="158" /><ent r="5" t="47" w="206" /><ent r="3" t="50" w="124" /><ent r="3" t="61" w="116" /><ent r="3" t="62" w="184" /><ent r="3" t="62" w="193" /></phr><phr n="ones"><ent r="3" t="19" w="93" /></phr><phr n="One"><ent r="3" t="37" w="254" /></phr></stem><stem n="open"><phr n="Open"><ent r="5" t="2" w="285" /><ent r="5" t="3" w="95" /><ent r="5" t="5" w="81" /><ent r="5" t="7" w="412" /><ent r="5" t="8" w="359" /><ent r="5" t="9" w="204" /><ent r="5" t="10" w="256" /><ent r="4" t="11" w="147" /><ent r="4" t="15" w="177" /><ent r="5" t="15" w="195" /><ent r="5" t="16" w="148" /><ent r="5" t="22" w="58" /><ent r="5" t="26" w="66" /><ent r="4" t="30" w="52" /><ent r="4" t="30" w="246" /><ent r="4" t="31" w="185" /><ent r="3" t="31" w="410" /><ent r="4" t="32" w="230" /><ent r="3" t="32" w="401" /><ent r="5" t="36" w="305" /><ent r="6" t="47" w="214" /><ent r="4" t="54" w="43" /></phr><phr n="open"><ent r="3" t="13" w="109" /><ent r="3" t="13" w="124" /><ent r="3" t="13" w="129" /><ent r="3" t="35" w="41" /><ent r="3" t="38" w="498" /><ent r="4" t="47" w="64" /><ent r="5" t="47" w="113" /></phr><phr n="opening"><ent r="3" t="46" w="281" /><ent r="3" t="46" w="393" /></phr><phr n="opens"><ent r="4" t="49" w="252" /><ent r="4" t="50" w="227" /><ent r="4" t="50" w="353" /></phr></stem><stem n="name"><phr n="name"><ent r="4" t="2" w="291" /><ent r="4" t="2" w="306" /><ent r="4" t="4" w="91" /><ent r="4" t="9" w="210" /><ent r="4" t="10" w="263" /><ent r="4" t="10" w="278" /><ent r="5" t="12" w="173" /><ent r="4" t="12" w="419" /><ent r="4" t="12" w="442" /><ent r="3" t="12" w="447" /><ent r="4" t="14" w="64" /><ent r="4" t="15" w="227" /><ent r="4" t="15" w="230" /><ent r="3" t="15" w="238" /><ent r="3" t="15" w="251" /><ent r="3" t="15" w="259" /><ent r="4" t="18" w="58" /><ent r="3" t="19" w="86" /><ent r="5" t="20" w="91" /><ent r="5" t="25" w="199" /><ent r="3" t="25" w="567" /><ent r="3" t="30" w="251" /><ent r="3" t="30" w="289" /><ent r="4" t="30" w="326" /><ent r="3" t="31" w="347" /><ent r="3" t="31" w="453" /><ent r="4" t="31" w="555" /><ent r="3" t="32" w="405" /><ent r="3" t="32" w="442" /><ent r="4" t="32" w="523" /><ent r="3" t="33" w="47" /><ent r="3" t="33" w="54" /><ent r="3" t="33" w="133" /><ent r="5" t="33" w="369" /><ent r="4" t="36" w="310" /><ent r="4" t="36" w="344" /><ent r="5" t="36" w="505" /><ent r="4" t="36" w="513" /><ent r="4" t="36" w="522" /><ent r="4" t="37" w="479" /><ent r="4" t="37" w="495" /><ent r="3" t="40" w="412" /><ent r="3" t="42" w="70" /><ent r="3" t="43" w="83" /><ent r="3" t="45" w="104" /><ent r="3" t="46" w="688" /><ent r="5" t="47" w="219" /><ent r="3" t="47" w="460" /><ent r="3" t="47" w="472" /><ent r="4" t="47" w="628" /><ent r="3" t="47" w="666" /><ent r="4" t="49" w="298" /><ent r="3" t="49" w="318" /><ent r="4" t="49" w="344" /><ent r="5" t="49" w="349" /><ent r="3" t="49" w="416" /><ent r="3" t="50" w="187" /><ent r="3" t="50" w="266" /><ent r="4" t="50" w="271" /><ent r="3" t="50" w="281" /><ent r="3" t="50" w="284" /><ent r="3" t="50" w="294" /><ent r="4" t="50" w="327" /><ent r="5" t="50" w="332" /><ent r="4" t="50" w="402" /><ent r="3" t="50" w="466" /></phr><phr n="names"><ent r="3" t="7" w="120" /><ent r="3" t="10" w="56" /><ent r="4" t="36" w="419" /><ent r="5" t="47" w="254" /><ent r="4" t="47" w="328" /></phr><phr n="Name"><ent r="4" t="15" w="244" /><ent r="5" t="30" w="314" /><ent r="5" t="31" w="543" /><ent r="5" t="32" w="511" /><ent r="4" t="33" w="185" /><ent r="4" t="36" w="354" /><ent r="4" t="36" w="367" /><ent r="5" t="47" w="259" /></phr></stem></index>