﻿<?xml version="1.0" encoding="utf-8"?><index><stem n="appear"><phr n="appears"><ent r="3" t="30" w="294" /><ent r="3" t="32" w="406" /><ent r="3" t="32" w="447" /><ent r="4" t="36" w="311" /></phr><phr n="appear"><ent r="3" t="31" w="414" /><ent r="3" t="31" w="459" /><ent r="4" t="36" w="351" /><ent r="3" t="52" w="14" /></phr></stem><stem n="typic"><phr n="Typically"><ent r="4" t="30" w="332" /><ent r="4" t="31" w="561" /><ent r="4" t="32" w="529" /></phr></stem><stem n="accept"><phr n="accepted"><ent r="4" t="30" w="337" /><ent r="4" t="31" w="566" /><ent r="4" t="32" w="534" /></phr><phr n="accept"><ent r="4" t="35" w="107" /></phr></stem><stem n=".4225"><phr n=".4225"><ent r="4" t="30" w="357" /><ent r="4" t="30" w="374" /></phr></stem><stem n="0.4225"><phr n="0.4225"><ent r="4" t="30" w="357" /><ent r="4" t="30" w="356" /><ent r="4" t="30" w="374" /><ent r="4" t="30" w="373" /></phr></stem><stem n="4225"><phr n="4225"><ent r="4" t="30" w="357" /><ent r="4" t="30" w="374" /></phr></stem><stem n="greater"><phr n="greater"><ent r="4" t="30" w="371" /><ent r="4" t="31" w="830" /><ent r="4" t="31" w="893" /></phr></stem><stem n="flag"><phr n="flagged"><ent r="4" t="30" w="376" /><ent r="4" t="31" w="614" /><ent r="4" t="31" w="629" /><ent r="4" t="32" w="569" /></phr></stem><stem n="compris"><phr n="comprise"><ent r="4" t="30" w="384" /></phr><phr n="comprises"><ent r="4" t="31" w="623" /></phr><phr n="comprising"><ent r="3" t="55" w="25" /></phr></stem><stem n="signific"><phr n="significant"><ent r="4" t="30" w="386" /></phr></stem><stem n="portion"><phr n="portion"><ent r="4" t="30" w="387" /><ent r="4" t="30" w="409" /><ent r="4" t="31" w="650" /><ent r="4" t="32" w="591" /></phr></stem><stem n="(rather"><phr n="(rather"><ent r="4" t="30" w="414" /><ent r="4" t="31" w="655" /><ent r="4" t="32" w="596" /></phr></stem><stem n="rather"><phr n="rather"><ent r="4" t="30" w="414" /><ent r="4" t="31" w="655" /><ent r="4" t="32" w="596" /></phr></stem><stem n="),"><phr n="),"><ent r="4" t="30" w="420" /><ent r="4" t="31" w="661" /><ent r="4" t="32" w="602" /><ent r="4" t="33" w="291" /><ent r="4" t="33" w="354" /><ent r="3" t="57" w="326" /></phr></stem><stem n="-in,"><phr n="-in,"><ent r="4" t="30" w="451" /><ent r="4" t="30" w="451" /><ent r="4" t="31" w="691" /><ent r="4" t="31" w="691" /><ent r="3" t="40" w="44" /><ent r="3" t="40" w="44" /></phr><phr n="-In,"><ent r="4" t="31" w="706" /><ent r="4" t="31" w="706" /></phr></stem><stem n="constrain"><phr n="Constrained"><ent r="1000" t="31" w="1" /><ent r="102" t="31" w="6" /><ent r="100" t="31" w="13" /><ent r="3" t="31" w="19" /><ent r="5" t="31" w="25" /><ent r="3" t="31" w="181" /><ent r="3" t="31" w="373" /><ent r="3" t="31" w="422" /><ent r="5" t="33" w="21" /><ent r="6" t="37" w="444" /><ent r="5" t="55" w="33" /><ent r="4" t="56" w="5" /><ent r="6" t="56" w="11" /><ent r="4" t="56" w="21" /></phr></stem><stem n="energi"><phr n="Energy"><ent r="1000" t="31" w="2" /><ent r="102" t="31" w="7" /><ent r="100" t="31" w="14" /><ent r="3" t="31" w="20" /><ent r="5" t="31" w="26" /><ent r="3" t="31" w="182" /><ent r="3" t="31" w="374" /><ent r="3" t="31" w="423" /><ent r="5" t="33" w="22" /><ent r="6" t="37" w="445" /><ent r="5" t="55" w="34" /><ent r="4" t="56" w="6" /><ent r="6" t="56" w="12" /><ent r="4" t="56" w="22" /></phr><phr n="energy"><ent r="3" t="55" w="160" /></phr></stem><stem n="minim"><phr n="Minimization"><ent r="1000" t="31" w="3" /><ent r="102" t="31" w="8" /><ent r="100" t="31" w="15" /><ent r="3" t="31" w="21" /><ent r="5" t="31" w="27" /><ent r="3" t="31" w="183" /><ent r="3" t="31" w="375" /><ent r="3" t="31" w="424" /><ent r="5" t="33" w="23" /><ent r="6" t="37" w="446" /><ent r="5" t="55" w="35" /><ent r="4" t="56" w="7" /><ent r="6" t="56" w="13" /><ent r="4" t="56" w="23" /></phr><phr n="minimizes"><ent r="3" t="55" w="157" /></phr></stem><stem n="(cem)"><phr n="(CEM)"><ent r="1000" t="31" w="5" /><ent r="102" t="31" w="10" /></phr></stem><stem n="design"><phr n="designed"><ent r="3" t="31" w="67" /><ent r="3" t="31" w="131" /></phr><phr n="design"><ent r="3" t="55" w="149" /></phr></stem><stem n="correct"><phr n="corrected"><ent r="3" t="31" w="75" /><ent r="3" t="31" w="114" /><ent r="3" t="31" w="140" /><ent r="3" t="31" w="152" /><ent r="3" t="31" w="167" /><ent r="3" t="32" w="128" /><ent r="3" t="32" w="149" /></phr><phr n="correct"><ent r="5" t="33" w="367" /></phr><phr n="correction"><ent r="3" t="60" w="266" /><ent r="4" t="61" w="64" /></phr></stem><stem n="analyst"><phr n="analysts"><ent r="3" t="31" w="96" /></phr><phr n="analyst"><ent r="3" t="60" w="169" /></phr></stem><stem n="evid"><phr n="evidence"><ent r="3" t="31" w="98" /></phr></stem><stem n="less"><phr n="less"><ent r="3" t="31" w="157" /><ent r="4" t="32" w="564" /><ent r="3" t="57" w="410" /></phr></stem><stem n="predict"><phr n="predictable"><ent r="3" t="31" w="158" /></phr></stem><stem n="accur"><phr n="accurate"><ent r="3" t="31" w="160" /></phr></stem><stem n="continu"><phr n="continue"><ent r="3" t="31" w="228" /><ent r="3" t="31" w="242" /><ent r="3" t="33" w="258" /><ent r="4" t="51" w="109" /></phr><phr n="continuously"><ent r="3" t="51" w="59" /></phr></stem><stem n="recommend"><phr n="recommended"><ent r="3" t="31" w="252" /><ent r="3" t="32" w="132" /></phr></stem><stem n="messag"><phr n="message"><ent r="3" t="31" w="276" /><ent r="3" t="31" w="293" /><ent r="4" t="36" w="692" /></phr><phr n="messages"><ent r="3" t="47" w="440" /><ent r="3" t="47" w="448" /><ent r="3" t="48" w="490" /><ent r="3" t="48" w="498" /></phr></stem><stem n="-reflect"><phr n="-reflectance"><ent r="3" t="31" w="283" /><ent r="3" t="31" w="283" /></phr></stem><stem n="non-reflect"><phr n="non-reflectance"><ent r="3" t="31" w="283" /></phr></stem><stem n="desir"><phr n="desired"><ent r="3" t="31" w="364" /><ent r="3" t="31" w="390" /><ent r="3" t="32" w="356" /><ent r="3" t="32" w="382" /><ent r="4" t="36" w="286" /><ent r="4" t="36" w="363" /><ent r="3" t="38" w="495" /><ent r="3" t="46" w="262" /><ent r="4" t="51" w="55" /></phr></stem><stem n=".5"><phr n=".5"><ent r="4" t="31" w="586" /><ent r="4" t="31" w="593" /><ent r="4" t="31" w="609" /><ent r="4" t="31" w="612" /></phr></stem><stem n="0.5"><phr n="0.5"><ent r="4" t="31" w="586" /><ent r="4" t="31" w="585" /><ent r="4" t="31" w="609" /><ent r="4" t="31" w="608" /></phr></stem><stem n="1.5"><phr n="1.5"><ent r="4" t="31" w="593" /><ent r="4" t="31" w="592" /><ent r="4" t="31" w="612" /><ent r="4" t="31" w="611" /></phr></stem><stem n="%"><phr n="%"><ent r="4" t="31" w="625" /><ent r="4" t="31" w="757" /><ent r="4" t="32" w="653" /><ent r="4" t="39" w="183" /><ent r="4" t="39" w="217" /></phr></stem><stem n="moment"><phr n="Moment"><ent r="4" t="31" w="702" /><ent r="4" t="31" w="733" /><ent r="3" t="55" w="87" /></phr><phr n="moment"><ent r="3" t="55" w="68" /></phr></stem><stem n="statu"><phr n="status"><ent r="4" t="31" w="746" /><ent r="3" t="36" w="729" /><ent r="3" t="42" w="114" /><ent r="3" t="46" w="661" /><ent r="3" t="46" w="669" /></phr></stem><stem n="100"><phr n="100"><ent r="4" t="31" w="756" /><ent r="4" t="32" w="652" /></phr></stem><stem n="equal"><phr n="equal"><ent r="4" t="31" w="817" /></phr><phr n="equals"><ent r="3" t="57" w="50" /><ent r="3" t="60" w="87" /></phr></stem><stem n="percentag"><phr n="percentage"><ent r="4" t="31" w="820" /><ent r="4" t="31" w="880" /><ent r="4" t="31" w="891" /><ent r="3" t="39" w="64" /><ent r="3" t="39" w="222" /><ent r="3" t="55" w="19" /><ent r="3" t="55" w="49" /></phr></stem><stem n="combin"><phr n="Combined"><ent r="5" t="31" w="840" /></phr><phr n="combine"><ent r="4" t="31" w="848" /></phr><phr n="combined"><ent r="3" t="40" w="318" /><ent r="3" t="57" w="381" /></phr></stem><stem n="label"><phr n="labeled"><ent r="4" t="31" w="905" /></phr></stem><stem n="angl"><phr n="Angle"><ent r="1000" t="32" w="2" /><ent r="102" t="32" w="7" /><ent r="100" t="32" w="12" /><ent r="3" t="32" w="19" /><ent r="5" t="32" w="25" /><ent r="92" t="32" w="196" /><ent r="4" t="32" w="253" /><ent r="3" t="32" w="366" /><ent r="3" t="32" w="415" /><ent r="5" t="33" w="30" /><ent r="4" t="36" w="565" /><ent r="6" t="37" w="437" /><ent r="6" t="40" w="131" /><ent r="3" t="57" w="10" /><ent r="5" t="57" w="16" /></phr><phr n="angle"><ent r="3" t="57" w="60" /><ent r="4" t="57" w="73" /><ent r="3" t="57" w="189" /><ent r="3" t="57" w="250" /><ent r="3" t="57" w="263" /><ent r="3" t="57" w="289" /><ent r="3" t="57" w="350" /><ent r="3" t="57" w="405" /><ent r="3" t="57" w="408" /></phr></stem><stem n="(sam)"><phr n="(SAM)"><ent r="1000" t="32" w="5" /><ent r="102" t="32" w="10" /></phr></stem><stem n="unless"><phr n="unless"><ent r="3" t="32" w="142" /><ent r="3" t="47" w="314" /></phr></stem><stem n="compar"><phr n="compared"><ent r="3" t="32" w="157" /><ent r="3" t="57" w="316" /></phr><phr n="compare"><ent r="3" t="46" w="363" /></phr><phr n="comparing"><ent r="3" t="57" w="24" /></phr></stem><stem n="compens"><phr n="compensation"><ent r="3" t="32" w="164" /></phr></stem><stem n="befor"><phr n="before"><ent r="3" t="32" w="176" /><ent r="3" t="35" w="245" /><ent r="3" t="35" w="388" /><ent r="4" t="35" w="399" /><ent r="3" t="36" w="123" /><ent r="3" t="40" w="208" /><ent r="3" t="44" w="109" /></phr></stem><stem n="5.0"><phr n="5.0"><ent r="4" t="32" w="554" /><ent r="4" t="32" w="553" /><ent r="4" t="32" w="567" /><ent r="4" t="32" w="566" /><ent r="4" t="37" w="324" /><ent r="4" t="37" w="323" /></phr></stem><stem n="5.0."><phr n="5.0."><ent r="4" t="32" w="554" /><ent r="4" t="32" w="553" /></phr></stem><stem n=".0."><phr n=".0."><ent r="4" t="32" w="555" /></phr></stem><stem n=".0"><phr n=".0"><ent r="4" t="32" w="567" /><ent r="4" t="37" w="324" /></phr></stem><stem n="procedur"><phr n="procedure"><ent r="3" t="33" w="73" /></phr></stem><stem n="paramet"><phr n="parameters"><ent r="4" t="33" w="122" /><ent r="4" t="33" w="316" /><ent r="4" t="38" w="141" /><ent r="4" t="38" w="320" /><ent r="4" t="38" w="602" /><ent r="4" t="39" w="140" /></phr></stem><stem n="whole"><phr n="whole"><ent r="3" t="33" w="173" /><ent r="3" t="39" w="198" /></phr></stem><stem n="attribut"><phr n="attributes"><ent r="3" t="33" w="179" /><ent r="4" t="48" w="341" /><ent r="4" t="48" w="364" /></phr></stem><stem n="wildcard"><phr n="Wildcarding"><ent r="4" t="33" w="197" /></phr><phr n="wildcard"><ent r="3" t="33" w="216" /></phr><phr n="Wildcard"><ent r="1000" t="59" w="1" /><ent r="102" t="59" w="4" /></phr></stem><stem n="case"><phr n="Case"><ent r="4" t="33" w="201" /></phr><phr n="case"><ent r="3" t="33" w="210" /></phr></stem><stem n="sensit"><phr n="Sensitive"><ent r="4" t="33" w="202" /></phr><phr n="sensitive"><ent r="3" t="33" w="211" /></phr></stem><stem n="partial"><phr n="partial"><ent r="3" t="33" w="207" /></phr></stem><stem n="charact"><phr n="characters"><ent r="3" t="33" w="217" /><ent r="3" t="33" w="224" /><ent r="3" t="59" w="36" /><ent r="3" t="59" w="110" /></phr><phr n="Characters"><ent r="1000" t="59" w="2" /><ent r="102" t="59" w="5" /></phr><phr n="character"><ent r="3" t="59" w="31" /><ent r="3" t="59" w="67" /><ent r="3" t="59" w="117" /></phr></stem><stem n="*"><phr n="*"><ent r="3" t="33" w="218" /><ent r="3" t="46" w="413" /><ent r="3" t="57" w="236" /><ent r="3" t="57" w="247" /><ent r="3" t="57" w="259" /><ent r="3" t="59" w="28" /><ent r="3" t="59" w="43" /><ent r="3" t="60" w="56" /></phr></stem><stem n="?."><phr n="?."><ent r="3" t="33" w="219" /></phr></stem><stem n="explan"><phr n="explanation"><ent r="3" t="33" w="221" /></phr></stem><stem n="criteria"><phr n="criteria"><ent r="3" t="33" w="244" /><ent r="4" t="36" w="570" /></phr></stem><stem n="(on"><phr n="(on"><ent r="4" t="33" w="284" /><ent r="4" t="33" w="347" /></phr></stem><stem n="side"><phr n="side"><ent r="4" t="33" w="287" /><ent r="4" t="33" w="350" /><ent r="4" t="35" w="75" /></phr></stem><stem n="get"><phr n="get"><ent r="4" t="33" w="375" /><ent r="3" t="39" w="87" /><ent r="3" t="40" w="498" /></phr></stem><stem n="both"><phr n="both"><ent r="3" t="34" w="34" /><ent r="3" t="40" w="222" /></phr></stem><stem n="refin"><phr n="refine"><ent r="3" t="34" w="41" /><ent r="3" t="40" w="494" /></phr></stem><stem n="/remov"><phr n="/remove"><ent r="4" t="34" w="137" /></phr></stem><stem n="add/remov"><phr n="Add/remove"><ent r="4" t="34" w="137" /><ent r="4" t="34" w="136" /></phr></stem><stem n="/from"><phr n="/from"><ent r="4" t="34" w="140" /></phr></stem><stem n="to/from"><phr n="to/from"><ent r="4" t="34" w="140" /><ent r="4" t="34" w="139" /></phr></stem><stem n="unit"><phr n="units"><ent r="3" t="34" w="153" /><ent r="3" t="46" w="186" /></phr><phr n="Units"><ent r="82" t="46" w="179" /></phr><phr n="United"><ent r="4" t="53" w="6" /><ent r="4" t="53" w="47" /><ent r="4" t="54" w="6" /></phr></stem><stem n="batch"><phr n="batch"><ent r="3" t="34" w="213" /><ent r="3" t="36" w="51" /></phr></stem><stem n="wizard"><phr n="wizard"><ent r="3" t="34" w="221" /><ent r="3" t="36" w="59" /></phr></stem><stem n="least"><phr n="least"><ent r="4" t="34" w="260" /><ent r="4" t="36" w="98" /></phr></stem><stem n="dock"><phr n="dock"><ent r="5" t="34" w="307" /><ent r="5" t="37" w="53" /></phr></stem><stem n="metric"><phr n="metric"><ent r="4" t="34" w="379" /><ent r="4" t="34" w="417" /><ent r="4" t="34" w="464" /><ent r="4" t="37" w="126" /><ent r="4" t="37" w="164" /><ent r="4" t="37" w="211" /></phr></stem><stem n=":spectral"><phr n=":Spectral"><ent r="100" t="35" w="17" /></phr></stem><stem n="tree"><phr n="tree"><ent r="4" t="35" w="71" /></phr></stem><stem n="updat"><phr n="updating"><ent r="4" t="35" w="99" /></phr><phr n="updated"><ent r="4" t="36" w="665" /><ent r="3" t="44" w="88" /></phr><phr n="updates"><ent r="3" t="37" w="609" /></phr><phr n="update"><ent r="3" t="51" w="60" /></phr></stem><stem n="cancel"><phr n="Cancel"><ent r="4" t="35" w="114" /></phr><phr n="cancel"><ent r="3" t="35" w="117" /></phr></stem><stem n="action"><phr n="actions"><ent r="3" t="35" w="155" /><ent r="3" t="35" w="169" /><ent r="3" t="46" w="40" /></phr></stem><stem n="involv"><phr n="involving"><ent r="3" t="35" w="156" /><ent r="3" t="35" w="170" /></phr></stem><stem n="uncheck"><phr n="unchecked"><ent r="3" t="35" w="168" /><ent r="3" t="35" w="262" /><ent r="4" t="36" w="530" /><ent r="3" t="46" w="240" /></phr><phr n="Uncheck"><ent r="4" t="36" w="489" /></phr><phr n="uncheck"><ent r="3" t="38" w="684" /><ent r="3" t="46" w="307" /></phr><phr n="unchecking"><ent r="3" t="40" w="543" /></phr></stem><stem n="pass"><phr n="pass"><ent r="3" t="35" w="210" /></phr></stem><stem n="good"><phr n="goodness"><ent r="3" t="35" w="214" /></phr><phr n="good"><ent r="3" t="55" w="100" /></phr></stem><stem n="autoclear"><phr n="Autoclear"><ent r="4" t="35" w="254" /><ent r="3" t="35" w="283" /><ent r="3" t="35" w="320" /></phr></stem><stem n="state"><phr n="state"><ent r="3" t="35" w="280" /><ent r="4" t="58" w="86" /></phr><phr n="stating"><ent r="4" t="36" w="697" /></phr><phr n="Stated"><ent r="4" t="53" w="7" /><ent r="4" t="54" w="7" /></phr><phr n="States"><ent r="4" t="53" w="48" /></phr></stem><stem n="context"><phr n="context"><ent r="3" t="35" w="323" /><ent r="4" t="37" w="349" /><ent r="3" t="46" w="601" /></phr></stem><stem n="editor"><phr n="Editor"><ent r="3" t="36" w="201" /></phr><phr n="editor"><ent r="4" t="36" w="393" /></phr></stem><stem n="long"><phr n="long"><ent r="4" t="36" w="417" /></phr></stem><stem n="grai"><phr n="grayed"><ent r="4" t="36" w="526" /></phr><phr n="gray"><ent r="3" t="46" w="586" /></phr></stem><stem n="total"><phr n="total"><ent r="3" t="36" w="582" /><ent r="3" t="55" w="52" /></phr></stem><stem n="max"><phr n="max"><ent r="4" t="36" w="593" /></phr><phr n="Max"><ent r="4" t="40" w="194" /></phr></stem><stem n="cutoff"><phr n="cutoff"><ent r="3" t="36" w="616" /></phr></stem><stem n="empti"><phr n="empty"><ent r="4" t="36" w="690" /><ent r="4" t="36" w="702" /></phr></stem><stem n="need"><phr n="need"><ent r="4" t="36" w="705" /><ent r="3" t="40" w="476" /><ent r="3" t="40" w="492" /></phr><phr n="needs"><ent r="3" t="39" w="229" /><ent r="3" t="48" w="126" /></phr><phr n="needed"><ent r="3" t="60" w="333" /></phr></stem><stem n="show"><phr n="showing"><ent r="3" t="36" w="728" /></phr><phr n="Show"><ent r="3" t="41" w="56" /></phr><phr n="shows"><ent r="3" t="57" w="155" /></phr></stem><stem n="hidden"><phr n="hidden"><ent r="3" t="36" w="770" /></phr></stem><stem n="conjunct"><phr n="conjunction"><ent r="3" t="37" w="264" /></phr></stem><stem n="again"><phr n="again"><ent r="4" t="37" w="332" /><ent r="3" t="45" w="251" /><ent r="3" t="45" w="259" /></phr></stem><stem n="necessari"><phr n="necessary"><ent r="4" t="37" w="384" /><ent r="4" t="48" w="382" /></phr></stem><stem n="basic"><phr n="basically"><ent r="4" t="37" w="427" /></phr></stem><stem n="scale"><phr n="Scale"><ent r="4" t="37" w="556" /><ent r="4" t="37" w="596" /><ent r="82" t="46" w="316" /></phr><phr n="scaling"><ent r="3" t="37" w="608" /><ent r="3" t="46" w="401" /></phr><phr n="scale"><ent r="3" t="46" w="250" /></phr><phr n="scales"><ent r="3" t="46" w="324" /></phr><phr n="scaled"><ent r="3" t="46" w="423" /><ent r="3" t="46" w="439" /><ent r="3" t="46" w="461" /><ent r="3" t="46" w="473" /><ent r="3" t="46" w="490" /></phr></stem><stem n="-xiaoli"><phr n="-Xiaoli"><ent r="3" t="38" w="18" /><ent r="3" t="38" w="18" /><ent r="5" t="38" w="25" /><ent r="5" t="38" w="25" /></phr></stem><stem n="reed"><phr n="Reed"><ent r="3" t="38" w="18" /><ent r="5" t="38" w="25" /></phr></stem><stem n="reed-xiaoli"><phr n="Reed-Xiaoli"><ent r="3" t="38" w="18" /><ent r="5" t="38" w="25" /></phr></stem><stem n="xiaoli"><phr n="Xiaoli"><ent r="3" t="38" w="19" /><ent r="5" t="38" w="26" /></phr></stem><stem n="common"><phr n="common"><ent r="3" t="38" w="30" /></phr></stem><stem n="rest"><phr n="rest"><ent r="3" t="38" w="47" /><ent r="3" t="39" w="45" /></phr></stem><stem n="standard"><phr n="standard"><ent r="3" t="38" w="66" /></phr></stem><stem n="deviat"><phr n="deviations"><ent r="3" t="38" w="67" /></phr></stem><stem n="pixel'"><phr n="pixel's"><ent r="3" t="38" w="71" /><ent r="3" t="38" w="70" /><ent r="3" t="55" w="23" /><ent r="3" t="55" w="22" /><ent r="3" t="55" w="268" /><ent r="3" t="55" w="267" /><ent r="3" t="57" w="111" /><ent r="3" t="57" w="110" /></phr></stem><stem n="model"><phr n="modeling"><ent r="3" t="38" w="80" /></phr><phr n="model"><ent r="3" t="38" w="255" /></phr><phr n="models"><ent r="3" t="39" w="50" /></phr></stem><stem n="multivari"><phr n="multivariate"><ent r="3" t="38" w="85" /></phr></stem><stem n="distribut"><phr n="distribution"><ent r="3" t="38" w="87" /></phr></stem><stem n="anomal"><phr n="anomalous"><ent r="3" t="38" w="103" /><ent r="3" t="39" w="105" /></phr></stem><stem n="adjust"><phr n="Adjusts"><ent r="3" t="38" w="151" /></phr><phr n="adjust"><ent r="3" t="38" w="573" /></phr></stem><stem n="(aoi)."><phr n="(AOI)."><ent r="3" t="38" w="181" /><ent r="3" t="39" w="170" /></phr></stem><stem n="local"><phr n="Local"><ent r="4" t="38" w="213" /><ent r="3" t="38" w="220" /><ent r="3" t="38" w="299" /><ent r="3" t="38" w="304" /><ent r="3" t="38" w="581" /><ent r="3" t="38" w="584" /></phr><phr n="Locally"><ent r="4" t="56" w="19" /></phr></stem><stem n="size"><phr n="Size"><ent r="4" t="38" w="215" /><ent r="3" t="38" w="583" /><ent r="4" t="39" w="218" /><ent r="4" t="39" w="240" /></phr><phr n="size"><ent r="3" t="38" w="306" /></phr></stem><stem n="switch"><phr n="Switches"><ent r="3" t="38" w="217" /><ent r="3" t="38" w="264" /></phr></stem><stem n="around"><phr n="around"><ent r="3" t="38" w="232" /></phr></stem><stem n="defin"><phr n="defined"><ent r="3" t="38" w="236" /><ent r="3" t="57" w="395" /></phr></stem><stem n="height"><phr n="Height"><ent r="4" t="38" w="245" /></phr></stem><stem n="distanc"><phr n="distance"><ent r="3" t="38" w="259" /><ent r="3" t="39" w="189" /></phr><phr n="distances"><ent r="3" t="39" w="195" /></phr></stem><stem n="subspac"><phr n="Subspace"><ent r="4" t="38" w="262" /><ent r="3" t="38" w="268" /><ent r="3" t="38" w="589" /></phr></stem><stem n="ssrx"><phr n="SSRX"><ent r="3" t="38" w="270" /></phr></stem><stem n="(ssrx)"><phr n="(SSRX)"><ent r="3" t="38" w="271" /></phr></stem><stem n="princip"><phr n="Principal"><ent r="3" t="38" w="276" /></phr></stem><stem n="(if"><phr n="(if"><ent r="3" t="38" w="302" /></phr></stem><stem n="'ve"><phr n="'ve"><ent r="3" t="38" w="349" /><ent r="4" t="40" w="390" /></phr></stem><stem n="you'v"><phr n="you've"><ent r="3" t="38" w="349" /><ent r="3" t="38" w="348" /><ent r="4" t="40" w="390" /><ent r="4" t="40" w="389" /></phr></stem><stem n="ve"><phr n="ve"><ent r="3" t="38" w="349" /><ent r="4" t="40" w="390" /></phr></stem><stem n="/output"><phr n="/Output"><ent r="4" t="38" w="413" /></phr></stem><stem n="input/output"><phr n="Input/Output"><ent r="4" t="38" w="413" /><ent r="4" t="38" w="412" /></phr></stem><stem n="don"><phr n="don"><ent r="3" t="38" w="435" /><ent r="3" t="38" w="442" /></phr></stem><stem n="'t"><phr n="'t"><ent r="3" t="38" w="436" /><ent r="3" t="38" w="443" /><ent r="3" t="43" w="95" /></phr></stem><stem n="don't"><phr n="don't"><ent r="3" t="38" w="436" /><ent r="3" t="38" w="435" /><ent r="3" t="38" w="443" /><ent r="3" t="38" w="442" /></phr></stem><stem n="histogram"><phr n="histogram"><ent r="3" t="38" w="500" /><ent r="3" t="38" w="505" /><ent r="3" t="38" w="664" /></phr></stem><stem n="(local"><phr n="(Local"><ent r="3" t="38" w="584" /></phr></stem><stem n="clearli"><phr n="clearly"><ent r="3" t="38" w="673" /></phr></stem><stem n="(to"><phr n="(To"><ent r="3" t="38" w="681" /></phr></stem><stem n="topolog"><phr n="Topological"><ent r="1000" t="39" w="1" /><ent r="102" t="39" w="5" /><ent r="100" t="39" w="11" /><ent r="3" t="39" w="16" /><ent r="5" t="39" w="22" /><ent r="4" t="39" w="144" /></phr></stem><stem n="sampl"><phr n="sample"><ent r="3" t="39" w="59" /><ent r="3" t="39" w="199" /><ent r="3" t="39" w="225" /><ent r="3" t="39" w="250" /></phr><phr n="Sample"><ent r="4" t="39" w="239" /></phr></stem><stem n="region'"><phr n="region's"><ent r="3" t="39" w="63" /><ent r="3" t="39" w="62" /></phr></stem><stem n="search"><phr n="searches"><ent r="3" t="39" w="73" /></phr><phr n="search"><ent r="3" t="59" w="45" /><ent r="3" t="59" w="76" /><ent r="3" t="59" w="104" /></phr></stem><stem n="nearest"><phr n="nearest"><ent r="3" t="39" w="76" /><ent r="3" t="40" w="36" /></phr></stem><stem n="neighbor"><phr n="neighbors"><ent r="3" t="39" w="77" /></phr></stem><stem n="sum"><phr n="sums"><ent r="3" t="39" w="83" /></phr><phr n="sum"><ent r="3" t="57" w="232" /><ent r="3" t="57" w="243" /></phr><phr n="Sum"><ent r="3" t="57" w="252" /></phr></stem><stem n="rank"><phr n="rank"><ent r="3" t="39" w="89" /></phr></stem><stem n="edg"><phr n="Edges"><ent r="4" t="39" w="183" /></phr></stem><stem n="percent"><phr n="percent"><ent r="3" t="39" w="192" /><ent r="3" t="40" w="165" /></phr></stem><stem n="consid"><phr n="considered"><ent r="3" t="39" w="207" /><ent r="3" t="39" w="234" /></phr></stem><stem n="member"><phr n="members"><ent r="3" t="39" w="208" /></phr></stem><stem n="network"><phr n="Network"><ent r="3" t="39" w="212" /></phr></stem><stem n="theori"><phr n="theory"><ent r="3" t="39" w="213" /></phr></stem><stem n="%."><phr n="%."><ent r="3" t="39" w="216" /></phr></stem><stem n="occupi"><phr n="occupy"><ent r="3" t="39" w="231" /></phr></stem><stem n="-mean"><phr n="-Means"><ent r="1000" t="40" w="1" /><ent r="1000" t="40" w="1" /><ent r="102" t="40" w="4" /><ent r="102" t="40" w="4" /><ent r="100" t="40" w="7" /><ent r="100" t="40" w="7" /><ent r="3" t="40" w="12" /><ent r="3" t="40" w="12" /><ent r="3" t="40" w="45" /><ent r="3" t="40" w="45" /><ent r="4" t="40" w="57" /><ent r="4" t="40" w="57" /><ent r="5" t="40" w="113" /><ent r="5" t="40" w="113" /><ent r="4" t="40" w="117" /><ent r="4" t="40" w="117" /><ent r="4" t="40" w="394" /><ent r="4" t="40" w="394" /><ent r="82" t="40" w="505" /><ent r="82" t="40" w="505" /><ent r="92" t="40" w="509" /><ent r="92" t="40" w="509" /><ent r="3" t="40" w="518" /><ent r="3" t="40" w="518" /></phr></stem><stem n="k"><phr n="K"><ent r="1000" t="40" w="1" /><ent r="102" t="40" w="4" /><ent r="100" t="40" w="7" /><ent r="3" t="40" w="12" /><ent r="3" t="40" w="45" /><ent r="4" t="40" w="57" /><ent r="5" t="40" w="113" /><ent r="4" t="40" w="117" /><ent r="4" t="40" w="394" /><ent r="82" t="40" w="505" /><ent r="92" t="40" w="509" /><ent r="3" t="40" w="518" /><ent r="4" t="58" w="14" /></phr><phr n="k"><ent r="4" t="40" w="23" /><ent r="4" t="40" w="322" /><ent r="4" t="58" w="85" /><ent r="4" t="60" w="50" /><ent r="4" t="60" w="54" /><ent r="4" t="60" w="58" /><ent r="4" t="60" w="63" /><ent r="4" t="60" w="69" /><ent r="3" t="60" w="81" /><ent r="4" t="60" w="85" /><ent r="4" t="60" w="109" /><ent r="4" t="60" w="120" /><ent r="4" t="60" w="125" /></phr></stem><stem n="k-mean"><phr n="K-Means"><ent r="1000" t="40" w="1" /><ent r="102" t="40" w="4" /><ent r="100" t="40" w="7" /><ent r="3" t="40" w="12" /><ent r="3" t="40" w="45" /><ent r="4" t="40" w="57" /><ent r="5" t="40" w="113" /><ent r="4" t="40" w="117" /><ent r="4" t="40" w="394" /><ent r="82" t="40" w="505" /><ent r="92" t="40" w="509" /><ent r="3" t="40" w="518" /></phr></stem><stem n="cluster"><phr n="clusters"><ent r="3" t="40" w="25" /><ent r="3" t="40" w="190" /><ent r="3" t="40" w="248" /></phr><phr n="cluster"><ent r="3" t="40" w="33" /><ent r="3" t="40" w="310" /></phr><phr n="Cluster"><ent r="4" t="40" w="241" /></phr></stem><stem n="belong"><phr n="belongs"><ent r="3" t="40" w="30" /></phr></stem><stem n="call"><phr n="calls"><ent r="3" t="40" w="48" /></phr><phr n="called"><ent r="3" t="46" w="565" /><ent r="3" t="59" w="50" /></phr></stem><stem n="iter"><phr n="iteratively"><ent r="3" t="40" w="52" /></phr><phr n="Iterations"><ent r="4" t="40" w="195" /></phr><phr n="iterations"><ent r="3" t="40" w="202" /><ent r="3" t="40" w="220" /></phr></stem><stem n="prefer"><phr n="preferably"><ent r="4" t="40" w="67" /></phr></stem><stem n="(although"><phr n="(although"><ent r="4" t="40" w="72" /></phr></stem><stem n="might"><phr n="might"><ent r="4" t="40" w="84" /></phr></stem><stem n="bad"><phr n="bad"><ent r="4" t="40" w="89" /><ent r="4" t="40" w="95" /></phr></stem><stem n="veri"><phr n="very"><ent r="3" t="40" w="146" /></phr></stem><stem n="high"><phr n="high"><ent r="3" t="40" w="147" /><ent r="4" t="61" w="29" /></phr></stem><stem n="converg"><phr n="Convergence"><ent r="4" t="40" w="159" /></phr><phr n="converge"><ent r="3" t="40" w="177" /></phr><phr n="convergence"><ent r="3" t="40" w="216" /></phr></stem><stem n="control"><phr n="control"><ent r="3" t="40" w="180" /><ent r="3" t="55" w="362" /></phr><phr n="Control"><ent r="5" t="53" w="40" /></phr></stem><stem n="border"><phr n="border"><ent r="3" t="40" w="181" /></phr></stem><stem n="(or"><phr n="(or"><ent r="3" t="40" w="183" /><ent r="3" t="57" w="187" /></phr></stem><stem n="mix"><phr n="mixed"><ent r="3" t="40" w="184" /></phr></stem><stem n="indefinit"><phr n="indefinitely"><ent r="3" t="40" w="230" /></phr></stem><stem n="count"><phr n="Count"><ent r="4" t="40" w="242" /></phr><phr n="count"><ent r="3" t="40" w="311" /></phr></stem><stem n="-run"><phr n="-running"><ent r="3" t="40" w="258" /><ent r="3" t="40" w="258" /></phr></stem><stem n="re-run"><phr n="Re-running"><ent r="3" t="40" w="258" /></phr></stem></index>