<?xml version="1.0" encoding="utf-8"?><index><stem n="-in."><phr n="-in."><ent r="6" t="1" w="312" /><ent r="6" t="1" w="312" /><ent r="6" t="1" w="384" /><ent r="6" t="1" w="384" /><ent r="6" t="1" w="473" /><ent r="6" t="1" w="473" /><ent r="3" t="30" w="44" /><ent r="3" t="30" w="44" /><ent r="3" t="30" w="123" /><ent r="3" t="30" w="123" /><ent r="3" t="31" w="502" /><ent r="3" t="31" w="502" /><ent r="4" t="32" w="485" /><ent r="4" t="32" w="485" /><ent r="3" t="35" w="39" /><ent r="3" t="35" w="39" /><ent r="4" t="36" w="197" /><ent r="4" t="36" w="197" /><ent r="3" t="57" w="91" /><ent r="3" t="57" w="91" /></phr></stem><stem n="activ"><phr n="active"><ent r="6" t="1" w="338" /><ent r="6" t="1" w="343" /><ent r="6" t="1" w="411" /><ent r="6" t="1" w="416" /><ent r="4" t="34" w="398" /><ent r="4" t="34" w="437" /><ent r="4" t="34" w="472" /><ent r="4" t="37" w="145" /><ent r="4" t="37" w="184" /><ent r="4" t="37" w="219" /><ent r="3" t="43" w="33" /><ent r="3" t="44" w="102" /><ent r="3" t="45" w="37" /><ent r="3" t="45" w="41" /><ent r="3" t="45" w="116" /><ent r="3" t="45" w="164" /><ent r="3" t="46" w="96" /><ent r="3" t="46" w="136" /><ent r="4" t="47" w="341" /></phr><phr n="Activate"><ent r="5" t="29" w="160" /></phr></stem><stem n="finish"><phr n="finished"><ent r="6" t="1" w="348" /><ent r="6" t="1" w="421" /><ent r="4" t="2" w="330" /><ent r="4" t="9" w="248" /><ent r="4" t="10" w="301" /><ent r="3" t="11" w="343" /><ent r="4" t="12" w="489" /><ent r="3" t="36" w="741" /><ent r="4" t="38" w="470" /><ent r="4" t="38" w="640" /><ent r="4" t="39" w="265" /><ent r="3" t="40" w="426" /></phr><phr n="finishes"><ent r="3" t="38" w="78" /></phr></stem><stem n="aster"><phr n="ASTER"><ent r="1000" t="2" w="1" /><ent r="102" t="2" w="6" /><ent r="100" t="2" w="11" /><ent r="3" t="2" w="19" /><ent r="3" t="2" w="37" /><ent r="3" t="2" w="43" /><ent r="3" t="2" w="61" /><ent r="3" t="2" w="105" /><ent r="3" t="2" w="157" /><ent r="3" t="2" w="166" /><ent r="3" t="2" w="182" /><ent r="4" t="2" w="230" /><ent r="5" t="2" w="246" /><ent r="4" t="2" w="318" /><ent r="4" t="2" w="325" /><ent r="4" t="2" w="338" /></phr></stem><stem n="import"><phr n="Importer"><ent r="1000" t="2" w="4" /><ent r="102" t="2" w="9" /><ent r="100" t="2" w="14" /><ent r="3" t="2" w="29" /><ent r="3" t="2" w="64" /><ent r="3" t="2" w="91" /><ent r="3" t="2" w="108" /><ent r="3" t="2" w="160" /><ent r="3" t="2" w="185" /><ent r="4" t="2" w="233" /><ent r="4" t="2" w="321" /><ent r="4" t="2" w="328" /><ent r="4" t="2" w="341" /><ent r="1000" t="3" w="2" /><ent r="102" t="3" w="5" /><ent r="100" t="3" w="8" /><ent r="100" t="3" w="11" /><ent r="3" t="3" w="23" /><ent r="5" t="3" w="75" /><ent r="64" t="3" w="102" /><ent r="1000" t="4" w="3" /><ent r="102" t="4" w="8" /><ent r="100" t="4" w="13" /><ent r="100" t="4" w="19" /><ent r="3" t="4" w="26" /><ent r="64" t="4" w="119" /><ent r="1000" t="5" w="3" /><ent r="102" t="5" w="7" /><ent r="100" t="5" w="11" /><ent r="3" t="5" w="18" /><ent r="5" t="5" w="59" /><ent r="5" t="5" w="67" /><ent r="3" t="5" w="92" /><ent r="64" t="5" w="140" /><ent r="64" t="5" w="153" /><ent r="64" t="5" w="158" /><ent r="64" t="5" w="162" /><ent r="1000" t="6" w="3" /><ent r="102" t="6" w="8" /><ent r="100" t="6" w="13" /><ent r="100" t="6" w="19" /><ent r="64" t="6" w="104" /><ent r="1000" t="7" w="3" /><ent r="100" t="7" w="9" /><ent r="102" t="7" w="13" /><ent r="3" t="7" w="18" /><ent r="3" t="7" w="307" /><ent r="3" t="7" w="326" /><ent r="92" t="7" w="342" /><ent r="5" t="7" w="371" /><ent r="5" t="7" w="382" /><ent r="1000" t="8" w="3" /><ent r="100" t="8" w="9" /><ent r="102" t="8" w="13" /><ent r="3" t="8" w="18" /><ent r="3" t="8" w="260" /><ent r="3" t="8" w="281" /><ent r="92" t="8" w="296" /><ent r="4" t="8" w="323" /><ent r="5" t="8" w="333" /><ent r="1000" t="9" w="2" /><ent r="102" t="9" w="5" /><ent r="100" t="9" w="8" /><ent r="3" t="9" w="14" /><ent r="3" t="9" w="45" /><ent r="3" t="9" w="78" /><ent r="3" t="9" w="101" /><ent r="4" t="9" w="148" /><ent r="4" t="9" w="241" /><ent r="4" t="9" w="246" /><ent r="4" t="9" w="257" /><ent r="1000" t="10" w="4" /><ent r="102" t="10" w="9" /><ent r="100" t="10" w="16" /><ent r="3" t="10" w="22" /><ent r="3" t="10" w="79" /><ent r="3" t="10" w="99" /><ent r="3" t="10" w="134" /><ent r="3" t="10" w="158" /><ent r="4" t="10" w="206" /><ent r="4" t="10" w="292" /><ent r="4" t="10" w="299" /><ent r="4" t="10" w="312" /><ent r="5" t="15" w="36" /><ent r="4" t="15" w="70" /><ent r="5" t="15" w="83" /><ent r="4" t="15" w="134" /><ent r="3" t="21" w="127" /><ent r="3" t="21" w="135" /><ent r="4" t="21" w="142" /><ent r="4" t="21" w="185" /><ent r="65" t="21" w="200" /><ent r="4" t="21" w="256" /><ent r="5" t="22" w="42" /><ent r="1000" t="55" w="3" /><ent r="1000" t="56" w="3" /></phr><phr n="Importers"><ent r="100" t="2" w="16" /><ent r="100" t="3" w="13" /><ent r="100" t="5" w="13" /><ent r="100" t="7" w="5" /><ent r="100" t="8" w="5" /><ent r="100" t="9" w="10" /><ent r="100" t="10" w="11" /><ent r="3" t="15" w="21" /><ent r="3" t="21" w="115" /></phr><phr n="imports"><ent r="3" t="2" w="65" /><ent r="3" t="5" w="93" /><ent r="3" t="7" w="19" /><ent r="3" t="8" w="19" /></phr><phr n="import"><ent r="3" t="2" w="87" /><ent r="5" t="2" w="152" /><ent r="5" t="2" w="207" /><ent r="4" t="2" w="297" /><ent r="5" t="3" w="63" /><ent r="4" t="3" w="69" /><ent r="5" t="4" w="41" /><ent r="3" t="4" w="50" /><ent r="5" t="5" w="47" /><ent r="4" t="5" w="53" /><ent r="5" t="6" w="48" /><ent r="3" t="7" w="309" /><ent r="3" t="7" w="329" /><ent r="5" t="7" w="360" /><ent r="4" t="7" w="366" /><ent r="3" t="8" w="265" /><ent r="3" t="8" w="284" /><ent r="5" t="8" w="313" /><ent r="4" t="8" w="319" /><ent r="5" t="9" w="123" /><ent r="4" t="9" w="215" /><ent r="5" t="10" w="180" /><ent r="4" t="10" w="268" /><ent r="4" t="12" w="110" /><ent r="5" t="16" w="92" /><ent r="4" t="16" w="159" /><ent r="4" t="16" w="174" /><ent r="5" t="22" w="28" /><ent r="4" t="22" w="34" /><ent r="4" t="22" w="53" /><ent r="3" t="30" w="256" /><ent r="3" t="31" w="417" /><ent r="3" t="32" w="354" /><ent r="3" t="32" w="409" /><ent r="5" t="36" w="267" /><ent r="4" t="36" w="314" /><ent r="4" t="40" w="61" /><ent r="5" t="47" w="223" /><ent r="3" t="51" w="44" /></phr><phr n="importing"><ent r="3" t="4" w="64" /><ent r="3" t="50" w="112" /></phr><phr n="Imported"><ent r="92" t="5" w="85" /><ent r="3" t="5" w="124" /></phr><phr n="important"><ent r="3" t="21" w="96" /><ent r="3" t="24" w="163" /></phr></stem><stem n="(advanc"><phr n="(Advanced"><ent r="3" t="2" w="20" /></phr></stem><stem n="spaceborn"><phr n="Spaceborne"><ent r="3" t="2" w="21" /></phr></stem><stem n="thermal"><phr n="Thermal"><ent r="3" t="2" w="22" /><ent r="3" t="7" w="57" /><ent r="3" t="7" w="138" /><ent r="6" t="7" w="259" /><ent r="6" t="7" w="262" /><ent r="6" t="8" w="227" /><ent r="6" t="8" w="230" /></phr></stem><stem n="emiss"><phr n="Emission"><ent r="3" t="2" w="23" /></phr></stem><stem n="reflect"><phr n="Reflection"><ent r="3" t="2" w="25" /></phr><phr n="reflectance"><ent r="3" t="2" w="75" /><ent r="3" t="4" w="86" /><ent r="3" t="11" w="38" /><ent r="3" t="11" w="54" /><ent r="3" t="11" w="81" /><ent r="3" t="11" w="114" /><ent r="3" t="11" w="232" /><ent r="3" t="11" w="246" /><ent r="4" t="11" w="321" /><ent r="3" t="12" w="11" /><ent r="5" t="12" w="20" /><ent r="3" t="12" w="83" /><ent r="3" t="31" w="78" /><ent r="3" t="31" w="119" /><ent r="3" t="31" w="218" /><ent r="3" t="31" w="259" /><ent r="3" t="31" w="284" /><ent r="3" t="32" w="152" /><ent r="3" t="59" w="321" /><ent r="3" t="62" w="20" /><ent r="3" t="62" w="48" /><ent r="4" t="62" w="83" /><ent r="3" t="62" w="94" /><ent r="3" t="62" w="344" /><ent r="3" t="62" w="366" /></phr><phr n="Reflected"><ent r="6" t="7" w="222" /><ent r="6" t="7" w="238" /><ent r="6" t="7" w="276" /><ent r="6" t="8" w="190" /><ent r="6" t="8" w="206" /><ent r="6" t="8" w="244" /></phr><phr n="reflective"><ent r="3" t="32" w="159" /></phr></stem><stem n="radiomet"><phr n="Radiometer"><ent r="3" t="2" w="26" /><ent r="3" t="8" w="40" /></phr></stem><stem n=")"><phr n=")"><ent r="3" t="2" w="27" /><ent r="3" t="3" w="23" /><ent r="3" t="8" w="82" /><ent r="3" t="9" w="28" /><ent r="3" t="11" w="26" /><ent r="3" t="11" w="134" /><ent r="5" t="12" w="209" /><ent r="4" t="12" w="334" /><ent r="3" t="15" w="254" /><ent r="4" t="16" w="66" /><ent r="3" t="24" w="26" /><ent r="3" t="24" w="47" /><ent r="3" t="24" w="118" /><ent r="3" t="24" w="138" /><ent r="3" t="28" w="30" /><ent r="3" t="28" w="181" /><ent r="3" t="31" w="29" /><ent r="3" t="32" w="28" /><ent r="3" t="34" w="24" /><ent r="3" t="36" w="28" /><ent r="3" t="37" w="28" /><ent r="3" t="38" w="28" /><ent r="3" t="38" w="587" /><ent r="3" t="39" w="26" /><ent r="3" t="40" w="186" /><ent r="3" t="46" w="297" /><ent r="3" t="46" w="409" /><ent r="3" t="46" w="522" /><ent r="3" t="46" w="523" /><ent r="3" t="46" w="703" /><ent r="3" t="52" w="25" /><ent r="3" t="52" w="85" /><ent r="3" t="54" w="35" /><ent r="3" t="57" w="207" /><ent r="4" t="58" w="15" /><ent r="4" t="58" w="18" /><ent r="3" t="59" w="19" /><ent r="3" t="59" w="161" /><ent r="3" t="59" w="197" /><ent r="3" t="59" w="217" /><ent r="3" t="59" w="227" /><ent r="3" t="59" w="238" /><ent r="3" t="59" w="249" /><ent r="3" t="59" w="260" /><ent r="3" t="59" w="260" /><ent r="3" t="59" w="313" /></phr></stem><stem n="load"><phr n="loads"><ent r="3" t="2" w="30" /><ent r="3" t="4" w="71" /><ent r="4" t="5" w="110" /><ent r="3" t="30" w="281" /><ent r="3" t="32" w="434" /><ent r="4" t="36" w="336" /><ent r="5" t="47" w="245" /></phr><phr n="Load"><ent r="5" t="2" w="312" /><ent r="3" t="3" w="27" /><ent r="3" t="4" w="78" /><ent r="4" t="4" w="98" /><ent r="3" t="5" w="22" /><ent r="3" t="6" w="30" /><ent r="4" t="9" w="229" /><ent r="5" t="9" w="234" /><ent r="3" t="10" w="26" /><ent r="3" t="10" w="68" /><ent r="3" t="10" w="81" /><ent r="5" t="10" w="283" /><ent r="3" t="13" w="21" /><ent r="65" t="13" w="173" /><ent r="64" t="14" w="110" /><ent r="1000" t="15" w="1" /><ent r="100" t="15" w="9" /><ent r="102" t="15" w="13" /><ent r="3" t="15" w="27" /><ent r="4" t="15" w="41" /><ent r="4" t="15" w="51" /><ent r="4" t="15" w="88" /><ent r="3" t="15" w="142" /><ent r="5" t="15" w="171" /><ent r="4" t="15" w="191" /><ent r="64" t="16" w="35" /><ent r="5" t="16" w="208" /><ent r="64" t="16" w="278" /><ent r="64" t="17" w="85" /><ent r="64" t="18" w="106" /><ent r="64" t="20" w="169" /><ent r="4" t="21" w="149" /><ent r="4" t="21" w="176" /><ent r="4" t="21" w="211" /><ent r="92" t="22" w="19" /><ent r="6" t="25" w="207" /><ent r="5" t="25" w="215" /><ent r="3" t="25" w="441" /><ent r="3" t="30" w="13" /><ent r="3" t="30" w="100" /><ent r="3" t="30" w="155" /><ent r="4" t="30" w="277" /><ent r="3" t="31" w="309" /><ent r="4" t="31" w="440" /><ent r="3" t="31" w="445" /><ent r="3" t="31" w="474" /><ent r="4" t="31" w="714" /><ent r="3" t="32" w="205" /><ent r="4" t="32" w="312" /><ent r="4" t="32" w="431" /><ent r="4" t="36" w="139" /><ent r="5" t="36" w="333" /><ent r="4" t="38" w="355" /><ent r="3" t="38" w="368" /><ent r="5" t="47" w="166" /><ent r="6" t="47" w="242" /><ent r="4" t="51" w="38" /><ent r="3" t="51" w="49" /></phr><phr n="loaded"><ent r="4" t="6" w="62" /><ent r="3" t="7" w="419" /><ent r="3" t="8" w="366" /><ent r="4" t="16" w="215" /><ent r="3" t="24" w="168" /><ent r="3" t="25" w="319" /><ent r="4" t="25" w="338" /><ent r="3" t="25" w="426" /><ent r="3" t="26" w="123" /><ent r="4" t="32" w="269" /><ent r="4" t="36" w="261" /><ent r="3" t="45" w="214" /><ent r="5" t="47" w="125" /><ent r="4" t="47" w="305" /><ent r="4" t="47" w="331" /><ent r="4" t="47" w="382" /><ent r="4" t="51" w="16" /><ent r="3" t="51" w="34" /></phr><phr n="loading"><ent r="3" t="13" w="50" /><ent r="4" t="16" w="227" /><ent r="4" t="21" w="158" /><ent r="3" t="38" w="426" /></phr></stem><stem n="metadata"><phr n="metadata"><ent r="3" t="2" w="31" /><ent r="3" t="10" w="49" /><ent r="4" t="15" w="110" /><ent r="4" t="21" w="232" /><ent r="3" t="30" w="186" /><ent r="3" t="31" w="348" /><ent r="4" t="32" w="295" /><ent r="4" t="32" w="340" /><ent r="3" t="33" w="49" /><ent r="3" t="33" w="178" /><ent r="4" t="36" w="235" /><ent r="5" t="47" w="149" /><ent r="3" t="47" w="566" /><ent r="3" t="47" w="578" /><ent r="3" t="47" w="678" /><ent r="3" t="50" w="48" /></phr></stem><stem n="compil"><phr n="compilation"><ent r="3" t="2" w="48" /></phr></stem><stem n="2400"><phr n="2400"><ent r="3" t="2" w="51" /></phr></stem><stem n="spectra"><phr n="spectra"><ent r="3" t="2" w="52" /><ent r="3" t="11" w="55" /><ent r="3" t="11" w="61" /><ent r="3" t="28" w="46" /><ent r="3" t="28" w="69" /><ent r="3" t="28" w="83" /><ent r="3" t="28" w="98" /><ent r="3" t="28" w="103" /><ent r="3" t="30" w="18" /><ent r="3" t="30" w="105" /><ent r="3" t="30" w="160" /><ent r="4" t="30" w="382" /><ent r="3" t="31" w="42" /><ent r="3" t="31" w="104" /><ent r="3" t="31" w="172" /><ent r="3" t="31" w="314" /><ent r="3" t="31" w="479" /><ent r="3" t="32" w="47" /><ent r="3" t="32" w="71" /><ent r="3" t="32" w="85" /><ent r="3" t="32" w="102" /><ent r="3" t="32" w="107" /><ent r="3" t="32" w="119" /><ent r="3" t="32" w="182" /><ent r="3" t="32" w="210" /><ent r="4" t="32" w="317" /><ent r="4" t="32" w="463" /><ent r="3" t="38" w="41" /><ent r="3" t="39" w="39" /><ent r="3" t="39" w="203" /><ent r="3" t="40" w="299" /><ent r="5" t="47" w="167" /><ent r="3" t="49" w="26" /><ent r="3" t="49" w="127" /><ent r="3" t="57" w="164" /><ent r="3" t="57" w="172" /><ent r="3" t="57" w="218" /><ent r="3" t="57" w="269" /><ent r="3" t="57" w="284" /><ent r="3" t="59" w="26" /><ent r="3" t="59" w="101" /><ent r="3" t="59" w="179" /><ent r="3" t="59" w="309" /><ent r="3" t="59" w="322" /><ent r="3" t="62" w="230" /><ent r="3" t="62" w="284" /><ent r="3" t="62" w="294" /><ent r="3" t="62" w="321" /></phr></stem><stem n="natur"><phr n="natural"><ent r="3" t="2" w="54" /></phr></stem><stem n="-made"><phr n="-made"><ent r="3" t="2" w="56" /><ent r="3" t="2" w="56" /></phr></stem><stem n="man"><phr n="man"><ent r="3" t="2" w="56" /></phr></stem><stem n="man-mad"><phr n="man-made"><ent r="3" t="2" w="56" /></phr></stem><stem n="materi"><phr n="materials"><ent r="3" t="2" w="58" /><ent r="3" t="28" w="35" /><ent r="3" t="28" w="57" /><ent r="3" t="31" w="89" /><ent r="3" t="31" w="127" /><ent r="3" t="32" w="36" /><ent r="3" t="32" w="59" /><ent r="3" t="34" w="36" /><ent r="3" t="34" w="47" /><ent r="3" t="62" w="97" /></phr><phr n="Material"><ent r="1000" t="27" w="1" /><ent r="102" t="27" w="6" /><ent r="3" t="27" w="17" /><ent r="3" t="28" w="75" /><ent r="3" t="28" w="90" /><ent r="5" t="30" w="66" /><ent r="3" t="31" w="34" /><ent r="3" t="31" w="100" /><ent r="5" t="31" w="204" /><ent r="3" t="32" w="77" /><ent r="3" t="32" w="94" /><ent r="5" t="32" w="247" /><ent r="5" t="33" w="99" /><ent r="5" t="33" w="275" /><ent r="5" t="33" w="338" /><ent r="5" t="36" w="430" /></phr></stem><stem n="spectrum"><phr n="spectrum"><ent r="3" t="2" w="67" /><ent r="3" t="2" w="170" /><ent r="5" t="2" w="250" /><ent r="3" t="2" w="267" /><ent r="3" t="12" w="36" /><ent r="3" t="12" w="70" /><ent r="3" t="12" w="81" /><ent r="3" t="12" w="96" /><ent r="3" t="12" w="99" /><ent r="3" t="28" w="157" /><ent r="3" t="28" w="163" /><ent r="3" t="28" w="200" /><ent r="3" t="28" w="217" /><ent r="3" t="30" w="16" /><ent r="3" t="30" w="103" /><ent r="3" t="30" w="158" /><ent r="3" t="31" w="58" /><ent r="3" t="31" w="312" /><ent r="3" t="31" w="477" /><ent r="4" t="31" w="621" /><ent r="4" t="31" w="824" /><ent r="3" t="32" w="208" /><ent r="4" t="32" w="315" /><ent r="3" t="38" w="72" /><ent r="3" t="46" w="506" /><ent r="3" t="57" w="24" /><ent r="3" t="57" w="29" /><ent r="3" t="57" w="40" /><ent r="3" t="57" w="44" /><ent r="3" t="57" w="54" /><ent r="3" t="57" w="177" /><ent r="3" t="57" w="195" /><ent r="3" t="57" w="200" /><ent r="3" t="57" w="251" /><ent r="3" t="59" w="30" /><ent r="3" t="59" w="37" /><ent r="3" t="59" w="66" /><ent r="3" t="59" w="85" /><ent r="3" t="59" w="97" /><ent r="3" t="59" w="193" /><ent r="3" t="59" w="200" /><ent r="3" t="59" w="211" /><ent r="3" t="59" w="221" /><ent r="3" t="59" w="342" /><ent r="3" t="59" w="356" /><ent r="3" t="59" w="399" /></phr></stem><stem n=".txt"><phr n=".txt"><ent r="3" t="2" w="68" /><ent r="3" t="9" w="33" /><ent r="3" t="9" w="187" /></phr></stem><stem n="txt"><phr n="txt"><ent r="3" t="2" w="68" /><ent r="3" t="2" w="171" /><ent r="5" t="2" w="251" /><ent r="3" t="2" w="268" /><ent r="3" t="9" w="33" /><ent r="3" t="9" w="89" /><ent r="5" t="9" w="168" /><ent r="3" t="9" w="187" /><ent r="3" t="49" w="289" /></phr></stem><stem n="file"><phr n="files"><ent r="3" t="2" w="69" /><ent r="3" t="2" w="71" /><ent r="3" t="2" w="169" /><ent r="3" t="2" w="174" /><ent r="3" t="2" w="221" /><ent r="4" t="2" w="237" /><ent r="5" t="2" w="249" /><ent r="3" t="2" w="263" /><ent r="4" t="2" w="280" /><ent r="4" t="2" w="298" /><ent r="3" t="5" w="28" /><ent r="3" t="5" w="37" /><ent r="3" t="7" w="100" /><ent r="3" t="7" w="134" /><ent r="3" t="8" w="118" /><ent r="3" t="9" w="86" /><ent r="3" t="9" w="92" /><ent r="3" t="9" w="138" /><ent r="5" t="9" w="153" /><ent r="5" t="9" w="165" /><ent r="3" t="9" w="180" /><ent r="4" t="9" w="216" /><ent r="4" t="9" w="225" /><ent r="3" t="10" w="143" /><ent r="3" t="10" w="147" /><ent r="3" t="10" w="194" /><ent r="4" t="10" w="210" /><ent r="5" t="10" w="222" /><ent r="3" t="10" w="236" /><ent r="4" t="10" w="269" /><ent r="3" t="11" w="132" /><ent r="4" t="12" w="422" /><ent r="3" t="13" w="89" /><ent r="4" t="15" w="48" /><ent r="5" t="16" w="93" /><ent r="4" t="16" w="112" /><ent r="4" t="16" w="135" /><ent r="4" t="16" w="160" /><ent r="4" t="16" w="175" /><ent r="4" t="16" w="195" /><ent r="4" t="16" w="244" /><ent r="4" t="21" w="156" /><ent r="5" t="25" w="229" /><ent r="3" t="30" w="233" /><ent r="3" t="30" w="257" /><ent r="3" t="31" w="406" /><ent r="3" t="31" w="418" /><ent r="3" t="32" w="389" /><ent r="3" t="32" w="410" /><ent r="4" t="36" w="315" /><ent r="3" t="41" w="35" /><ent r="5" t="47" w="199" /><ent r="5" t="47" w="210" /><ent r="5" t="47" w="224" /><ent r="5" t="47" w="232" /><ent r="5" t="47" w="251" /><ent r="4" t="49" w="269" /><ent r="3" t="49" w="286" /><ent r="4" t="50" w="248" /><ent r="3" t="50" w="257" /><ent r="3" t="54" w="32" /><ent r="4" t="55" w="25" /><ent r="5" t="55" w="37" /><ent r="4" t="56" w="25" /></phr><phr n="File"><ent r="5" t="2" w="146" /><ent r="3" t="2" w="260" /><ent r="3" t="2" w="265" /><ent r="4" t="2" w="290" /><ent r="4" t="2" w="305" /><ent r="5" t="3" w="58" /><ent r="4" t="3" w="91" /><ent r="5" t="5" w="42" /><ent r="4" t="5" w="77" /><ent r="3" t="7" w="81" /><ent r="3" t="7" w="85" /><ent r="3" t="7" w="119" /><ent r="3" t="7" w="128" /><ent r="3" t="7" w="320" /><ent r="5" t="7" w="354" /><ent r="4" t="7" w="389" /><ent r="3" t="8" w="99" /><ent r="3" t="8" w="103" /><ent r="3" t="8" w="275" /><ent r="5" t="8" w="308" /><ent r="4" t="8" w="340" /><ent r="4" t="8" w="356" /><ent r="3" t="9" w="19" /><ent r="3" t="9" w="34" /><ent r="3" t="9" w="177" /><ent r="3" t="9" w="182" /><ent r="4" t="9" w="197" /><ent r="4" t="9" w="209" /><ent r="4" t="9" w="223" /><ent r="3" t="10" w="40" /><ent r="3" t="10" w="55" /><ent r="3" t="10" w="72" /><ent r="3" t="10" w="233" /><ent r="3" t="10" w="238" /><ent r="4" t="10" w="251" /><ent r="4" t="10" w="262" /><ent r="4" t="10" w="277" /><ent r="3" t="11" w="178" /><ent r="3" t="11" w="233" /><ent r="3" t="11" w="247" /><ent r="4" t="11" w="322" /><ent r="3" t="11" w="353" /><ent r="3" t="11" w="373" /><ent r="3" t="11" w="392" /><ent r="6" t="12" w="154" /><ent r="5" t="12" w="160" /><ent r="5" t="12" w="172" /><ent r="5" t="12" w="412" /><ent r="4" t="12" w="441" /><ent r="3" t="12" w="446" /><ent r="3" t="12" w="452" /><ent r="4" t="12" w="467" /><ent r="3" t="13" w="70" /><ent r="3" t="13" w="96" /><ent r="4" t="15" w="55" /><ent r="4" t="15" w="61" /><ent r="4" t="15" w="64" /><ent r="4" t="15" w="102" /><ent r="4" t="15" w="127" /><ent r="4" t="15" w="187" /><ent r="4" t="15" w="229" /><ent r="4" t="16" w="121" /><ent r="4" t="16" w="154" /><ent r="3" t="18" w="48" /><ent r="3" t="19" w="82" /><ent r="3" t="19" w="85" /><ent r="5" t="20" w="85" /><ent r="5" t="20" w="90" /><ent r="3" t="21" w="33" /><ent r="4" t="21" w="169" /><ent r="4" t="21" w="174" /><ent r="4" t="21" w="179" /><ent r="4" t="21" w="224" /><ent r="4" t="21" w="249" /><ent r="5" t="22" w="27" /><ent r="4" t="22" w="49" /><ent r="5" t="25" w="198" /><ent r="6" t="25" w="209" /><ent r="5" t="25" w="224" /><ent r="5" t="25" w="243" /><ent r="3" t="25" w="443" /><ent r="3" t="25" w="453" /><ent r="4" t="26" w="38" /><ent r="4" t="26" w="56" /><ent r="4" t="26" w="70" /><ent r="3" t="30" w="163" /><ent r="3" t="30" w="202" /><ent r="3" t="30" w="228" /><ent r="3" t="30" w="242" /><ent r="3" t="30" w="250" /><ent r="3" t="30" w="268" /><ent r="3" t="30" w="287" /><ent r="3" t="30" w="292" /><ent r="3" t="31" w="317" /><ent r="3" t="31" w="365" /><ent r="3" t="31" w="392" /><ent r="3" t="31" w="401" /><ent r="3" t="31" w="429" /><ent r="3" t="31" w="451" /><ent r="3" t="31" w="456" /><ent r="4" t="31" w="719" /><ent r="4" t="32" w="320" /><ent r="3" t="32" w="384" /><ent r="3" t="32" w="398" /><ent r="3" t="32" w="404" /><ent r="3" t="32" w="421" /><ent r="3" t="32" w="440" /><ent r="3" t="32" w="445" /><ent r="4" t="36" w="288" /><ent r="4" t="36" w="301" /><ent r="4" t="36" w="309" /><ent r="4" t="36" w="323" /><ent r="4" t="36" w="342" /><ent r="4" t="36" w="347" /><ent r="4" t="38" w="359" /><ent r="3" t="38" w="375" /><ent r="4" t="38" w="414" /><ent r="3" t="38" w="422" /><ent r="3" t="38" w="432" /><ent r="3" t="38" w="440" /><ent r="3" t="38" w="450" /><ent r="3" t="47" w="37" /><ent r="5" t="47" w="170" /><ent r="5" t="47" w="194" /><ent r="5" t="47" w="218" /><ent r="5" t="47" w="385" /><ent r="4" t="47" w="400" /><ent r="3" t="49" w="29" /><ent r="3" t="49" w="40" /><ent r="3" t="49" w="46" /><ent r="3" t="49" w="130" /><ent r="3" t="49" w="278" /><ent r="3" t="49" w="292" /><ent r="4" t="49" w="297" /><ent r="3" t="49" w="321" /><ent r="3" t="49" w="325" /><ent r="4" t="49" w="338" /><ent r="4" t="49" w="343" /><ent r="5" t="49" w="348" /><ent r="3" t="49" w="368" /><ent r="3" t="49" w="381" /><ent r="3" t="49" w="385" /><ent r="3" t="49" w="427" /><ent r="3" t="49" w="446" /><ent r="3" t="49" w="573" /><ent r="3" t="49" w="581" /><ent r="3" t="50" w="39" /><ent r="3" t="50" w="261" /><ent r="3" t="50" w="265" /><ent r="4" t="50" w="270" /><ent r="3" t="50" w="280" /><ent r="3" t="50" w="293" /><ent r="4" t="50" w="323" /><ent r="4" t="50" w="326" /><ent r="5" t="50" w="331" /><ent r="4" t="50" w="345" /><ent r="4" t="50" w="397" /><ent r="4" t="50" w="401" /><ent r="3" t="50" w="418" /><ent r="3" t="50" w="431" /><ent r="3" t="50" w="435" /><ent r="3" t="50" w="477" /><ent r="3" t="50" w="496" /><ent r="3" t="54" w="10" /><ent r="3" t="54" w="19" /></phr></stem><stem n="wavelength"><phr n="wavelength"><ent r="3" t="2" w="73" /><ent r="3" t="2" w="78" /><ent r="6" t="7" w="154" /><ent r="6" t="8" w="122" /><ent r="3" t="47" w="36" /><ent r="4" t="47" w="293" /><ent r="4" t="47" w="357" /><ent r="4" t="47" w="372" /><ent r="4" t="47" w="379" /><ent r="4" t="47" w="399" /><ent r="3" t="47" w="444" /><ent r="3" t="47" w="448" /><ent r="3" t="47" w="479" /><ent r="3" t="47" w="483" /><ent r="3" t="47" w="516" /><ent r="3" t="47" w="528" /><ent r="3" t="47" w="531" /><ent r="3" t="47" w="669" /><ent r="3" t="49" w="68" /><ent r="3" t="62" w="106" /></phr><phr n="wavelengths"><ent r="4" t="40" w="66" /><ent r="3" t="45" w="207" /><ent r="3" t="45" w="218" /><ent r="3" t="45" w="233" /><ent r="3" t="46" w="202" /><ent r="3" t="46" w="220" /><ent r="3" t="46" w="250" /><ent r="3" t="47" w="26" /></phr></stem><stem n="transmitt"><phr n="transmittance"><ent r="3" t="2" w="80" /><ent r="3" t="62" w="140" /></phr></stem><stem n="custom"><phr n="custom"><ent r="3" t="2" w="86" /><ent r="3" t="33" w="39" /><ent r="3" t="42" w="94" /><ent r="3" t="43" w="120" /><ent r="3" t="45" w="193" /><ent r="3" t="45" w="201" /><ent r="3" t="46" w="662" /><ent r="3" t="46" w="724" /></phr></stem><stem n="option"><phr n="options"><ent r="3" t="2" w="88" /><ent r="64" t="3" w="103" /><ent r="1000" t="4" w="4" /><ent r="102" t="4" w="9" /><ent r="100" t="4" w="14" /><ent r="100" t="4" w="16" /><ent r="3" t="4" w="27" /><ent r="5" t="4" w="35" /><ent r="3" t="4" w="51" /><ent r="3" t="4" w="62" /><ent r="4" t="4" w="94" /><ent r="92" t="4" w="109" /><ent r="92" t="4" w="113" /><ent r="3" t="5" w="134" /><ent r="64" t="5" w="141" /><ent r="64" t="5" w="154" /><ent r="1000" t="6" w="4" /><ent r="102" t="6" w="9" /><ent r="100" t="6" w="14" /><ent r="100" t="6" w="16" /><ent r="5" t="6" w="42" /><ent r="5" t="12" w="350" /><ent r="4" t="12" w="356" /><ent r="4" t="12" w="476" /><ent r="5" t="20" w="105" /><ent r="4" t="20" w="109" /><ent r="4" t="20" w="117" /><ent r="5" t="25" w="173" /><ent r="3" t="31" w="793" /><ent r="3" t="33" w="75" /><ent r="64" t="34" w="505" /><ent r="1000" t="35" w="4" /><ent r="102" t="35" w="9" /><ent r="100" t="35" w="14" /><ent r="100" t="35" w="16" /><ent r="3" t="35" w="25" /><ent r="3" t="35" w="46" /><ent r="5" t="35" w="65" /><ent r="4" t="35" w="78" /><ent r="4" t="35" w="94" /><ent r="4" t="35" w="101" /><ent r="4" t="35" w="110" /><ent r="92" t="35" w="124" /><ent r="92" t="35" w="333" /><ent r="4" t="35" w="398" /><ent r="64" t="36" w="842" /><ent r="65" t="37" w="315" /><ent r="64" t="37" w="576" /><ent r="3" t="40" w="483" /><ent r="3" t="40" w="496" /><ent r="100" t="46" w="11" /><ent r="100" t="46" w="27" /><ent r="3" t="46" w="44" /><ent r="5" t="46" w="50" /><ent r="3" t="46" w="69" /><ent r="92" t="46" w="176" /><ent r="4" t="47" w="405" /><ent r="3" t="47" w="414" /><ent r="64" t="47" w="422" /><ent r="1000" t="48" w="2" /><ent r="102" t="48" w="5" /><ent r="100" t="48" w="8" /><ent r="100" t="48" w="10" /><ent r="4" t="48" w="17" /><ent r="5" t="48" w="31" /><ent r="4" t="48" w="41" /><ent r="4" t="48" w="50" /><ent r="5" t="50" w="349" /><ent r="4" t="50" w="356" /></phr><phr n="option"><ent r="4" t="7" w="386" /><ent r="4" t="8" w="337" /><ent r="3" t="9" w="95" /><ent r="3" t="10" w="150" /><ent r="5" t="12" w="180" /><ent r="4" t="12" w="458" /><ent r="3" t="30" w="175" /><ent r="3" t="31" w="329" /><ent r="4" t="31" w="668" /><ent r="4" t="31" w="846" /><ent r="4" t="31" w="866" /><ent r="4" t="32" w="284" /><ent r="3" t="37" w="554" /><ent r="3" t="37" w="567" /><ent r="3" t="38" w="343" /><ent r="3" t="38" w="363" /><ent r="3" t="38" w="385" /><ent r="3" t="38" w="402" /><ent r="3" t="46" w="182" /><ent r="5" t="47" w="138" /><ent r="3" t="47" w="492" /><ent r="3" t="47" w="546" /><ent r="3" t="52" w="17" /></phr><phr n="Optional"><ent r="5" t="25" w="249" /></phr></stem></index>