<?xml version="1.0" encoding="utf-8"?><index><stem n="5"><phr n="5"><ent r="3" t="5" w="24" /><ent r="3" t="7" w="115" /><ent r="6" t="7" w="231" /><ent r="6" t="7" w="257" /><ent r="6" t="8" w="199" /><ent r="6" t="8" w="225" /><ent r="3" t="8" w="267" /><ent r="4" t="31" w="586" /><ent r="4" t="31" w="593" /><ent r="4" t="31" w="609" /><ent r="4" t="31" w="612" /><ent r="4" t="32" w="553" /><ent r="4" t="32" w="566" /><ent r="4" t="37" w="323" /><ent r="4" t="55" w="44" /></phr></stem><stem n="7"><phr n="7"><ent r="3" t="5" w="27" /><ent r="3" t="7" w="37" /><ent r="3" t="7" w="103" /><ent r="6" t="7" w="269" /><ent r="3" t="7" w="312" /><ent r="6" t="8" w="237" /></phr></stem><stem n="band"><phr n="band"><ent r="3" t="5" w="31" /><ent r="3" t="7" w="58" /><ent r="3" t="7" w="63" /><ent r="3" t="7" w="75" /><ent r="3" t="7" w="99" /><ent r="3" t="7" w="149" /><ent r="6" t="7" w="152" /><ent r="6" t="7" w="157" /><ent r="3" t="8" w="75" /><ent r="3" t="8" w="93" /><ent r="3" t="8" w="117" /><ent r="6" t="8" w="120" /><ent r="6" t="8" w="125" /><ent r="3" t="11" w="47" /><ent r="3" t="11" w="49" /><ent r="4" t="12" w="288" /><ent r="3" t="28" w="144" /><ent r="3" t="46" w="199" /><ent r="3" t="46" w="543" /><ent r="3" t="46" w="565" /><ent r="3" t="47" w="52" /><ent r="3" t="57" w="310" /><ent r="3" t="62" w="80" /><ent r="3" t="62" w="254" /><ent r="3" t="62" w="256" /><ent r="3" t="62" w="269" /><ent r="3" t="62" w="271" /><ent r="3" t="62" w="342" /></phr><phr n="bands"><ent r="3" t="7" w="51" /><ent r="3" t="8" w="63" /><ent r="3" t="23" w="32" /><ent r="3" t="24" w="81" /><ent r="3" t="24" w="93" /><ent r="3" t="24" w="176" /><ent r="3" t="24" w="186" /><ent r="4" t="25" w="335" /><ent r="3" t="25" w="427" /><ent r="4" t="40" w="90" /><ent r="4" t="40" w="96" /><ent r="3" t="57" w="64" /><ent r="3" t="59" w="55" /></phr></stem><stem n="store"><phr n="stored"><ent r="3" t="5" w="34" /><ent r="3" t="47" w="560" /></phr><phr n="store"><ent r="3" t="13" w="40" /><ent r="3" t="13" w="64" /><ent r="3" t="13" w="86" /><ent r="4" t="36" w="395" /></phr></stem><stem n="product"><phr n="Products"><ent r="92" t="5" w="84" /><ent r="3" t="5" w="95" /><ent r="3" t="5" w="121" /><ent r="3" t="6" w="88" /></phr><phr n="Product"><ent r="4" t="5" w="106" /><ent r="4" t="5" w="109" /><ent r="5" t="55" w="35" /><ent r="3" t="59" w="175" /></phr></stem><stem n="separ"><phr n="separate"><ent r="3" t="5" w="97" /><ent r="3" t="7" w="83" /><ent r="3" t="7" w="132" /><ent r="3" t="8" w="101" /><ent r="3" t="12" w="515" /><ent r="3" t="41" w="77" /><ent r="3" t="41" w="81" /></phr><phr n="separates"><ent r="3" t="24" w="27" /></phr></stem><stem n="visibl"><phr n="Visible"><ent r="4" t="5" w="100" /><ent r="4" t="6" w="70" /><ent r="3" t="7" w="48" /><ent r="3" t="7" w="140" /></phr></stem><stem n="infrar"><phr n="Infrared"><ent r="4" t="5" w="102" /><ent r="4" t="6" w="72" /><ent r="3" t="7" w="143" /><ent r="3" t="7" w="147" /></phr></stem><stem n="vnir"><phr n="VNIR"><ent r="4" t="5" w="103" /><ent r="3" t="7" w="144" /></phr></stem><stem n="(vnir)."><phr n="(VNIR)."><ent r="4" t="5" w="104" /></phr></stem><stem n="temperatur"><phr n="Temperature"><ent r="4" t="5" w="105" /><ent r="4" t="5" w="108" /><ent r="4" t="5" w="112" /><ent r="3" t="57" w="336" /></phr></stem><stem n="degre"><phr n="degrees"><ent r="4" t="5" w="114" /><ent r="4" t="37" w="325" /><ent r="3" t="59" w="160" /><ent r="3" t="59" w="365" /></phr><phr n="degree"><ent r="3" t="59" w="91" /></phr></stem><stem n="kelvin"><phr n="Kelvin"><ent r="4" t="5" w="115" /></phr></stem><stem n="pan"><phr n="PAN"><ent r="4" t="5" w="117" /><ent r="3" t="6" w="76" /><ent r="6" t="7" w="288" /></phr></stem><stem n="page"><phr n="page"><ent r="3" t="5" w="131" /><ent r="4" t="37" w="317" /></phr></stem><stem n="detail"><phr n="details"><ent r="3" t="5" w="145" /></phr></stem><stem n="etm+"><phr n="ETM+"><ent r="64" t="5" w="157" /><ent r="1000" t="7" w="2" /><ent r="100" t="7" w="8" /><ent r="102" t="7" w="12" /><ent r="3" t="7" w="17" /><ent r="3" t="7" w="26" /><ent r="3" t="7" w="44" /><ent r="3" t="7" w="306" /><ent r="3" t="7" w="313" /><ent r="3" t="7" w="325" /><ent r="92" t="7" w="341" /><ent r="5" t="7" w="381" /><ent r="4" t="7" w="407" /></phr></stem><stem n="tm"><phr n="TM"><ent r="64" t="5" w="161" /><ent r="1000" t="8" w="2" /><ent r="100" t="8" w="8" /><ent r="102" t="8" w="12" /><ent r="3" t="8" w="17" /><ent r="3" t="8" w="24" /><ent r="3" t="8" w="58" /><ent r="3" t="8" w="259" /><ent r="3" t="8" w="268" /><ent r="3" t="8" w="280" /><ent r="92" t="8" w="295" /><ent r="5" t="8" w="332" /><ent r="4" t="8" w="354" /><ent r="1000" t="56" w="2" /></phr></stem><stem n=":landsat"><phr n=":Landsat"><ent r="100" t="6" w="17" /></phr></stem><stem n="..."><phr n="..."><ent r="5" t="6" w="43" /><ent r="5" t="7" w="362" /><ent r="5" t="8" w="315" /><ent r="5" t="9" w="118" /><ent r="5" t="11" w="316" /><ent r="5" t="20" w="106" /><ent r="5" t="22" w="30" /><ent r="5" t="29" w="136" /><ent r="4" t="30" w="221" /><ent r="5" t="35" w="66" /><ent r="6" t="47" w="110" /><ent r="5" t="48" w="32" /><ent r="4" t="49" w="100" /><ent r="5" t="50" w="170" /></phr></stem><stem n="first"><phr n="first"><ent r="4" t="6" w="66" /><ent r="3" t="16" w="33" /><ent r="3" t="24" w="79" /><ent r="3" t="25" w="298" /><ent r="4" t="30" w="26" /><ent r="3" t="30" w="115" /><ent r="3" t="31" w="489" /><ent r="4" t="32" w="218" /><ent r="4" t="32" w="477" /><ent r="4" t="37" w="559" /><ent r="4" t="37" w="599" /><ent r="3" t="46" w="223" /><ent r="3" t="46" w="240" /><ent r="3" t="46" w="352" /><ent r="82" t="46" w="429" /><ent r="3" t="46" w="450" /><ent r="3" t="46" w="614" /><ent r="3" t="46" w="627" /><ent r="3" t="49" w="64" /></phr></stem><stem n="three"><phr n="three"><ent r="4" t="6" w="67" /></phr></stem><stem n="item"><phr n="items"><ent r="4" t="6" w="68" /></phr><phr n="item"><ent r="4" t="32" w="276" /><ent r="4" t="32" w="326" /><ent r="3" t="33" w="60" /><ent r="4" t="37" w="358" /><ent r="4" t="37" w="470" /><ent r="4" t="37" w="515" /><ent r="3" t="37" w="603" /><ent r="5" t="47" w="130" /></phr></stem><stem n="note"><phr n="Note"><ent r="3" t="6" w="74" /><ent r="5" t="17" w="60" /><ent r="3" t="18" w="20" /><ent r="5" t="18" w="88" /><ent r="4" t="26" w="117" /><ent r="4" t="30" w="7" /><ent r="3" t="32" w="199" /><ent r="4" t="36" w="116" /><ent r="5" t="36" w="179" /><ent r="5" t="36" w="405" /><ent r="4" t="36" w="518" /><ent r="5" t="36" w="687" /><ent r="4" t="40" w="77" /><ent r="4" t="40" w="212" /><ent r="4" t="45" w="198" /><ent r="3" t="49" w="475" /><ent r="3" t="57" w="288" /><ent r="3" t="62" w="261" /></phr></stem><stem n="higher"><phr n="higher"><ent r="3" t="6" w="79" /><ent r="3" t="24" w="73" /><ent r="3" t="25" w="394" /><ent r="3" t="26" w="138" /><ent r="3" t="28" w="193" /><ent r="3" t="38" w="99" /><ent r="3" t="39" w="101" /></phr></stem><stem n="resolut"><phr n="resolution"><ent r="3" t="6" w="80" /><ent r="3" t="7" w="56" /><ent r="3" t="8" w="67" /><ent r="3" t="8" w="73" /><ent r="4" t="63" w="31" /></phr></stem><stem n="save"><phr n="save"><ent r="4" t="6" w="91" /><ent r="3" t="11" w="348" /><ent r="3" t="13" w="25" /><ent r="65" t="13" w="200" /><ent r="65" t="13" w="204" /><ent r="4" t="14" w="92" /><ent r="65" t="14" w="97" /><ent r="4" t="15" w="43" /><ent r="4" t="15" w="278" /><ent r="65" t="15" w="283" /><ent r="64" t="16" w="296" /><ent r="64" t="16" w="300" /><ent r="1000" t="19" w="1" /><ent r="100" t="19" w="8" /><ent r="102" t="19" w="12" /><ent r="3" t="19" w="17" /><ent r="4" t="19" w="39" /><ent r="5" t="19" w="45" /><ent r="4" t="19" w="72" /><ent r="5" t="19" w="98" /><ent r="1000" t="20" w="1" /><ent r="100" t="20" w="9" /><ent r="102" t="20" w="14" /><ent r="4" t="20" w="32" /><ent r="5" t="20" w="38" /><ent r="4" t="20" w="65" /><ent r="5" t="20" w="139" /><ent r="4" t="21" w="151" /><ent r="4" t="21" w="213" /><ent r="5" t="25" w="203" /><ent r="5" t="36" w="659" /><ent r="5" t="37" w="407" /><ent r="3" t="38" w="446" /><ent r="3" t="40" w="405" /><ent r="3" t="40" w="529" /><ent r="3" t="47" w="655" /><ent r="3" t="49" w="24" /><ent r="4" t="49" w="99" /><ent r="4" t="49" w="109" /><ent r="64" t="49" w="183" /><ent r="5" t="49" w="214" /><ent r="4" t="49" w="245" /><ent r="4" t="49" w="335" /><ent r="5" t="49" w="355" /><ent r="3" t="49" w="504" /><ent r="5" t="49" w="531" /><ent r="4" t="49" w="550" /><ent r="3" t="50" w="26" /><ent r="4" t="50" w="88" /><ent r="5" t="50" w="167" /><ent r="4" t="50" w="223" /><ent r="4" t="50" w="321" /><ent r="4" t="50" w="377" /><ent r="4" t="50" w="395" /></phr><phr n="saved"><ent r="4" t="12" w="428" /><ent r="5" t="25" w="226" /><ent r="3" t="25" w="558" /><ent r="3" t="25" w="593" /><ent r="4" t="26" w="47" /><ent r="3" t="26" w="96" /><ent r="3" t="38" w="374" /><ent r="3" t="47" w="672" /><ent r="3" t="49" w="429" /><ent r="3" t="50" w="479" /></phr><phr n="saving"><ent r="3" t="49" w="443" /><ent r="3" t="50" w="493" /></phr></stem><stem n="enhanc"><phr n="Enhanced"><ent r="3" t="7" w="22" /><ent r="3" t="7" w="40" /></phr></stem><stem n="themat"><phr n="Thematic"><ent r="3" t="7" w="23" /><ent r="3" t="7" w="41" /><ent r="3" t="8" w="22" /><ent r="3" t="8" w="34" /></phr></stem><stem n="mapper"><phr n="Mapper"><ent r="3" t="7" w="24" /><ent r="3" t="7" w="42" /><ent r="3" t="8" w="23" /><ent r="3" t="8" w="35" /><ent r="1000" t="32" w="3" /><ent r="102" t="32" w="8" /><ent r="100" t="32" w="13" /><ent r="3" t="32" w="20" /><ent r="5" t="32" w="26" /><ent r="92" t="32" w="197" /><ent r="4" t="32" w="254" /><ent r="3" t="32" w="367" /><ent r="3" t="32" w="416" /><ent r="5" t="33" w="31" /><ent r="6" t="37" w="438" /><ent r="6" t="40" w="132" /><ent r="3" t="59" w="11" /><ent r="5" t="59" w="17" /></phr></stem><stem n="plu"><phr n="Plus"><ent r="3" t="7" w="25" /><ent r="3" t="7" w="43" /><ent r="3" t="25" w="572" /></phr></stem><stem n="(etm+)"><phr n="(ETM+)"><ent r="3" t="7" w="27" /><ent r="3" t="7" w="45" /></phr></stem><stem n="earth"><phr n="Earth"><ent r="3" t="7" w="27" /><ent r="3" t="8" w="25" /></phr></stem><stem n="observ"><phr n="Observable"><ent r="3" t="7" w="28" /><ent r="3" t="8" w="26" /></phr><phr n="observe"><ent r="4" t="37" w="287" /></phr><phr n="observation"><ent r="3" t="40" w="29" /><ent r="5" t="55" w="16" /><ent r="4" t="56" w="16" /></phr></stem><stem n="compani"><phr n="Company"><ent r="3" t="7" w="30" /><ent r="3" t="8" w="28" /></phr></stem><stem n="eosat"><phr n="EOSAT"><ent r="3" t="7" w="31" /><ent r="3" t="7" w="317" /><ent r="3" t="8" w="29" /><ent r="3" t="8" w="272" /></phr></stem><stem n="(eosat)"><phr n="(EOSAT)"><ent r="3" t="7" w="32" /><ent r="3" t="8" w="30" /></phr></stem><stem n="fast"><phr n="Fast"><ent r="3" t="7" w="32" /><ent r="3" t="7" w="71" /><ent r="3" t="7" w="104" /><ent r="3" t="7" w="109" /><ent r="3" t="7" w="318" /><ent r="3" t="8" w="30" /><ent r="3" t="8" w="89" /><ent r="3" t="8" w="273" /></phr></stem><stem n="carri"><phr n="carries"><ent r="3" t="7" w="38" /></phr></stem><stem n="-m"><phr n="-m"><ent r="3" t="7" w="46" /><ent r="3" t="7" w="46" /><ent r="3" t="7" w="53" /><ent r="3" t="7" w="53" /><ent r="3" t="7" w="60" /><ent r="3" t="7" w="60" /></phr></stem><stem n="30"><phr n="30"><ent r="3" t="7" w="46" /><ent r="3" t="8" w="69" /><ent r="3" t="8" w="80" /></phr></stem><stem n="30-m"><phr n="30-m"><ent r="3" t="7" w="46" /></phr></stem><stem n="m"><phr n="m"><ent r="3" t="7" w="47" /><ent r="3" t="7" w="54" /><ent r="3" t="7" w="61" /><ent r="3" t="28" w="143" /><ent r="3" t="28" w="159" /><ent r="3" t="28" w="165" /></phr></stem><stem n="ir"><phr n="IR"><ent r="3" t="7" w="50" /><ent r="6" t="7" w="223" /><ent r="6" t="7" w="239" /><ent r="6" t="7" w="260" /><ent r="6" t="7" w="277" /><ent r="6" t="8" w="191" /><ent r="6" t="8" w="207" /><ent r="6" t="8" w="228" /><ent r="6" t="8" w="245" /></phr></stem><stem n="60"><phr n="60"><ent r="3" t="7" w="53" /><ent r="6" t="7" w="189" /><ent r="6" t="8" w="157" /><ent r="6" t="8" w="173" /></phr></stem><stem n="60-m"><phr n="60-m"><ent r="3" t="7" w="53" /></phr></stem><stem n="15"><phr n="15"><ent r="3" t="7" w="60" /></phr></stem><stem n="15-m"><phr n="15-m"><ent r="3" t="7" w="60" /></phr></stem><stem n="panchromat"><phr n="panchromatic"><ent r="3" t="7" w="62" /><ent r="3" t="7" w="137" /></phr></stem><stem n="swath"><phr n="swath"><ent r="3" t="7" w="66" /><ent r="3" t="8" w="84" /></phr></stem><stem n="width"><phr n="width"><ent r="3" t="7" w="67" /><ent r="3" t="8" w="85" /><ent r="4" t="36" w="411" /><ent r="4" t="38" w="241" /></phr></stem><stem n="185km"><phr n="185km"><ent r="3" t="7" w="69" /><ent r="3" t="8" w="87" /></phr></stem><stem n="place"><phr n="places"><ent r="3" t="7" w="73" /><ent r="3" t="8" w="91" /></phr></stem><stem n="own"><phr n="own"><ent r="3" t="7" w="80" /><ent r="3" t="8" w="98" /><ent r="3" t="10" w="35" /><ent r="3" t="50" w="34" /></phr></stem><stem n="header"><phr n="header"><ent r="3" t="7" w="84" /><ent r="3" t="7" w="127" /><ent r="3" t="7" w="133" /><ent r="3" t="8" w="102" /><ent r="4" t="8" w="355" /><ent r="4" t="15" w="54" /><ent r="4" t="21" w="168" /></phr></stem><stem n="administr"><phr n="administrative"><ent r="3" t="7" w="88" /><ent r="3" t="7" w="123" /><ent r="3" t="8" w="106" /></phr></stem><stem n="radiometr"><phr n="radiometric"><ent r="3" t="7" w="89" /><ent r="3" t="8" w="107" /></phr></stem><stem n="geometr"><phr n="geometric"><ent r="3" t="7" w="91" /><ent r="3" t="8" w="109" /></phr></stem><stem n="must"><phr n="must"><ent r="3" t="7" w="93" /><ent r="3" t="8" w="111" /><ent r="3" t="11" w="108" /><ent r="3" t="11" w="238" /><ent r="4" t="11" w="256" /><ent r="3" t="16" w="32" /><ent r="3" t="23" w="138" /><ent r="5" t="25" w="64" /><ent r="3" t="25" w="297" /><ent r="3" t="30" w="24" /><ent r="3" t="30" w="111" /><ent r="3" t="31" w="485" /><ent r="3" t="32" w="216" /><ent r="4" t="32" w="473" /><ent r="3" t="34" w="148" /><ent r="3" t="34" w="167" /><ent r="3" t="36" w="119" /><ent r="3" t="49" w="510" /><ent r="3" t="50" w="184" /><ent r="3" t="57" w="70" /></phr></stem><stem n="individu"><phr n="individual"><ent r="3" t="7" w="98" /><ent r="3" t="8" w="116" /><ent r="3" t="28" w="216" /><ent r="3" t="33" w="143" /><ent r="3" t="39" w="37" /><ent r="4" t="50" w="379" /></phr><phr n="individually"><ent r="4" t="11" w="271" /></phr></stem><stem n="previou"><phr n="previous"><ent r="3" t="7" w="108" /><ent r="6" t="25" w="190" /><ent r="64" t="25" w="513" /><ent r="3" t="35" w="232" /><ent r="3" t="35" w="273" /><ent r="1000" t="54" w="2" /><ent r="92" t="54" w="6" /></phr></stem><stem n="4"><phr n="4"><ent r="3" t="7" w="113" /><ent r="6" t="7" w="215" /><ent r="6" t="7" w="255" /><ent r="6" t="8" w="183" /><ent r="6" t="8" w="223" /><ent r="4" t="12" w="380" /></phr></stem><stem n="section"><phr n="section"><ent r="3" t="7" w="124" /><ent r="3" t="49" w="230" /><ent r="3" t="50" w="208" /></phr></stem><stem n="(vnir)/short"><phr n="(VNIR)/Short"><ent r="3" t="7" w="145" /></phr></stem><stem n="short"><phr n="Short"><ent r="3" t="7" w="145" /></phr></stem><stem n="wave"><phr n="Wave"><ent r="3" t="7" w="146" /></phr></stem><stem n="swir"><phr n="SWIR"><ent r="3" t="7" w="148" /></phr></stem><stem n="(swir)"><phr n="(SWIR)"><ent r="3" t="7" w="149" /></phr></stem><stem n="group"><phr n="groups"><ent r="3" t="7" w="150" /><ent r="3" t="40" w="15" /><ent r="3" t="40" w="174" /></phr><phr n="group"><ent r="3" t="21" w="23" /><ent r="4" t="38" w="214" /><ent r="3" t="38" w="305" /><ent r="3" t="38" w="582" /><ent r="3" t="50" w="101" /><ent r="4" t="51" w="28" /></phr><phr n="grouped"><ent r="3" t="40" w="155" /></phr></stem><stem n="0"><phr n="0"><ent r="6" t="7" w="163" /><ent r="6" t="7" w="165" /><ent r="6" t="7" w="186" /><ent r="6" t="7" w="188" /><ent r="6" t="7" w="204" /><ent r="6" t="7" w="206" /><ent r="6" t="7" w="217" /><ent r="6" t="7" w="219" /><ent r="6" t="7" w="290" /><ent r="6" t="7" w="292" /><ent r="6" t="8" w="131" /><ent r="6" t="8" w="133" /><ent r="6" t="8" w="154" /><ent r="6" t="8" w="156" /><ent r="6" t="8" w="172" /><ent r="6" t="8" w="174" /><ent r="6" t="8" w="185" /><ent r="6" t="8" w="187" /><ent r="4" t="30" w="356" /><ent r="4" t="30" w="373" /><ent r="4" t="31" w="585" /><ent r="4" t="31" w="608" /><ent r="4" t="32" w="554" /><ent r="4" t="32" w="567" /><ent r="4" t="37" w="324" /></phr></stem><stem n="45"><phr n="45"><ent r="6" t="7" w="164" /><ent r="6" t="8" w="132" /></phr></stem><stem n="45-0"><phr n="45-0"><ent r="6" t="7" w="164" /><ent r="6" t="8" w="132" /></phr></stem><stem n=".45-0.52"><phr n=".45-0.52"><ent r="6" t="7" w="166" /><ent r="6" t="8" w="134" /></phr></stem><stem n="52"><phr n="52"><ent r="6" t="7" w="166" /><ent r="6" t="7" w="187" /><ent r="6" t="8" w="134" /><ent r="6" t="8" w="155" /></phr></stem><stem n="-green"><phr n="-green"><ent r="6" t="7" w="168" /><ent r="6" t="7" w="168" /><ent r="6" t="8" w="136" /><ent r="6" t="8" w="136" /></phr></stem><stem n="blue"><phr n="Blue"><ent r="6" t="7" w="168" /><ent r="6" t="8" w="136" /></phr></stem><stem n="blue-green"><phr n="Blue-green"><ent r="6" t="7" w="168" /><ent r="6" t="8" w="136" /></phr></stem><stem n="green"><phr n="green"><ent r="6" t="7" w="169" /><ent r="6" t="7" w="191" /><ent r="6" t="8" w="137" /><ent r="6" t="8" w="159" /></phr></stem><stem n="bathymetr"><phr n="Bathymetric"><ent r="6" t="7" w="171" /><ent r="6" t="8" w="139" /></phr></stem><stem n="map"><phr n="mapping"><ent r="6" t="7" w="172" /><ent r="6" t="7" w="263" /><ent r="6" t="7" w="279" /><ent r="6" t="8" w="140" /><ent r="6" t="8" w="231" /><ent r="6" t="8" w="247" /></phr><phr n="map"><ent r="4" t="31" w="856" /></phr></stem><stem n="distinguish"><phr n="distinguishing"><ent r="6" t="7" w="174" /><ent r="6" t="8" w="142" /></phr></stem><stem n="soil"><phr n="soil"><ent r="6" t="7" w="175" /><ent r="6" t="7" w="245" /><ent r="6" t="7" w="266" /><ent r="6" t="8" w="143" /><ent r="6" t="8" w="213" /><ent r="6" t="8" w="234" /></phr></stem><stem n="veget"><phr n="vegetation"><ent r="6" t="7" w="177" /><ent r="6" t="7" w="182" /><ent r="6" t="7" w="195" /><ent r="6" t="7" w="212" /><ent r="6" t="7" w="247" /><ent r="6" t="8" w="145" /><ent r="6" t="8" w="150" /><ent r="6" t="8" w="163" /><ent r="6" t="8" w="180" /><ent r="6" t="8" w="215" /><ent r="3" t="12" w="64" /></phr></stem><stem n="decidu"><phr n="deciduous"><ent r="6" t="7" w="179" /><ent r="6" t="8" w="147" /></phr></stem><stem n="conifer"><phr n="coniferous"><ent r="6" t="7" w="181" /><ent r="6" t="8" w="149" /></phr></stem><stem n="52-0"><phr n="52-0"><ent r="6" t="7" w="187" /><ent r="6" t="8" w="155" /></phr></stem><stem n=".52-0.60"><phr n=".52-0.60"><ent r="6" t="7" w="189" /><ent r="6" t="8" w="157" /></phr></stem><stem n="emphas"><phr n="Emphasizes"><ent r="6" t="7" w="193" /><ent r="6" t="7" w="225" /><ent r="6" t="8" w="161" /><ent r="6" t="8" w="193" /></phr></stem><stem n="peak"><phr n="peak"><ent r="6" t="7" w="194" /><ent r="6" t="8" w="162" /></phr></stem><stem n=";"><phr n=";"><ent r="6" t="7" w="196" /><ent r="6" t="7" w="248" /><ent r="6" t="8" w="164" /><ent r="6" t="8" w="216" /><ent r="3" t="31" w="141" /><ent r="3" t="31" w="249" /></phr></stem><stem n="assess"><phr n="assessing"><ent r="6" t="7" w="198" /><ent r="6" t="8" w="166" /></phr></stem><stem n="plant"><phr n="plant"><ent r="6" t="7" w="199" /><ent r="6" t="8" w="167" /></phr></stem><stem n="vigor"><phr n="vigor"><ent r="6" t="7" w="200" /><ent r="6" t="8" w="168" /></phr></stem><stem n="3"><phr n="3"><ent r="6" t="7" w="202" /><ent r="6" t="8" w="170" /></phr></stem><stem n="63"><phr n="63"><ent r="6" t="7" w="205" /></phr></stem><stem n="63-0"><phr n="63-0"><ent r="6" t="7" w="205" /></phr></stem><stem n=".63-0.69"><phr n=".63-0.69"><ent r="6" t="7" w="207" /></phr></stem><stem n="69"><phr n="69"><ent r="6" t="7" w="207" /><ent r="6" t="8" w="175" /></phr></stem><stem n="red"><phr n="Red"><ent r="6" t="7" w="209" /><ent r="6" t="8" w="177" /><ent r="3" t="23" w="80" /></phr></stem><stem n="discrimin"><phr n="Discriminates"><ent r="6" t="7" w="211" /><ent r="6" t="7" w="241" /><ent r="6" t="8" w="179" /><ent r="6" t="8" w="209" /></phr></stem><stem n="slope"><phr n="slopes"><ent r="6" t="7" w="213" /><ent r="6" t="8" w="181" /></phr></stem><stem n="76"><phr n="76"><ent r="6" t="7" w="218" /><ent r="6" t="8" w="186" /></phr></stem><stem n="76-0"><phr n="76-0"><ent r="6" t="7" w="218" /><ent r="6" t="8" w="186" /></phr></stem><stem n=".76-0.90"><phr n=".76-0.90"><ent r="6" t="7" w="220" /><ent r="6" t="8" w="188" /></phr></stem><stem n="90"><phr n="90"><ent r="6" t="7" w="220" /><ent r="6" t="7" w="293" /><ent r="6" t="8" w="188" /></phr></stem><stem n="biomass"><phr n="biomass"><ent r="6" t="7" w="226" /><ent r="6" t="8" w="194" /></phr></stem><stem n="content"><phr n="content"><ent r="6" t="7" w="227" /><ent r="6" t="7" w="243" /><ent r="6" t="8" w="195" /><ent r="6" t="8" w="211" /></phr></stem><stem n="shorelin"><phr n="shorelines"><ent r="6" t="7" w="229" /><ent r="6" t="8" w="197" /></phr></stem><stem n="55"><phr n="55"><ent r="6" t="7" w="234" /><ent r="6" t="8" w="202" /></phr></stem><stem n="55-1"><phr n="55-1"><ent r="6" t="7" w="234" /><ent r="6" t="8" w="202" /></phr></stem><stem n=".55-1.75"><phr n=".55-1.75"><ent r="6" t="7" w="236" /><ent r="6" t="8" w="204" /></phr></stem><stem n="75"><phr n="75"><ent r="6" t="7" w="236" /><ent r="6" t="8" w="204" /></phr></stem><stem n="moistur"><phr n="moisture"><ent r="6" t="7" w="242" /><ent r="6" t="7" w="267" /><ent r="6" t="8" w="210" /><ent r="6" t="8" w="235" /></phr></stem><stem n="penetr"><phr n="penetrates"><ent r="6" t="7" w="248" /><ent r="6" t="8" w="216" /></phr></stem><stem n="thin"><phr n="thin"><ent r="6" t="7" w="249" /><ent r="6" t="8" w="217" /></phr></stem><stem n="cloud"><phr n="clouds"><ent r="6" t="7" w="250" /><ent r="6" t="8" w="218" /></phr></stem><stem n="6"><phr n="6"><ent r="6" t="7" w="252" /><ent r="3" t="8" w="76" /><ent r="6" t="8" w="220" /></phr></stem><stem n="10"><phr n="10"><ent r="6" t="7" w="254" /><ent r="6" t="8" w="222" /><ent r="3" t="39" w="215" /><ent r="3" t="53" w="93" /></phr></stem><stem n="4-12"><phr n="4-12"><ent r="6" t="7" w="255" /><ent r="6" t="8" w="223" /></phr></stem><stem n="12"><phr n="12"><ent r="6" t="7" w="256" /><ent r="6" t="8" w="224" /></phr></stem><stem n=".4-12.5"><phr n=".4-12.5"><ent r="6" t="7" w="257" /><ent r="6" t="8" w="225" /></phr></stem><stem n="estim"><phr n="estimated"><ent r="6" t="7" w="265" /><ent r="6" t="8" w="233" /><ent r="3" t="57" w="227" /></phr><phr n="Estimate"><ent r="5" t="25" w="81" /><ent r="4" t="25" w="119" /><ent r="64" t="25" w="502" /><ent r="3" t="29" w="17" /><ent r="1000" t="52" w="1" /><ent r="92" t="52" w="5" /><ent r="3" t="52" w="72" /></phr><phr n="estimates"><ent r="4" t="25" w="86" /></phr><phr n="Estimator"><ent r="1000" t="28" w="5" /><ent r="100" t="28" w="11" /><ent r="102" t="28" w="17" /><ent r="3" t="28" w="22" /><ent r="5" t="28" w="28" /><ent r="5" t="29" w="13" /><ent r="64" t="29" w="216" /><ent r="5" t="30" w="40" /><ent r="3" t="30" w="74" /><ent r="3" t="30" w="212" /><ent r="3" t="30" w="263" /><ent r="3" t="30" w="304" /><ent r="64" t="30" w="493" /></phr><phr n="estimating"><ent r="3" t="52" w="33" /></phr></stem><stem n="08"><phr n="08"><ent r="6" t="7" w="272" /><ent r="6" t="8" w="240" /></phr></stem><stem n="08-2"><phr n="08-2"><ent r="6" t="7" w="272" /><ent r="6" t="8" w="240" /></phr></stem><stem n=".08-2.35"><phr n=".08-2.35"><ent r="6" t="7" w="274" /><ent r="6" t="8" w="242" /></phr></stem><stem n="35"><phr n="35"><ent r="6" t="7" w="274" /><ent r="6" t="8" w="242" /></phr></stem><stem n="hydrotherm"><phr n="hydrothermally"><ent r="6" t="7" w="280" /><ent r="6" t="8" w="248" /></phr></stem><stem n="alter"><phr n="altered"><ent r="6" t="7" w="281" /><ent r="6" t="8" w="249" /></phr></stem><stem n="rock"><phr n="rocks"><ent r="6" t="7" w="282" /><ent r="6" t="8" w="250" /></phr></stem><stem n="associ"><phr n="associated"><ent r="6" t="7" w="283" /><ent r="6" t="8" w="251" /><ent r="3" t="36" w="604" /><ent r="3" t="36" w="635" /><ent r="4" t="37" w="402" /><ent r="3" t="42" w="54" /><ent r="3" t="45" w="145" /><ent r="3" t="46" w="93" /><ent r="3" t="46" w="133" /><ent r="4" t="50" w="365" /><ent r="3" t="62" w="136" /><ent r="3" t="62" w="317" /></phr></stem><stem n="miner"><phr n="mineral"><ent r="6" t="7" w="285" /><ent r="6" t="8" w="253" /></phr></stem><stem n="deposit"><phr n="deposits"><ent r="6" t="7" w="286" /><ent r="6" t="8" w="254" /></phr></stem><stem n="50"><phr n="50"><ent r="6" t="7" w="291" /><ent r="4" t="31" w="624" /></phr></stem><stem n="50-0"><phr n="50-0"><ent r="6" t="7" w="291" /></phr></stem><stem n=".50-0.90"><phr n=".50-0.90"><ent r="6" t="7" w="293" /></phr></stem><stem n="sharpen"><phr n="sharpening"><ent r="6" t="7" w="297" /></phr></stem><stem n="multispectr"><phr n="multispectral"><ent r="6" t="7" w="300" /><ent r="3" t="8" w="38" /><ent r="4" t="40" w="69" /></phr></stem><stem n="cube"><phr n="cube"><ent r="3" t="7" w="315" /><ent r="3" t="7" w="335" /><ent r="4" t="7" w="409" /><ent r="3" t="7" w="417" /><ent r="3" t="11" w="33" /><ent r="4" t="11" w="150" /><ent r="3" t="11" w="182" /><ent r="3" t="13" w="103" /><ent r="3" t="13" w="126" /><ent r="3" t="28" w="38" /><ent r="3" t="28" w="52" /><ent r="4" t="30" w="55" /><ent r="4" t="30" w="413" /><ent r="4" t="30" w="419" /><ent r="4" t="31" w="188" /><ent r="3" t="31" w="214" /><ent r="3" t="31" w="248" /><ent r="3" t="31" w="285" /><ent r="4" t="31" w="654" /><ent r="4" t="31" w="660" /><ent r="3" t="32" w="39" /><ent r="3" t="32" w="53" /><ent r="4" t="32" w="233" /><ent r="4" t="32" w="595" /><ent r="4" t="32" w="601" /><ent r="3" t="59" w="100" /><ent r="3" t="59" w="361" /></phr><phr n="cubes"><ent r="3" t="57" w="119" /></phr></stem><stem n="structur"><phr n="structure"><ent r="3" t="7" w="321" /><ent r="3" t="8" w="276" /><ent r="3" t="21" w="34" /><ent r="4" t="35" w="70" /></phr></stem><stem n="will"><phr n="will"><ent r="3" t="7" w="327" /><ent r="3" t="8" w="282" /><ent r="3" t="11" w="347" /><ent r="3" t="11" w="359" /><ent r="3" t="11" w="398" /><ent r="4" t="12" w="301" /><ent r="4" t="12" w="314" /><ent r="4" t="12" w="334" /><ent r="3" t="12" w="453" /><ent r="3" t="25" w="287" /><ent r="3" t="25" w="313" /><ent r="3" t="25" w="385" /><ent r="3" t="25" w="397" /><ent r="3" t="25" w="447" /><ent r="3" t="25" w="470" /><ent r="3" t="25" w="475" /><ent r="3" t="25" w="499" /><ent r="4" t="25" w="525" /><ent r="4" t="26" w="71" /><ent r="4" t="26" w="83" /><ent r="3" t="26" w="94" /><ent r="3" t="26" w="107" /><ent r="3" t="26" w="126" /><ent r="3" t="29" w="44" /><ent r="3" t="29" w="61" /><ent r="4" t="30" w="460" /><ent r="4" t="30" w="466" /><ent r="3" t="31" w="241" /><ent r="3" t="31" w="413" /><ent r="3" t="31" w="444" /><ent r="3" t="31" w="457" /><ent r="4" t="31" w="740" /><ent r="4" t="31" w="749" /><ent r="4" t="32" w="638" /><ent r="4" t="32" w="646" /><ent r="3" t="35" w="159" /><ent r="3" t="35" w="266" /><ent r="3" t="35" w="294" /><ent r="4" t="36" w="524" /><ent r="4" t="36" w="541" /><ent r="4" t="36" w="667" /><ent r="4" t="36" w="698" /><ent r="3" t="37" w="377" /><ent r="4" t="37" w="472" /><ent r="4" t="37" w="485" /><ent r="4" t="40" w="74" /><ent r="3" t="40" w="153" /><ent r="3" t="40" w="468" /><ent r="3" t="42" w="60" /><ent r="3" t="43" w="98" /><ent r="3" t="43" w="111" /><ent r="3" t="43" w="128" /><ent r="3" t="44" w="154" /><ent r="3" t="45" w="159" /><ent r="3" t="45" w="170" /><ent r="3" t="45" w="222" /><ent r="3" t="46" w="653" /><ent r="3" t="46" w="730" /><ent r="4" t="47" w="320" /><ent r="4" t="47" w="351" /><ent r="4" t="47" w="389" /><ent r="3" t="47" w="454" /><ent r="3" t="47" w="485" /><ent r="3" t="47" w="521" /><ent r="3" t="47" w="533" /><ent r="3" t="47" w="558" /><ent r="3" t="51" w="96" /><ent r="3" t="52" w="67" /><ent r="3" t="52" w="86" /><ent r="3" t="53" w="30" /><ent r="3" t="54" w="13" /><ent r="3" t="61" w="47" /><ent r="3" t="61" w="78" /><ent r="3" t="61" w="98" /></phr></stem></index>