﻿<?xml version="1.0" encoding="utf-8"?><index><stem n="right"><phr n="right"><ent r="4" t="2" w="195" /><ent r="4" t="9" w="111" /><ent r="4" t="10" w="168" /><ent r="4" t="19" w="50" /><ent r="4" t="20" w="43" /><ent r="3" t="22" w="71" /><ent r="4" t="22" w="104" /><ent r="4" t="25" w="151" /><ent r="3" t="33" w="313" /><ent r="4" t="35" w="340" /><ent r="3" t="35" w="587" /><ent r="3" t="43" w="264" /><ent r="3" t="43" w="289" /><ent r="3" t="43" w="572" /><ent r="4" t="44" w="206" /><ent r="4" t="44" w="523" /><ent r="4" t="45" w="161" /></phr><phr n="Right"><ent r="4" t="22" w="141" /><ent r="4" t="35" w="451" /><ent r="4" t="35" w="501" /></phr></stem><stem n="...."><phr n="...."><ent r="5" t="2" w="203" /><ent r="5" t="10" w="176" /></phr></stem><stem n="&gt;&gt;"><phr n="&gt;&gt;"><ent r="5" t="2" w="208" /><ent r="5" t="9" w="124" /><ent r="5" t="10" w="181" /></phr></stem><stem n="brows"><phr n="Browse"><ent r="5" t="2" w="214" /><ent r="5" t="9" w="131" /><ent r="5" t="10" w="187" /><ent r="5" t="12" w="163" /><ent r="4" t="12" w="432" /><ent r="5" t="16" w="104" /><ent r="5" t="25" w="237" /><ent r="4" t="27" w="383" /><ent r="4" t="29" w="204" /><ent r="4" t="30" w="375" /><ent r="5" t="34" w="279" /><ent r="3" t="49" w="15" /></phr><phr n="browse"><ent r="3" t="2" w="256" /><ent r="3" t="9" w="173" /><ent r="3" t="10" w="228" /><ent r="5" t="12" w="167" /><ent r="4" t="12" w="436" /><ent r="5" t="25" w="240" /><ent r="3" t="27" w="387" /><ent r="3" t="29" w="208" /><ent r="3" t="30" w="379" /><ent r="4" t="34" w="283" /><ent r="3" t="36" w="418" /></phr></stem><stem n="…"><phr n="…"><ent r="5" t="2" w="215" /><ent r="5" t="9" w="132" /><ent r="5" t="10" w="188" /><ent r="4" t="27" w="384" /><ent r="4" t="30" w="376" /><ent r="4" t="44" w="111" /><ent r="5" t="44" w="216" /><ent r="4" t="44" w="246" /><ent r="5" t="44" w="533" /><ent r="4" t="45" w="91" /><ent r="4" t="45" w="224" /><ent r="5" t="45" w="350" /></phr></stem><stem n="-down"><phr n="-down"><ent r="4" t="2" w="240" /><ent r="4" t="2" w="240" /><ent r="4" t="7" w="373" /><ent r="4" t="7" w="373" /><ent r="4" t="8" w="324" /><ent r="4" t="8" w="324" /><ent r="4" t="9" w="157" /><ent r="4" t="9" w="157" /><ent r="4" t="10" w="213" /><ent r="4" t="10" w="213" /><ent r="4" t="11" w="264" /><ent r="4" t="11" w="264" /><ent r="4" t="20" w="76" /><ent r="4" t="20" w="76" /><ent r="5" t="25" w="176" /><ent r="5" t="25" w="176" /><ent r="4" t="25" w="266" /><ent r="4" t="25" w="266" /><ent r="3" t="27" w="509" /><ent r="3" t="27" w="509" /><ent r="4" t="27" w="671" /><ent r="4" t="27" w="671" /><ent r="3" t="29" w="123" /><ent r="3" t="29" w="123" /><ent r="4" t="29" w="415" /><ent r="4" t="29" w="415" /><ent r="4" t="30" w="492" /><ent r="4" t="30" w="492" /><ent r="4" t="30" w="613" /><ent r="4" t="30" w="613" /><ent r="3" t="36" w="190" /><ent r="3" t="36" w="190" /><ent r="4" t="36" w="567" /><ent r="4" t="36" w="567" /><ent r="4" t="36" w="624" /><ent r="4" t="36" w="624" /><ent r="3" t="37" w="179" /><ent r="3" t="37" w="179" /><ent r="4" t="44" w="263" /><ent r="4" t="44" w="263" /><ent r="3" t="44" w="568" /><ent r="3" t="44" w="568" /><ent r="4" t="45" w="235" /><ent r="4" t="45" w="235" /><ent r="4" t="46" w="21" /><ent r="4" t="46" w="21" /><ent r="3" t="47" w="27" /><ent r="3" t="47" w="27" /></phr></stem><stem n="drop"><phr n="drop"><ent r="4" t="2" w="240" /><ent r="4" t="7" w="373" /><ent r="4" t="8" w="324" /><ent r="4" t="9" w="157" /><ent r="4" t="10" w="213" /><ent r="4" t="11" w="264" /><ent r="4" t="20" w="76" /><ent r="5" t="25" w="176" /><ent r="4" t="25" w="266" /><ent r="3" t="27" w="509" /><ent r="4" t="27" w="671" /><ent r="3" t="29" w="123" /><ent r="4" t="29" w="415" /><ent r="4" t="30" w="492" /><ent r="4" t="30" w="613" /><ent r="3" t="36" w="190" /><ent r="4" t="36" w="567" /><ent r="4" t="36" w="624" /><ent r="3" t="37" w="179" /><ent r="4" t="44" w="263" /><ent r="3" t="44" w="568" /><ent r="4" t="45" w="235" /><ent r="4" t="46" w="21" /><ent r="3" t="47" w="27" /></phr></stem><stem n="drop-down"><phr n="drop-down"><ent r="4" t="2" w="240" /><ent r="4" t="7" w="373" /><ent r="4" t="8" w="324" /><ent r="4" t="9" w="157" /><ent r="4" t="10" w="213" /><ent r="4" t="11" w="264" /><ent r="4" t="20" w="76" /><ent r="5" t="25" w="176" /><ent r="4" t="25" w="266" /><ent r="3" t="27" w="509" /><ent r="4" t="27" w="671" /><ent r="3" t="29" w="123" /><ent r="4" t="29" w="415" /><ent r="4" t="30" w="492" /><ent r="4" t="30" w="613" /><ent r="3" t="36" w="190" /><ent r="4" t="36" w="567" /><ent r="4" t="36" w="624" /><ent r="3" t="37" w="179" /><ent r="4" t="44" w="263" /><ent r="3" t="44" w="568" /><ent r="4" t="45" w="235" /><ent r="4" t="46" w="21" /><ent r="3" t="47" w="27" /></phr></stem><stem n="down"><phr n="down"><ent r="4" t="2" w="241" /><ent r="4" t="7" w="374" /><ent r="4" t="8" w="325" /><ent r="4" t="9" w="158" /><ent r="4" t="10" w="214" /><ent r="4" t="11" w="265" /><ent r="4" t="20" w="77" /><ent r="5" t="25" w="177" /><ent r="4" t="25" w="267" /><ent r="3" t="27" w="510" /><ent r="4" t="27" w="672" /><ent r="3" t="29" w="124" /><ent r="4" t="29" w="416" /><ent r="4" t="30" w="493" /><ent r="4" t="30" w="614" /><ent r="3" t="36" w="191" /><ent r="4" t="36" w="568" /><ent r="4" t="36" w="625" /><ent r="3" t="37" w="180" /><ent r="4" t="44" w="264" /><ent r="3" t="44" w="569" /><ent r="4" t="45" w="236" /><ent r="4" t="46" w="22" /><ent r="3" t="47" w="28" /><ent r="3" t="48" w="73" /></phr></stem><stem n=".spectrum.txt"><phr n=".spectrum.txt"><ent r="3" t="2" w="268" /></phr></stem><stem n="navig"><phr n="Navigate"><ent r="4" t="2" w="272" /><ent r="4" t="3" w="84" /><ent r="4" t="5" w="70" /><ent r="4" t="7" w="401" /><ent r="4" t="8" w="348" /><ent r="4" t="9" w="191" /><ent r="4" t="10" w="244" /><ent r="4" t="16" w="115" /><ent r="4" t="19" w="64" /><ent r="4" t="20" w="57" /><ent r="4" t="44" w="328" /><ent r="4" t="44" w="542" /><ent r="4" t="45" w="313" /></phr><phr n="navigate"><ent r="4" t="15" w="180" /><ent r="3" t="29" w="220" /><ent r="3" t="30" w="392" /><ent r="4" t="34" w="295" /></phr><phr n="navigated"><ent r="4" t="45" w="387" /></phr></stem><stem n="on"><phr n="one"><ent r="4" t="2" w="276" /><ent r="4" t="11" w="270" /><ent r="3" t="11" w="355" /><ent r="4" t="12" w="150" /><ent r="64" t="16" w="45" /><ent r="3" t="23" w="95" /><ent r="4" t="25" w="147" /><ent r="4" t="25" w="153" /><ent r="4" t="27" w="560" /><ent r="4" t="29" w="315" /><ent r="4" t="30" w="528" /><ent r="4" t="32" w="261" /><ent r="4" t="34" w="99" /><ent r="4" t="41" w="36" /><ent r="4" t="42" w="53" /><ent r="3" t="42" w="158" /><ent r="3" t="45" w="124" /><ent r="3" t="56" w="116" /><ent r="3" t="57" w="184" /><ent r="3" t="57" w="193" /></phr><phr n="ones"><ent r="3" t="19" w="93" /></phr><phr n="One"><ent r="3" t="35" w="254" /></phr></stem><stem n="open"><phr n="Open"><ent r="5" t="2" w="285" /><ent r="5" t="3" w="95" /><ent r="5" t="5" w="81" /><ent r="5" t="7" w="412" /><ent r="5" t="8" w="359" /><ent r="5" t="9" w="204" /><ent r="5" t="10" w="256" /><ent r="4" t="11" w="147" /><ent r="4" t="15" w="177" /><ent r="5" t="15" w="195" /><ent r="5" t="16" w="148" /><ent r="5" t="22" w="58" /><ent r="5" t="26" w="66" /><ent r="4" t="27" w="185" /><ent r="3" t="27" w="410" /><ent r="4" t="29" w="45" /><ent r="4" t="29" w="230" /><ent r="4" t="30" w="230" /><ent r="3" t="30" w="401" /><ent r="5" t="34" w="305" /><ent r="4" t="49" w="43" /></phr><phr n="open"><ent r="3" t="13" w="109" /><ent r="3" t="13" w="124" /><ent r="3" t="13" w="129" /><ent r="3" t="33" w="41" /><ent r="3" t="36" w="498" /></phr><phr n="opening"><ent r="3" t="43" w="283" /></phr><phr n="opens"><ent r="4" t="44" w="252" /><ent r="4" t="45" w="227" /><ent r="4" t="45" w="353" /></phr></stem><stem n="name"><phr n="name"><ent r="4" t="2" w="291" /><ent r="4" t="2" w="306" /><ent r="4" t="4" w="91" /><ent r="4" t="9" w="210" /><ent r="4" t="10" w="263" /><ent r="4" t="10" w="278" /><ent r="5" t="12" w="173" /><ent r="4" t="12" w="419" /><ent r="4" t="12" w="442" /><ent r="3" t="12" w="447" /><ent r="4" t="14" w="64" /><ent r="4" t="15" w="227" /><ent r="4" t="15" w="230" /><ent r="3" t="15" w="238" /><ent r="3" t="15" w="251" /><ent r="3" t="15" w="259" /><ent r="4" t="18" w="58" /><ent r="3" t="19" w="86" /><ent r="5" t="20" w="91" /><ent r="5" t="25" w="199" /><ent r="3" t="25" w="567" /><ent r="3" t="27" w="347" /><ent r="3" t="27" w="453" /><ent r="4" t="27" w="555" /><ent r="3" t="29" w="235" /><ent r="3" t="29" w="273" /><ent r="4" t="29" w="310" /><ent r="3" t="30" w="405" /><ent r="3" t="30" w="442" /><ent r="4" t="30" w="523" /><ent r="3" t="31" w="47" /><ent r="3" t="31" w="54" /><ent r="3" t="31" w="133" /><ent r="5" t="31" w="369" /><ent r="4" t="34" w="310" /><ent r="4" t="34" w="344" /><ent r="5" t="34" w="505" /><ent r="4" t="34" w="513" /><ent r="4" t="34" w="522" /><ent r="4" t="35" w="479" /><ent r="4" t="35" w="495" /><ent r="3" t="39" w="70" /><ent r="3" t="40" w="83" /><ent r="3" t="42" w="104" /><ent r="3" t="43" w="578" /><ent r="4" t="44" w="298" /><ent r="3" t="44" w="318" /><ent r="4" t="44" w="344" /><ent r="5" t="44" w="349" /><ent r="3" t="44" w="416" /><ent r="3" t="45" w="187" /><ent r="3" t="45" w="266" /><ent r="4" t="45" w="271" /><ent r="3" t="45" w="281" /><ent r="3" t="45" w="284" /><ent r="3" t="45" w="294" /><ent r="4" t="45" w="327" /><ent r="5" t="45" w="332" /><ent r="4" t="45" w="402" /><ent r="3" t="45" w="466" /></phr><phr n="names"><ent r="3" t="7" w="120" /><ent r="3" t="10" w="56" /><ent r="4" t="34" w="419" /></phr><phr n="Name"><ent r="4" t="15" w="244" /><ent r="5" t="27" w="543" /><ent r="5" t="29" w="298" /><ent r="5" t="30" w="511" /><ent r="4" t="31" w="185" /><ent r="4" t="34" w="354" /><ent r="4" t="34" w="367" /></phr></stem><stem n="s"><phr n="s"><ent r="4" t="2" w="292" /><ent r="4" t="2" w="307" /><ent r="3" t="11" w="59" /><ent r="3" t="12" w="34" /><ent r="4" t="15" w="226" /><ent r="3" t="15" w="237" /><ent r="4" t="16" w="64" /><ent r="4" t="18" w="69" /><ent r="3" t="27" w="448" /><ent r="3" t="29" w="268" /><ent r="3" t="30" w="437" /><ent r="4" t="34" w="339" /><ent r="3" t="36" w="71" /><ent r="4" t="36" w="469" /><ent r="4" t="36" w="639" /><ent r="3" t="37" w="63" /><ent r="4" t="37" w="264" /><ent r="3" t="52" w="23" /><ent r="3" t="52" w="268" /><ent r="3" t="52" w="296" /><ent r="3" t="54" w="111" /><ent r="3" t="56" w="8" /></phr></stem><stem n="(s)"><phr n="(s)"><ent r="4" t="2" w="293" /><ent r="4" t="2" w="308" /><ent r="3" t="27" w="449" /><ent r="3" t="29" w="269" /><ent r="3" t="30" w="438" /><ent r="4" t="34" w="340" /></phr></stem><stem n="ad"><phr n="added"><ent r="4" t="2" w="294" /><ent r="4" t="9" w="212" /><ent r="4" t="10" w="265" /><ent r="4" t="16" w="156" /><ent r="3" t="33" w="250" /><ent r="3" t="33" w="268" /><ent r="4" t="34" w="398" /><ent r="3" t="42" w="92" /><ent r="3" t="42" w="186" /><ent r="3" t="43" w="232" /><ent r="3" t="43" w="244" /><ent r="3" t="43" w="342" /><ent r="3" t="43" w="605" /><ent r="3" t="43" w="622" /></phr><phr n="adding"><ent r="3" t="7" w="117" /><ent r="82" t="43" w="207" /><ent r="4" t="43" w="218" /></phr></stem><stem n="run"><phr n="runs"><ent r="4" t="2" w="316" /><ent r="4" t="9" w="238" /><ent r="4" t="10" w="287" /><ent r="4" t="12" w="487" /><ent r="4" t="27" w="699" /><ent r="4" t="27" w="851" /><ent r="3" t="36" w="293" /><ent r="4" t="36" w="466" /><ent r="4" t="36" w="636" /><ent r="4" t="37" w="261" /></phr><phr n="run"><ent r="4" t="11" w="331" /><ent r="4" t="12" w="105" /><ent r="4" t="27" w="644" /><ent r="4" t="27" w="741" /><ent r="4" t="27" w="802" /><ent r="3" t="29" w="33" /><ent r="4" t="29" w="387" /><ent r="4" t="29" w="445" /><ent r="4" t="30" w="585" /><ent r="4" t="30" w="639" /><ent r="3" t="32" w="211" /><ent r="3" t="34" w="49" /><ent r="3" t="34" w="125" /><ent r="3" t="34" w="132" /><ent r="4" t="35" w="327" /><ent r="3" t="36" w="106" /><ent r="3" t="36" w="169" /><ent r="3" t="36" w="182" /><ent r="3" t="36" w="351" /><ent r="3" t="36" w="519" /><ent r="3" t="37" w="108" /><ent r="3" t="37" w="158" /><ent r="3" t="37" w="171" /></phr><phr n="Run"><ent r="64" t="28" w="222" /><ent r="1000" t="29" w="1" /><ent r="102" t="29" w="4" /><ent r="64" t="36" w="204" /><ent r="92" t="36" w="510" /></phr><phr n="running"><ent r="3" t="30" w="177" /><ent r="4" t="33" w="400" /><ent r="4" t="36" w="143" /><ent r="3" t="36" w="197" /><ent r="4" t="36" w="471" /><ent r="4" t="36" w="641" /><ent r="4" t="37" w="142" /><ent r="4" t="37" w="266" /><ent r="3" t="52" w="75" /></phr></stem><stem n="progress"><phr n="progress"><ent r="4" t="2" w="332" /><ent r="4" t="9" w="250" /><ent r="4" t="10" w="303" /><ent r="4" t="11" w="412" /><ent r="4" t="11" w="424" /><ent r="4" t="15" w="200" /><ent r="4" t="19" w="103" /><ent r="4" t="19" w="117" /><ent r="4" t="20" w="144" /><ent r="4" t="20" w="158" /><ent r="4" t="27" w="766" /><ent r="4" t="27" w="777" /><ent r="4" t="29" w="448" /><ent r="4" t="29" w="463" /><ent r="4" t="30" w="644" /><ent r="4" t="30" w="661" /><ent r="3" t="34" w="724" /><ent r="3" t="44" w="431" /><ent r="3" t="44" w="461" /><ent r="3" t="45" w="481" /><ent r="3" t="45" w="511" /></phr></stem><stem n="indic"><phr n="indicating"><ent r="4" t="2" w="336" /><ent r="4" t="9" w="254" /><ent r="4" t="10" w="307" /><ent r="3" t="27" w="279" /><ent r="4" t="27" w="752" /><ent r="4" t="30" w="649" /></phr><phr n="indicates"><ent r="3" t="11" w="187" /></phr><phr n="indicate"><ent r="4" t="29" w="451" /></phr></stem><stem n="complet"><phr n="completed"><ent r="4" t="2" w="343" /><ent r="4" t="9" w="259" /><ent r="4" t="10" w="314" /></phr><phr n="completes"><ent r="4" t="11" w="410" /><ent r="4" t="27" w="764" /></phr><phr n="complete"><ent r="4" t="16" w="229" /><ent r="3" t="25" w="548" /><ent r="4" t="27" w="757" /><ent r="4" t="29" w="455" /><ent r="4" t="30" w="653" /></phr><phr n="completing"><ent r="4" t="25" w="539" /></phr><phr n="completion"><ent r="4" t="27" w="743" /><ent r="4" t="30" w="641" /></phr><phr n="completely"><ent r="3" t="32" w="173" /></phr></stem><stem n="close"><phr n="Close"><ent r="5" t="2" w="347" /><ent r="5" t="9" w="263" /><ent r="5" t="10" w="318" /><ent r="5" t="11" w="419" /><ent r="4" t="12" w="500" /><ent r="5" t="15" w="208" /><ent r="5" t="16" w="233" /><ent r="5" t="19" w="111" /><ent r="5" t="20" w="152" /><ent r="4" t="27" w="288" /><ent r="5" t="27" w="772" /><ent r="5" t="29" w="458" /><ent r="5" t="30" w="656" /><ent r="5" t="36" w="475" /><ent r="5" t="36" w="645" /><ent r="5" t="37" w="270" /><ent r="4" t="44" w="457" /><ent r="4" t="45" w="507" /></phr><phr n="close"><ent r="4" t="11" w="422" /><ent r="3" t="12" w="504" /><ent r="4" t="15" w="212" /><ent r="4" t="19" w="115" /><ent r="4" t="20" w="156" /><ent r="3" t="27" w="295" /><ent r="4" t="27" w="775" /><ent r="4" t="29" w="461" /><ent r="4" t="30" w="659" /><ent r="4" t="34" w="389" /><ent r="4" t="36" w="479" /><ent r="4" t="36" w="649" /><ent r="4" t="37" w="274" /></phr><phr n="closes"><ent r="3" t="16" w="262" /><ent r="3" t="44" w="467" /><ent r="3" t="45" w="519" /></phr><phr n="closely"><ent r="4" t="22" w="130" /></phr></stem><stem n="dg"><phr n="DG"><ent r="1000" t="3" w="1" /><ent r="102" t="3" w="4" /><ent r="100" t="3" w="7" /><ent r="65" t="3" w="18" /><ent r="64" t="3" w="101" /><ent r="64" t="4" w="118" /></phr></stem><stem n="digitalglob"><phr n="DigitalGlobe"><ent r="100" t="3" w="10" /><ent r="3" t="3" w="16" /><ent r="3" t="3" w="32" /><ent r="4" t="3" w="89" /></phr></stem><stem n="("><phr n="("><ent r="3" t="3" w="17" /><ent r="3" t="11" w="19" /><ent r="3" t="24" w="19" /><ent r="3" t="24" w="39" /><ent r="3" t="27" w="22" /><ent r="3" t="28" w="23" /><ent r="3" t="28" w="173" /><ent r="3" t="30" w="21" /><ent r="3" t="32" w="17" /><ent r="3" t="34" w="21" /><ent r="3" t="35" w="21" /><ent r="3" t="36" w="22" /><ent r="3" t="37" w="19" /><ent r="4" t="53" w="8" /><ent r="3" t="54" w="12" /><ent r="3" t="54" w="232" /><ent r="3" t="54" w="243" /><ent r="3" t="54" w="252" /><ent r="3" t="54" w="258" /></phr></stem><stem n="digit"><phr n="Digital"><ent r="5" t="3" w="20" /><ent r="1000" t="4" w="1" /><ent r="102" t="4" w="6" /><ent r="100" t="4" w="11" /><ent r="100" t="4" w="17" /><ent r="3" t="4" w="24" /><ent r="5" t="58" w="10" /></phr><phr n="digital"><ent r="3" t="4" w="73" /><ent r="3" t="57" w="73" /><ent r="3" t="57" w="337" /><ent r="3" t="57" w="360" /></phr></stem><stem n="globe"><phr n="Globe"><ent r="5" t="3" w="21" /><ent r="1000" t="4" w="2" /><ent r="102" t="4" w="7" /><ent r="100" t="4" w="12" /><ent r="100" t="4" w="18" /><ent r="3" t="4" w="25" /></phr></stem><stem n="follow"><phr n="following"><ent r="3" t="3" w="31" /><ent r="4" t="12" w="491" /><ent r="3" t="54" w="204" /></phr><phr n="Follow"><ent r="3" t="15" w="138" /><ent r="3" t="16" w="21" /></phr><phr n="follow"><ent r="3" t="44" w="489" /></phr></stem><stem n="satellit"><phr n="satellites"><ent r="3" t="3" w="33" /><ent r="3" t="3" w="46" /></phr><phr n="satellite"><ent r="4" t="4" w="90" /></phr><phr n="Satellite"><ent r="3" t="7" w="29" /><ent r="3" t="8" w="27" /></phr></stem><stem n="quickbird"><phr n="QuickBird"><ent r="4" t="3" w="35" /><ent r="3" t="4" w="53" /><ent r="92" t="4" w="107" /></phr></stem><stem n="2"><phr n="2"><ent r="4" t="3" w="36" /><ent r="4" t="3" w="42" /><ent r="3" t="4" w="54" /><ent r="3" t="4" w="57" /><ent r="92" t="4" w="108" /><ent r="92" t="4" w="112" /><ent r="6" t="7" w="184" /><ent r="6" t="7" w="271" /><ent r="6" t="7" w="273" /><ent r="6" t="8" w="152" /><ent r="6" t="8" w="239" /><ent r="6" t="8" w="241" /><ent r="4" t="12" w="310" /><ent r="3" t="44" w="60" /><ent r="3" t="44" w="135" /><ent r="4" t="50" w="46" /></phr></stem><stem n="-1"><phr n="-1"><ent r="4" t="3" w="38" /><ent r="4" t="3" w="38" /><ent r="3" t="4" w="65" /><ent r="3" t="4" w="65" /></phr></stem><stem n="worldview"><phr n="WorldView"><ent r="4" t="3" w="38" /><ent r="4" t="3" w="41" /><ent r="3" t="4" w="56" /><ent r="3" t="4" w="65" /><ent r="92" t="4" w="111" /></phr></stem><stem n="worldview-1"><phr n="WorldView-1"><ent r="4" t="3" w="38" /><ent r="3" t="4" w="65" /></phr></stem><stem n="1"><phr n="1"><ent r="4" t="3" w="39" /><ent r="3" t="4" w="66" /><ent r="6" t="7" w="161" /><ent r="6" t="7" w="233" /><ent r="6" t="7" w="235" /><ent r="6" t="8" w="129" /><ent r="6" t="8" w="201" /><ent r="6" t="8" w="203" /><ent r="4" t="12" w="297" /><ent r="4" t="27" w="592" /><ent r="4" t="27" w="611" /><ent r="3" t="43" w="567" /><ent r="3" t="44" w="122" /><ent r="5" t="50" w="34" /><ent r="4" t="52" w="235" /><ent r="3" t="54" w="214" /><ent r="3" t="54" w="224" /></phr></stem><stem n="-2"><phr n="-2"><ent r="4" t="3" w="41" /><ent r="4" t="3" w="41" /><ent r="3" t="4" w="53" /><ent r="3" t="4" w="53" /><ent r="92" t="4" w="107" /><ent r="92" t="4" w="107" /><ent r="92" t="4" w="111" /><ent r="92" t="4" w="111" /></phr></stem><stem n="worldview-2"><phr n="WorldView-2"><ent r="4" t="3" w="41" /><ent r="3" t="4" w="56" /><ent r="92" t="4" w="111" /></phr></stem><stem n="although"><phr n="Although"><ent r="3" t="3" w="44" /></phr></stem><stem n="differ"><phr n="different"><ent r="3" t="3" w="48" /><ent r="3" t="27" w="788" /><ent r="4" t="34" w="512" /><ent r="4" t="35" w="429" /><ent r="3" t="36" w="44" /><ent r="3" t="37" w="42" /><ent r="3" t="37" w="210" /><ent r="3" t="42" w="135" /><ent r="3" t="44" w="324" /><ent r="4" t="45" w="363" /><ent r="3" t="52" w="339" /><ent r="3" t="57" w="180" /></phr><phr n="differs"><ent r="3" t="7" w="106" /></phr><phr n="Difference"><ent r="92" t="22" w="97" /><ent r="5" t="22" w="147" /></phr><phr n="difference"><ent r="4" t="25" w="111" /><ent r="4" t="25" w="129" /><ent r="4" t="25" w="162" /><ent r="3" t="43" w="355" /><ent r="3" t="43" w="372" /><ent r="3" t="43" w="478" /><ent r="3" t="43" w="495" /><ent r="3" t="47" w="38" /><ent r="3" t="47" w="65" /><ent r="3" t="54" w="107" /></phr><phr n="differences"><ent r="3" t="37" w="85" /></phr></stem><stem n="format"><phr n="format"><ent r="3" t="3" w="50" /><ent r="3" t="7" w="72" /><ent r="3" t="7" w="105" /><ent r="3" t="8" w="90" /><ent r="3" t="10" w="36" /><ent r="3" t="10" w="46" /><ent r="4" t="15" w="98" /><ent r="4" t="15" w="107" /><ent r="4" t="21" w="220" /><ent r="4" t="21" w="229" /><ent r="3" t="44" w="53" /><ent r="3" t="44" w="55" /><ent r="3" t="44" w="141" /><ent r="3" t="44" w="149" /><ent r="3" t="45" w="35" /><ent r="3" t="45" w="45" /></phr><phr n="Format"><ent r="3" t="7" w="33" /><ent r="3" t="7" w="319" /><ent r="3" t="8" w="31" /><ent r="3" t="8" w="274" /><ent r="5" t="50" w="39" /></phr><phr n="formats"><ent r="3" t="7" w="110" /></phr><phr n="formatted"><ent r="4" t="15" w="45" /><ent r="4" t="21" w="153" /></phr></stem><stem n="same"><phr n="same"><ent r="3" t="3" w="53" /><ent r="3" t="21" w="27" /><ent r="3" t="25" w="566" /><ent r="3" t="31" w="78" /><ent r="3" t="32" w="152" /><ent r="3" t="39" w="69" /><ent r="3" t="40" w="82" /><ent r="3" t="42" w="103" /><ent r="3" t="42" w="148" /><ent r="3" t="57" w="28" /></phr></stem><stem n="dgimport"><phr n="DgImporter"><ent r="5" t="3" w="81" /></phr></stem><stem n=".xml"><phr n=".XML"><ent r="4" t="3" w="90" /></phr></stem><stem n="xml"><phr n="XML"><ent r="4" t="3" w="90" /><ent r="3" t="10" w="45" /><ent r="4" t="15" w="106" /><ent r="4" t="21" w="228" /><ent r="3" t="45" w="44" /></phr></stem><stem n="relat"><phr n="Related"><ent r="92" t="3" w="98" /><ent r="92" t="4" w="115" /><ent r="92" t="5" w="148" /><ent r="92" t="6" w="99" /><ent r="92" t="11" w="431" /><ent r="92" t="13" w="209" /><ent r="92" t="14" w="103" /><ent r="92" t="15" w="289" /><ent r="92" t="16" w="275" /><ent r="92" t="17" w="75" /><ent r="92" t="18" w="103" /><ent r="92" t="19" w="121" /><ent r="92" t="20" w="162" /><ent r="92" t="24" w="188" /><ent r="92" t="25" w="595" /><ent r="92" t="26" w="150" /><ent r="92" t="27" w="915" /><ent r="92" t="28" w="219" /><ent r="92" t="29" w="470" /><ent r="92" t="32" w="499" /><ent r="92" t="33" w="404" /><ent r="92" t="34" w="828" /><ent r="92" t="38" w="87" /><ent r="92" t="39" w="135" /><ent r="92" t="40" w="154" /><ent r="92" t="41" w="180" /><ent r="92" t="42" w="292" /><ent r="92" t="43" w="705" /></phr><phr n="related"><ent r="3" t="54" w="333" /></phr></stem><stem n="topic"><phr n="Topic"><ent r="92" t="3" w="99" /><ent r="92" t="4" w="116" /><ent r="92" t="6" w="100" /><ent r="92" t="13" w="210" /><ent r="92" t="28" w="220" /><ent r="92" t="29" w="471" /><ent r="92" t="32" w="500" /><ent r="92" t="39" w="136" /></phr><phr n="Topics"><ent r="92" t="5" w="149" /><ent r="92" t="11" w="432" /><ent r="92" t="14" w="104" /><ent r="92" t="15" w="290" /><ent r="92" t="16" w="276" /><ent r="92" t="17" w="76" /><ent r="92" t="18" w="104" /><ent r="92" t="19" w="122" /><ent r="92" t="20" w="163" /><ent r="92" t="24" w="189" /><ent r="92" t="25" w="596" /><ent r="92" t="26" w="151" /><ent r="92" t="27" w="916" /><ent r="92" t="33" w="405" /><ent r="92" t="34" w="829" /><ent r="92" t="38" w="88" /><ent r="92" t="40" w="155" /><ent r="92" t="41" w="181" /><ent r="92" t="42" w="293" /><ent r="92" t="43" w="706" /></phr></stem><stem n=":digit"><phr n=":Digital"><ent r="100" t="4" w="17" /></phr></stem><stem n="tool"><phr n="Tools"><ent r="5" t="4" w="34" /><ent r="5" t="6" w="37" /><ent r="4" t="13" w="147" /><ent r="5" t="14" w="33" /><ent r="5" t="15" w="161" /><ent r="5" t="33" w="59" /><ent r="5" t="33" w="82" /><ent r="4" t="34" w="784" /><ent r="5" t="43" w="49" /></phr><phr n="tools"><ent r="3" t="9" w="27" /><ent r="3" t="32" w="30" /><ent r="3" t="35" w="261" /><ent r="4" t="41" w="40" /><ent r="4" t="42" w="57" /></phr><phr n="tool"><ent r="3" t="13" w="118" /><ent r="3" t="23" w="18" /><ent r="3" t="27" w="31" /><ent r="3" t="27" w="143" /><ent r="5" t="32" w="297" /><ent r="5" t="35" w="43" /><ent r="4" t="35" w="545" /></phr></stem><stem n="expand"><phr n="Expand"><ent r="4" t="4" w="38" /><ent r="4" t="6" w="45" /><ent r="4" t="43" w="52" /></phr><phr n="expanded"><ent r="3" t="27" w="378" /><ent r="3" t="29" w="199" /><ent r="3" t="30" w="370" /></phr><phr n="expand"><ent r="4" t="33" w="80" /><ent r="4" t="34" w="271" /><ent r="4" t="34" w="409" /></phr></stem><stem n="chang"><phr n="change"><ent r="3" t="4" w="47" /><ent r="3" t="4" w="60" /><ent r="3" t="15" w="233" /><ent r="4" t="25" w="342" /><ent r="3" t="27" w="333" /><ent r="4" t="27" w="551" /><ent r="4" t="27" w="634" /><ent r="4" t="29" w="306" /><ent r="4" t="29" w="378" /><ent r="4" t="30" w="519" /><ent r="4" t="30" w="575" /><ent r="3" t="33" w="296" /><ent r="3" t="33" w="305" /><ent r="4" t="35" w="392" /><ent r="3" t="39" w="108" /><ent r="3" t="39" w="123" /><ent r="3" t="40" w="143" /><ent r="3" t="41" w="169" /><ent r="3" t="42" w="280" /><ent r="3" t="43" w="31" /><ent r="3" t="43" w="280" /><ent r="3" t="43" w="633" /><ent r="3" t="44" w="305" /><ent r="3" t="44" w="414" /><ent r="3" t="45" w="291" /><ent r="3" t="45" w="298" /><ent r="3" t="45" w="464" /></phr><phr n="changed"><ent r="3" t="5" w="127" /><ent r="3" t="35" w="570" /><ent r="3" t="35" w="585" /><ent r="3" t="43" w="672" /><ent r="3" t="43" w="698" /></phr><phr n="Change"><ent r="5" t="11" w="315" /></phr><phr n="changes"><ent r="3" t="33" w="119" /><ent r="4" t="34" w="643" /><ent r="4" t="35" w="383" /><ent r="3" t="41" w="90" /><ent r="3" t="44" w="274" /><ent r="3" t="44" w="301" /><ent r="3" t="45" w="252" /><ent r="3" t="45" w="275" /></phr><phr n="Changing"><ent r="3" t="33" w="292" /></phr></stem><stem n="default"><phr n="default"><ent r="3" t="4" w="49" /><ent r="3" t="4" w="69" /><ent r="4" t="4" w="100" /><ent r="3" t="5" w="88" /><ent r="3" t="5" w="120" /><ent r="4" t="6" w="64" /><ent r="3" t="27" w="328" /><ent r="4" t="27" w="539" /><ent r="4" t="27" w="563" /><ent r="4" t="27" w="571" /><ent r="4" t="27" w="580" /><ent r="3" t="29" w="158" /><ent r="4" t="29" w="294" /><ent r="4" t="29" w="318" /><ent r="4" t="29" w="326" /><ent r="4" t="29" w="335" /><ent r="4" t="30" w="283" /><ent r="4" t="30" w="507" /><ent r="4" t="30" w="531" /><ent r="4" t="30" w="539" /><ent r="4" t="30" w="548" /><ent r="3" t="31" w="137" /><ent r="3" t="33" w="279" /><ent r="3" t="34" w="446" /><ent r="4" t="34" w="645" /><ent r="4" t="34" w="660" /><ent r="4" t="35" w="394" /><ent r="3" t="35" w="563" /><ent r="3" t="39" w="110" /><ent r="3" t="39" w="125" /><ent r="3" t="43" w="33" /><ent r="3" t="43" w="39" /><ent r="3" t="43" w="185" /><ent r="3" t="43" w="659" /><ent r="4" t="43" w="693" /><ent r="3" t="45" w="279" /></phr><phr n="defaults"><ent r="3" t="6" w="25" /><ent r="4" t="6" w="93" /><ent r="4" t="25" w="78" /><ent r="3" t="33" w="31" /></phr></stem></index>