﻿<?xml version="1.0" encoding="utf-8"?><index><stem n="load"><phr n="loads"><ent r="3" t="2" w="30" /><ent r="3" t="4" w="71" /><ent r="4" t="5" w="110" /><ent r="3" t="30" w="281" /><ent r="3" t="32" w="434" /><ent r="4" t="36" w="336" /></phr><phr n="Load"><ent r="5" t="2" w="312" /><ent r="5" t="9" w="234" /><ent r="5" t="10" w="283" /><ent r="65" t="13" w="173" /><ent r="64" t="14" w="110" /><ent r="1000" t="15" w="1" /><ent r="102" t="15" w="13" /><ent r="5" t="15" w="171" /><ent r="5" t="16" w="208" /><ent r="64" t="16" w="278" /><ent r="64" t="17" w="85" /><ent r="64" t="18" w="106" /><ent r="64" t="20" w="169" /><ent r="92" t="22" w="19" /><ent r="6" t="25" w="207" /><ent r="3" t="25" w="441" /><ent r="4" t="30" w="277" /><ent r="4" t="31" w="440" /><ent r="4" t="32" w="431" /><ent r="4" t="36" w="139" /><ent r="5" t="36" w="333" /><ent r="4" t="38" w="355" /><ent r="4" t="49" w="38" /></phr><phr n="load"><ent r="3" t="3" w="27" /><ent r="3" t="4" w="78" /><ent r="4" t="4" w="98" /><ent r="3" t="5" w="22" /><ent r="3" t="6" w="30" /><ent r="4" t="9" w="229" /><ent r="3" t="10" w="26" /><ent r="3" t="10" w="68" /><ent r="3" t="10" w="81" /><ent r="3" t="13" w="21" /><ent r="100" t="15" w="9" /><ent r="3" t="15" w="27" /><ent r="4" t="15" w="41" /><ent r="4" t="15" w="51" /><ent r="4" t="15" w="88" /><ent r="3" t="15" w="142" /><ent r="4" t="15" w="191" /><ent r="64" t="16" w="35" /><ent r="4" t="21" w="149" /><ent r="4" t="21" w="176" /><ent r="4" t="21" w="211" /><ent r="5" t="25" w="215" /><ent r="3" t="30" w="13" /><ent r="3" t="30" w="100" /><ent r="3" t="30" w="155" /><ent r="3" t="31" w="309" /><ent r="3" t="31" w="445" /><ent r="3" t="31" w="474" /><ent r="4" t="31" w="714" /><ent r="3" t="32" w="205" /><ent r="4" t="32" w="312" /><ent r="3" t="38" w="368" /><ent r="3" t="49" w="49" /></phr><phr n="loaded"><ent r="4" t="6" w="62" /><ent r="3" t="7" w="419" /><ent r="3" t="8" w="366" /><ent r="4" t="16" w="215" /><ent r="3" t="24" w="168" /><ent r="3" t="25" w="319" /><ent r="4" t="25" w="338" /><ent r="3" t="25" w="426" /><ent r="3" t="26" w="123" /><ent r="4" t="32" w="269" /><ent r="4" t="36" w="261" /><ent r="3" t="45" w="214" /><ent r="4" t="49" w="16" /><ent r="3" t="49" w="34" /></phr><phr n="loading"><ent r="3" t="13" w="50" /><ent r="4" t="16" w="227" /><ent r="4" t="21" w="158" /><ent r="3" t="38" w="426" /></phr></stem><stem n="metadata"><phr n="metadata"><ent r="3" t="2" w="31" /><ent r="3" t="10" w="49" /><ent r="4" t="15" w="110" /><ent r="4" t="21" w="232" /><ent r="3" t="30" w="186" /><ent r="3" t="31" w="348" /><ent r="4" t="32" w="295" /><ent r="4" t="32" w="340" /><ent r="3" t="33" w="49" /><ent r="3" t="33" w="178" /><ent r="4" t="36" w="235" /><ent r="3" t="48" w="48" /></phr></stem><stem n="compil"><phr n="compilation"><ent r="3" t="2" w="48" /></phr></stem><stem n="2400"><phr n="2400"><ent r="3" t="2" w="51" /></phr></stem><stem n="spectra"><phr n="spectra"><ent r="3" t="2" w="52" /><ent r="3" t="11" w="55" /><ent r="3" t="11" w="61" /><ent r="3" t="28" w="46" /><ent r="3" t="28" w="69" /><ent r="3" t="28" w="83" /><ent r="3" t="28" w="98" /><ent r="3" t="28" w="103" /><ent r="3" t="30" w="18" /><ent r="3" t="30" w="105" /><ent r="3" t="30" w="160" /><ent r="4" t="30" w="382" /><ent r="3" t="31" w="42" /><ent r="3" t="31" w="104" /><ent r="3" t="31" w="172" /><ent r="3" t="31" w="314" /><ent r="3" t="31" w="479" /><ent r="3" t="32" w="47" /><ent r="3" t="32" w="71" /><ent r="3" t="32" w="85" /><ent r="3" t="32" w="102" /><ent r="3" t="32" w="107" /><ent r="3" t="32" w="119" /><ent r="3" t="32" w="182" /><ent r="3" t="32" w="210" /><ent r="4" t="32" w="317" /><ent r="4" t="32" w="463" /><ent r="3" t="38" w="41" /><ent r="3" t="39" w="39" /><ent r="3" t="39" w="203" /><ent r="3" t="40" w="299" /><ent r="3" t="47" w="26" /><ent r="3" t="47" w="127" /><ent r="3" t="55" w="164" /><ent r="3" t="55" w="172" /><ent r="3" t="55" w="218" /><ent r="3" t="55" w="269" /><ent r="3" t="55" w="284" /><ent r="3" t="57" w="26" /><ent r="3" t="57" w="101" /><ent r="3" t="57" w="179" /><ent r="3" t="57" w="309" /><ent r="3" t="57" w="322" /><ent r="3" t="60" w="230" /><ent r="3" t="60" w="284" /><ent r="3" t="60" w="294" /><ent r="3" t="60" w="321" /></phr></stem><stem n="natur"><phr n="natural"><ent r="3" t="2" w="54" /></phr></stem><stem n="-made"><phr n="-made"><ent r="3" t="2" w="56" /><ent r="3" t="2" w="56" /></phr></stem><stem n="man"><phr n="man"><ent r="3" t="2" w="56" /></phr></stem><stem n="man-mad"><phr n="man-made"><ent r="3" t="2" w="56" /></phr></stem><stem n="materi"><phr n="materials"><ent r="3" t="2" w="58" /><ent r="3" t="28" w="35" /><ent r="3" t="28" w="57" /><ent r="3" t="31" w="89" /><ent r="3" t="31" w="127" /><ent r="3" t="32" w="36" /><ent r="3" t="32" w="59" /><ent r="3" t="34" w="36" /><ent r="3" t="34" w="47" /><ent r="3" t="60" w="97" /></phr><phr n="Material"><ent r="1000" t="27" w="1" /><ent r="102" t="27" w="6" /><ent r="3" t="27" w="17" /><ent r="5" t="30" w="66" /><ent r="5" t="31" w="204" /><ent r="5" t="32" w="247" /><ent r="5" t="33" w="99" /><ent r="5" t="33" w="275" /><ent r="5" t="33" w="338" /><ent r="5" t="36" w="430" /></phr><phr n="material"><ent r="3" t="28" w="75" /><ent r="3" t="28" w="90" /><ent r="3" t="31" w="34" /><ent r="3" t="31" w="100" /><ent r="3" t="32" w="77" /><ent r="3" t="32" w="94" /></phr></stem><stem n="spectrum"><phr n="spectrum"><ent r="3" t="2" w="67" /><ent r="3" t="2" w="170" /><ent r="5" t="2" w="250" /><ent r="3" t="2" w="267" /><ent r="3" t="12" w="36" /><ent r="3" t="12" w="70" /><ent r="3" t="12" w="81" /><ent r="3" t="12" w="96" /><ent r="3" t="12" w="99" /><ent r="3" t="28" w="157" /><ent r="3" t="28" w="163" /><ent r="3" t="28" w="200" /><ent r="3" t="28" w="217" /><ent r="3" t="30" w="16" /><ent r="3" t="30" w="103" /><ent r="3" t="30" w="158" /><ent r="3" t="31" w="58" /><ent r="3" t="31" w="312" /><ent r="3" t="31" w="477" /><ent r="4" t="31" w="621" /><ent r="4" t="31" w="824" /><ent r="3" t="32" w="208" /><ent r="4" t="32" w="315" /><ent r="3" t="38" w="72" /><ent r="3" t="46" w="396" /><ent r="3" t="55" w="24" /><ent r="3" t="55" w="29" /><ent r="3" t="55" w="40" /><ent r="3" t="55" w="44" /><ent r="3" t="55" w="54" /><ent r="3" t="55" w="177" /><ent r="3" t="55" w="195" /><ent r="3" t="55" w="200" /><ent r="3" t="55" w="251" /><ent r="3" t="57" w="30" /><ent r="3" t="57" w="37" /><ent r="3" t="57" w="66" /><ent r="3" t="57" w="85" /><ent r="3" t="57" w="97" /><ent r="3" t="57" w="193" /><ent r="3" t="57" w="200" /><ent r="3" t="57" w="211" /><ent r="3" t="57" w="221" /><ent r="3" t="57" w="342" /><ent r="3" t="57" w="356" /><ent r="3" t="57" w="399" /></phr></stem><stem n=".txt"><phr n=".txt"><ent r="3" t="2" w="68" /><ent r="3" t="9" w="33" /><ent r="3" t="9" w="187" /></phr></stem><stem n="spectrum.txt"><phr n="spectrum.txt"><ent r="3" t="2" w="68" /><ent r="3" t="2" w="67" /><ent r="3" t="2" w="171" /><ent r="3" t="2" w="170" /><ent r="5" t="2" w="251" /><ent r="5" t="2" w="250" /><ent r="3" t="2" w="268" /><ent r="3" t="2" w="267" /></phr></stem><stem n="txt"><phr n="txt"><ent r="3" t="2" w="68" /><ent r="3" t="2" w="171" /><ent r="5" t="2" w="251" /><ent r="3" t="2" w="268" /><ent r="3" t="9" w="33" /><ent r="3" t="9" w="89" /><ent r="5" t="9" w="168" /><ent r="3" t="9" w="187" /><ent r="3" t="47" w="289" /></phr></stem><stem n="file"><phr n="files"><ent r="3" t="2" w="69" /><ent r="3" t="2" w="71" /><ent r="3" t="2" w="263" /><ent r="4" t="2" w="280" /><ent r="3" t="5" w="28" /><ent r="3" t="5" w="37" /><ent r="3" t="7" w="100" /><ent r="3" t="7" w="134" /><ent r="3" t="8" w="118" /><ent r="3" t="9" w="180" /><ent r="4" t="9" w="225" /><ent r="3" t="10" w="236" /><ent r="3" t="11" w="132" /><ent r="4" t="12" w="422" /><ent r="3" t="13" w="89" /><ent r="4" t="15" w="48" /><ent r="4" t="16" w="135" /><ent r="4" t="16" w="160" /><ent r="4" t="16" w="195" /><ent r="4" t="16" w="244" /><ent r="4" t="21" w="156" /><ent r="5" t="25" w="229" /><ent r="3" t="41" w="35" /><ent r="3" t="52" w="32" /><ent r="4" t="53" w="25" /><ent r="4" t="54" w="25" /></phr><phr n="File"><ent r="5" t="2" w="146" /><ent r="5" t="3" w="58" /><ent r="5" t="5" w="42" /><ent r="5" t="7" w="354" /><ent r="5" t="8" w="308" /><ent r="5" t="12" w="412" /><ent r="5" t="20" w="85" /><ent r="5" t="20" w="90" /><ent r="5" t="22" w="27" /><ent r="6" t="25" w="209" /><ent r="3" t="25" w="443" /><ent r="4" t="38" w="414" /><ent r="4" t="47" w="297" /><ent r="5" t="47" w="348" /><ent r="3" t="47" w="581" /><ent r="4" t="48" w="270" /><ent r="5" t="48" w="331" /></phr><phr n="Files"><ent r="3" t="2" w="169" /><ent r="3" t="2" w="174" /><ent r="3" t="2" w="221" /><ent r="4" t="2" w="237" /><ent r="5" t="2" w="249" /><ent r="4" t="2" w="298" /><ent r="3" t="9" w="86" /><ent r="3" t="9" w="92" /><ent r="3" t="9" w="138" /><ent r="5" t="9" w="153" /><ent r="5" t="9" w="165" /><ent r="4" t="9" w="216" /><ent r="3" t="10" w="143" /><ent r="3" t="10" w="147" /><ent r="3" t="10" w="194" /><ent r="4" t="10" w="210" /><ent r="5" t="10" w="222" /><ent r="4" t="10" w="269" /><ent r="5" t="16" w="93" /><ent r="4" t="16" w="112" /><ent r="4" t="16" w="175" /><ent r="3" t="30" w="233" /><ent r="3" t="30" w="257" /><ent r="3" t="31" w="406" /><ent r="3" t="31" w="418" /><ent r="3" t="32" w="389" /><ent r="3" t="32" w="410" /><ent r="4" t="36" w="315" /><ent r="4" t="47" w="269" /><ent r="3" t="47" w="286" /><ent r="4" t="48" w="248" /><ent r="3" t="48" w="257" /><ent r="5" t="53" w="37" /></phr><phr n="file"><ent r="3" t="2" w="260" /><ent r="3" t="2" w="265" /><ent r="4" t="2" w="290" /><ent r="4" t="2" w="305" /><ent r="4" t="3" w="91" /><ent r="4" t="5" w="77" /><ent r="3" t="7" w="81" /><ent r="3" t="7" w="85" /><ent r="3" t="7" w="119" /><ent r="3" t="7" w="128" /><ent r="3" t="7" w="320" /><ent r="4" t="7" w="389" /><ent r="3" t="8" w="99" /><ent r="3" t="8" w="103" /><ent r="3" t="8" w="275" /><ent r="4" t="8" w="340" /><ent r="4" t="8" w="356" /><ent r="3" t="9" w="19" /><ent r="3" t="9" w="34" /><ent r="3" t="9" w="177" /><ent r="3" t="9" w="182" /><ent r="4" t="9" w="197" /><ent r="4" t="9" w="209" /><ent r="4" t="9" w="223" /><ent r="3" t="10" w="40" /><ent r="3" t="10" w="55" /><ent r="3" t="10" w="72" /><ent r="3" t="10" w="233" /><ent r="3" t="10" w="238" /><ent r="4" t="10" w="251" /><ent r="4" t="10" w="262" /><ent r="4" t="10" w="277" /><ent r="3" t="11" w="178" /><ent r="3" t="11" w="233" /><ent r="3" t="11" w="247" /><ent r="4" t="11" w="322" /><ent r="3" t="11" w="353" /><ent r="3" t="11" w="373" /><ent r="3" t="11" w="392" /><ent r="6" t="12" w="154" /><ent r="5" t="12" w="160" /><ent r="5" t="12" w="172" /><ent r="4" t="12" w="441" /><ent r="3" t="12" w="446" /><ent r="3" t="12" w="452" /><ent r="4" t="12" w="467" /><ent r="3" t="13" w="70" /><ent r="3" t="13" w="96" /><ent r="4" t="15" w="55" /><ent r="4" t="15" w="61" /><ent r="4" t="15" w="64" /><ent r="4" t="15" w="102" /><ent r="4" t="15" w="127" /><ent r="4" t="15" w="187" /><ent r="4" t="15" w="229" /><ent r="4" t="16" w="121" /><ent r="4" t="16" w="154" /><ent r="3" t="18" w="48" /><ent r="3" t="19" w="82" /><ent r="3" t="19" w="85" /><ent r="3" t="21" w="33" /><ent r="4" t="21" w="169" /><ent r="4" t="21" w="174" /><ent r="4" t="21" w="179" /><ent r="4" t="21" w="224" /><ent r="4" t="21" w="249" /><ent r="4" t="22" w="49" /><ent r="5" t="25" w="198" /><ent r="5" t="25" w="224" /><ent r="5" t="25" w="243" /><ent r="3" t="25" w="453" /><ent r="4" t="26" w="38" /><ent r="4" t="26" w="56" /><ent r="4" t="26" w="70" /><ent r="3" t="30" w="163" /><ent r="3" t="30" w="202" /><ent r="3" t="30" w="228" /><ent r="3" t="30" w="242" /><ent r="3" t="30" w="250" /><ent r="3" t="30" w="268" /><ent r="3" t="30" w="287" /><ent r="3" t="30" w="292" /><ent r="3" t="31" w="317" /><ent r="3" t="31" w="365" /><ent r="3" t="31" w="392" /><ent r="3" t="31" w="401" /><ent r="3" t="31" w="429" /><ent r="3" t="31" w="451" /><ent r="3" t="31" w="456" /><ent r="4" t="31" w="719" /><ent r="4" t="32" w="320" /><ent r="3" t="32" w="384" /><ent r="3" t="32" w="398" /><ent r="3" t="32" w="404" /><ent r="3" t="32" w="421" /><ent r="3" t="32" w="440" /><ent r="3" t="32" w="445" /><ent r="4" t="36" w="288" /><ent r="4" t="36" w="301" /><ent r="4" t="36" w="309" /><ent r="4" t="36" w="323" /><ent r="4" t="36" w="342" /><ent r="4" t="36" w="347" /><ent r="4" t="38" w="359" /><ent r="3" t="38" w="375" /><ent r="3" t="38" w="422" /><ent r="3" t="38" w="432" /><ent r="3" t="38" w="440" /><ent r="3" t="38" w="450" /><ent r="3" t="47" w="29" /><ent r="3" t="47" w="40" /><ent r="3" t="47" w="46" /><ent r="3" t="47" w="130" /><ent r="3" t="47" w="278" /><ent r="3" t="47" w="292" /><ent r="3" t="47" w="321" /><ent r="3" t="47" w="325" /><ent r="4" t="47" w="338" /><ent r="4" t="47" w="343" /><ent r="3" t="47" w="368" /><ent r="3" t="47" w="381" /><ent r="3" t="47" w="385" /><ent r="3" t="47" w="427" /><ent r="3" t="47" w="446" /><ent r="3" t="47" w="573" /><ent r="3" t="48" w="39" /><ent r="3" t="48" w="261" /><ent r="3" t="48" w="265" /><ent r="3" t="48" w="280" /><ent r="3" t="48" w="293" /><ent r="4" t="48" w="323" /><ent r="4" t="48" w="326" /><ent r="4" t="48" w="345" /><ent r="4" t="48" w="397" /><ent r="4" t="48" w="401" /><ent r="3" t="48" w="418" /><ent r="3" t="48" w="431" /><ent r="3" t="48" w="435" /><ent r="3" t="48" w="477" /><ent r="3" t="48" w="496" /><ent r="3" t="52" w="10" /><ent r="3" t="52" w="19" /></phr></stem><stem n="wavelength"><phr n="wavelength"><ent r="3" t="2" w="73" /><ent r="3" t="2" w="78" /><ent r="3" t="47" w="68" /><ent r="3" t="60" w="106" /></phr><phr n="Wavelength"><ent r="6" t="7" w="154" /><ent r="6" t="8" w="122" /></phr><phr n="wavelengths"><ent r="4" t="40" w="66" /><ent r="3" t="45" w="207" /><ent r="3" t="45" w="218" /><ent r="3" t="45" w="233" /></phr><phr n="Wavelengths"><ent r="3" t="46" w="202" /></phr></stem><stem n="transmitt"><phr n="transmittance"><ent r="3" t="2" w="80" /><ent r="3" t="60" w="140" /></phr></stem><stem n="custom"><phr n="custom"><ent r="3" t="2" w="86" /><ent r="3" t="33" w="39" /></phr><phr n="Custom"><ent r="3" t="42" w="94" /><ent r="3" t="43" w="120" /><ent r="3" t="45" w="193" /><ent r="3" t="45" w="201" /><ent r="3" t="46" w="552" /><ent r="3" t="46" w="614" /></phr></stem><stem n="option"><phr n="options"><ent r="3" t="2" w="88" /><ent r="3" t="4" w="27" /><ent r="3" t="4" w="51" /><ent r="3" t="4" w="62" /><ent r="4" t="4" w="94" /><ent r="100" t="6" w="14" /><ent r="4" t="12" w="356" /><ent r="4" t="12" w="476" /><ent r="4" t="20" w="117" /><ent r="5" t="25" w="173" /><ent r="3" t="31" w="793" /><ent r="3" t="33" w="75" /><ent r="100" t="35" w="14" /><ent r="3" t="35" w="25" /><ent r="3" t="35" w="46" /><ent r="4" t="35" w="94" /><ent r="4" t="35" w="101" /><ent r="4" t="35" w="110" /><ent r="4" t="35" w="398" /><ent r="3" t="40" w="483" /><ent r="3" t="40" w="496" /><ent r="100" t="46" w="27" /><ent r="3" t="46" w="44" /><ent r="3" t="46" w="69" /></phr><phr n="Options"><ent r="64" t="3" w="103" /><ent r="1000" t="4" w="4" /><ent r="102" t="4" w="9" /><ent r="100" t="4" w="14" /><ent r="100" t="4" w="16" /><ent r="5" t="4" w="35" /><ent r="92" t="4" w="109" /><ent r="92" t="4" w="113" /><ent r="3" t="5" w="134" /><ent r="64" t="5" w="141" /><ent r="64" t="5" w="154" /><ent r="1000" t="6" w="4" /><ent r="102" t="6" w="9" /><ent r="100" t="6" w="16" /><ent r="5" t="6" w="42" /><ent r="5" t="12" w="350" /><ent r="5" t="20" w="105" /><ent r="4" t="20" w="109" /><ent r="64" t="34" w="505" /><ent r="1000" t="35" w="4" /><ent r="102" t="35" w="9" /><ent r="100" t="35" w="16" /><ent r="5" t="35" w="65" /><ent r="4" t="35" w="78" /><ent r="92" t="35" w="124" /><ent r="92" t="35" w="333" /><ent r="64" t="36" w="838" /><ent r="65" t="37" w="315" /><ent r="64" t="37" w="576" /><ent r="100" t="46" w="11" /><ent r="5" t="46" w="50" /><ent r="92" t="46" w="176" /><ent r="5" t="48" w="349" /><ent r="4" t="48" w="356" /></phr><phr n="option"><ent r="4" t="7" w="386" /><ent r="4" t="8" w="337" /><ent r="3" t="9" w="95" /><ent r="3" t="10" w="150" /><ent r="5" t="12" w="180" /><ent r="4" t="12" w="458" /><ent r="3" t="30" w="175" /><ent r="3" t="31" w="329" /><ent r="4" t="31" w="668" /><ent r="4" t="31" w="846" /><ent r="4" t="31" w="866" /><ent r="4" t="32" w="284" /><ent r="3" t="37" w="554" /><ent r="3" t="37" w="567" /><ent r="3" t="38" w="343" /><ent r="3" t="38" w="363" /><ent r="3" t="38" w="385" /><ent r="3" t="38" w="402" /><ent r="3" t="46" w="182" /><ent r="3" t="50" w="17" /></phr><phr n="Optional"><ent r="5" t="25" w="249" /></phr></stem><stem n="export"><phr n="exporter"><ent r="3" t="2" w="96" /><ent r="3" t="19" w="81" /><ent r="4" t="20" w="123" /><ent r="3" t="47" w="283" /><ent r="3" t="48" w="121" /><ent r="4" t="48" w="373" /></phr><phr n="Export"><ent r="3" t="19" w="58" /><ent r="3" t="20" w="51" /><ent r="4" t="20" w="108" /><ent r="4" t="47" w="249" /><ent r="3" t="47" w="422" /><ent r="3" t="47" w="465" /><ent r="3" t="47" w="536" /><ent r="4" t="48" w="229" /><ent r="4" t="48" w="355" /><ent r="3" t="48" w="472" /><ent r="3" t="48" w="516" /></phr><phr n="Exporter"><ent r="5" t="20" w="72" /><ent r="4" t="20" w="101" /><ent r="3" t="21" w="129" /><ent r="3" t="21" w="137" /><ent r="4" t="21" w="145" /><ent r="4" t="21" w="187" /><ent r="65" t="21" w="206" /><ent r="4" t="21" w="258" /><ent r="1000" t="47" w="2" /><ent r="102" t="47" w="5" /><ent r="100" t="47" w="8" /><ent r="3" t="47" w="17" /><ent r="3" t="47" w="35" /><ent r="3" t="47" w="80" /><ent r="3" t="47" w="119" /><ent r="64" t="47" w="166" /><ent r="4" t="47" w="257" /><ent r="5" t="47" w="261" /><ent r="4" t="47" w="557" /><ent r="4" t="47" w="564" /><ent r="3" t="47" w="589" /><ent r="1000" t="48" w="4" /><ent r="102" t="48" w="9" /><ent r="100" t="48" w="16" /><ent r="3" t="48" w="22" /><ent r="3" t="48" w="65" /><ent r="3" t="48" w="99" /><ent r="64" t="48" w="138" /><ent r="92" t="48" w="151" /><ent r="4" t="48" w="234" /><ent r="4" t="48" w="244" /></phr><phr n="export"><ent r="4" t="20" w="116" /><ent r="4" t="20" w="125" /><ent r="3" t="47" w="123" /><ent r="3" t="47" w="137" /><ent r="3" t="47" w="156" /><ent r="3" t="47" w="175" /><ent r="92" t="47" w="189" /><ent r="4" t="47" w="205" /><ent r="92" t="47" w="470" /><ent r="3" t="48" w="131" /><ent r="92" t="48" w="142" /></phr><phr n="exporters"><ent r="3" t="21" w="117" /></phr><phr n="Exporters"><ent r="100" t="47" w="10" /><ent r="100" t="48" w="11" /></phr><phr n="exports"><ent r="3" t="47" w="496" /></phr><phr n="exported"><ent r="3" t="48" w="129" /></phr></stem><stem n="wai"><phr n="ways"><ent r="3" t="2" w="101" /><ent r="3" t="9" w="40" /><ent r="3" t="10" w="92" /><ent r="3" t="47" w="85" /><ent r="3" t="48" w="70" /></phr><phr n="way"><ent r="3" t="37" w="255" /><ent r="3" t="40" w="456" /></phr></stem><stem n="cem"><phr n="CEM"><ent r="65" t="2" w="115" /><ent r="65" t="9" w="47" /><ent r="65" t="10" w="101" /><ent r="64" t="27" w="25" /><ent r="1000" t="31" w="4" /><ent r="102" t="31" w="9" /><ent r="100" t="31" w="11" /><ent r="65" t="31" w="23" /><ent r="3" t="31" w="46" /><ent r="3" t="31" w="65" /><ent r="3" t="31" w="87" /><ent r="3" t="31" w="105" /><ent r="3" t="31" w="129" /><ent r="5" t="31" w="208" /><ent r="3" t="31" w="231" /><ent r="3" t="31" w="298" /><ent r="3" t="31" w="467" /><ent r="3" t="31" w="499" /><ent r="4" t="31" w="547" /><ent r="4" t="31" w="578" /><ent r="4" t="31" w="646" /><ent r="4" t="31" w="688" /><ent r="4" t="31" w="696" /><ent r="4" t="31" w="738" /><ent r="4" t="31" w="754" /><ent r="4" t="31" w="761" /><ent r="3" t="31" w="784" /><ent r="4" t="31" w="800" /><ent r="4" t="31" w="843" /><ent r="64" t="31" w="918" /><ent r="65" t="33" w="19" /><ent r="3" t="33" w="70" /><ent r="5" t="33" w="101" /><ent r="5" t="33" w="277" /><ent r="5" t="33" w="340" /><ent r="64" t="34" w="205" /><ent r="125" t="36" w="43" /><ent r="66" t="37" w="442" /><ent r="1000" t="55" w="1" /><ent r="102" t="55" w="5" /><ent r="64" t="55" w="9" /><ent r="65" t="55" w="31" /><ent r="3" t="55" w="56" /><ent r="3" t="55" w="83" /><ent r="3" t="55" w="96" /><ent r="3" t="55" w="103" /><ent r="3" t="55" w="121" /><ent r="3" t="55" w="146" /><ent r="3" t="55" w="274" /><ent r="1000" t="56" w="1" /><ent r="66" t="56" w="9" /></phr></stem><stem n="sam"><phr n="SAM"><ent r="65" t="2" w="118" /><ent r="65" t="9" w="50" /><ent r="65" t="10" w="104" /><ent r="64" t="27" w="27" /><ent r="1000" t="32" w="4" /><ent r="102" t="32" w="9" /><ent r="100" t="32" w="15" /><ent r="65" t="32" w="22" /><ent r="3" t="32" w="48" /><ent r="3" t="32" w="66" /><ent r="3" t="32" w="79" /><ent r="3" t="32" w="96" /><ent r="3" t="32" w="134" /><ent r="3" t="32" w="162" /><ent r="3" t="32" w="178" /><ent r="64" t="32" w="188" /><ent r="3" t="32" w="227" /><ent r="5" t="32" w="249" /><ent r="3" t="32" w="455" /><ent r="4" t="32" w="482" /><ent r="4" t="32" w="515" /><ent r="4" t="32" w="546" /><ent r="4" t="32" w="587" /><ent r="4" t="32" w="630" /><ent r="4" t="32" w="650" /><ent r="65" t="33" w="27" /><ent r="3" t="33" w="80" /><ent r="64" t="34" w="201" /><ent r="64" t="36" w="39" /><ent r="66" t="37" w="434" /><ent r="64" t="40" w="50" /><ent r="66" t="40" w="128" /><ent r="3" t="40" w="280" /><ent r="1000" t="57" w="1" /><ent r="102" t="57" w="5" /><ent r="65" t="57" w="13" /><ent r="3" t="57" w="34" /><ent r="3" t="57" w="126" /><ent r="3" t="57" w="148" /><ent r="3" t="57" w="165" /><ent r="3" t="57" w="183" /><ent r="3" t="57" w="281" /><ent r="3" t="57" w="374" /><ent r="3" t="57" w="418" /><ent r="1000" t="58" w="1" /></phr></stem><stem n="builder"><phr n="Builder"><ent r="65" t="2" w="124" /><ent r="65" t="9" w="56" /><ent r="65" t="10" w="110" /><ent r="1000" t="13" w="3" /><ent r="102" t="13" w="7" /><ent r="100" t="13" w="11" /><ent r="3" t="13" w="16" /><ent r="3" t="13" w="34" /><ent r="3" t="13" w="60" /><ent r="3" t="13" w="82" /><ent r="3" t="13" w="115" /><ent r="3" t="13" w="132" /><ent r="4" t="13" w="150" /><ent r="3" t="13" w="156" /><ent r="64" t="13" w="214" /><ent r="100" t="14" w="9" /><ent r="5" t="14" w="37" /><ent r="3" t="14" w="43" /><ent r="64" t="14" w="108" /><ent r="100" t="15" w="8" /><ent r="5" t="15" w="165" /><ent r="4" t="15" w="220" /><ent r="64" t="15" w="305" /><ent r="100" t="16" w="10" /><ent r="4" t="16" w="52" /><ent r="3" t="16" w="272" /><ent r="64" t="16" w="307" /><ent r="100" t="17" w="10" /><ent r="4" t="17" w="27" /><ent r="64" t="17" w="98" /><ent r="100" t="18" w="8" /><ent r="3" t="18" w="41" /><ent r="4" t="18" w="54" /><ent r="64" t="18" w="113" /><ent r="100" t="19" w="7" /><ent r="4" t="19" w="30" /><ent r="64" t="19" w="140" /><ent r="100" t="20" w="8" /><ent r="4" t="20" w="23" /><ent r="64" t="20" w="167" /><ent r="1000" t="21" w="3" /><ent r="102" t="21" w="9" /><ent r="64" t="21" w="17" /><ent r="3" t="21" w="90" /><ent r="3" t="21" w="123" /><ent r="3" t="47" w="94" /><ent r="3" t="47" w="180" /><ent r="65" t="47" w="225" /><ent r="3" t="48" w="79" /><ent r="64" t="48" w="203" /></phr></stem><stem n="dialog"><phr n="dialog"><ent r="4" t="2" w="128" /><ent r="3" t="2" w="222" /><ent r="4" t="2" w="333" /><ent r="3" t="5" w="135" /><ent r="4" t="9" w="60" /><ent r="3" t="9" w="139" /><ent r="4" t="9" w="251" /><ent r="4" t="10" w="114" /><ent r="3" t="10" w="195" /><ent r="4" t="10" w="304" /><ent r="3" t="11" w="191" /><ent r="3" t="11" w="212" /><ent r="4" t="11" w="413" /><ent r="4" t="11" w="425" /><ent r="3" t="12" w="130" /><ent r="4" t="12" w="492" /><ent r="3" t="12" w="506" /><ent r="4" t="14" w="60" /><ent r="4" t="15" w="178" /><ent r="4" t="15" w="201" /><ent r="4" t="15" w="214" /><ent r="3" t="16" w="77" /><ent r="4" t="16" w="98" /><ent r="4" t="16" w="113" /><ent r="4" t="16" w="221" /><ent r="3" t="16" w="260" /><ent r="4" t="17" w="64" /><ent r="4" t="18" w="92" /><ent r="3" t="19" w="59" /><ent r="4" t="19" w="104" /><ent r="4" t="19" w="118" /><ent r="3" t="20" w="52" /><ent r="4" t="20" w="110" /><ent r="4" t="20" w="145" /><ent r="4" t="20" w="159" /><ent r="4" t="25" w="45" /><ent r="4" t="25" w="77" /><ent r="3" t="25" w="468" /><ent r="3" t="25" w="474" /><ent r="3" t="25" w="496" /><ent r="4" t="25" w="529" /><ent r="4" t="26" w="40" /><ent r="4" t="29" w="144" /><ent r="3" t="30" w="213" /><ent r="3" t="30" w="234" /><ent r="3" t="30" w="264" /><ent r="4" t="30" w="465" /><ent r="4" t="30" w="480" /><ent r="3" t="31" w="220" /><ent r="3" t="31" w="376" /><ent r="3" t="31" w="407" /><ent r="3" t="31" w="425" /><ent r="3" t="31" w="468" /><ent r="4" t="31" w="735" /><ent r="4" t="31" w="747" /><ent r="4" t="31" w="767" /><ent r="4" t="31" w="778" /><ent r="3" t="32" w="368" /><ent r="3" t="32" w="390" /><ent r="3" t="32" w="417" /><ent r="3" t="32" w="456" /><ent r="4" t="32" w="645" /><ent r="4" t="32" w="662" /><ent r="4" t="33" w="117" /><ent r="4" t="33" w="312" /><ent r="4" t="33" w="378" /><ent r="3" t="35" w="382" /><ent r="3" t="36" w="202" /><ent r="4" t="36" w="222" /><ent r="4" t="36" w="273" /><ent r="4" t="36" w="293" /><ent r="4" t="36" w="319" /><ent r="4" t="36" w="360" /><ent r="4" t="36" w="414" /><ent r="4" t="36" w="718" /><ent r="3" t="36" w="725" /><ent r="3" t="37" w="368" /><ent r="3" t="37" w="376" /><ent r="4" t="37" w="475" /><ent r="3" t="38" w="134" /><ent r="4" t="38" w="325" /><ent r="4" t="38" w="481" /><ent r="3" t="38" w="552" /><ent r="4" t="38" w="607" /><ent r="4" t="38" w="651" /><ent r="3" t="39" w="133" /><ent r="4" t="39" w="276" /><ent r="4" t="40" w="119" /><ent r="3" t="40" w="369" /><ent r="4" t="40" w="399" /><ent r="3" t="47" w="95" /><ent r="3" t="47" w="233" /><ent r="4" t="47" w="250" /><ent r="3" t="47" w="370" /><ent r="3" t="47" w="423" /><ent r="3" t="47" w="462" /><ent r="3" t="47" w="466" /><ent r="3" t="47" w="537" /><ent r="3" t="48" w="80" /><ent r="3" t="48" w="177" /><ent r="3" t="48" w="182" /><ent r="3" t="48" w="211" /><ent r="4" t="48" w="230" /><ent r="4" t="48" w="357" /><ent r="3" t="48" w="420" /><ent r="3" t="48" w="473" /><ent r="3" t="48" w="512" /><ent r="3" t="48" w="517" /><ent r="3" t="49" w="45" /><ent r="3" t="52" w="12" /><ent r="3" t="57" w="419" /></phr></stem><stem n="featur"><phr n="feature"><ent r="4" t="2" w="140" /><ent r="4" t="9" w="74" /><ent r="4" t="10" w="128" /><ent r="3" t="35" w="284" /><ent r="3" t="35" w="307" /><ent r="3" t="46" w="323" /><ent r="3" t="47" w="101" /><ent r="3" t="47" w="112" /><ent r="3" t="48" w="92" /></phr></stem></index>