﻿<?xml version="1.0" encoding="utf-8"?><index><stem n="signatur"><phr n="Signature"><ent r="6" t="1" w="81" /><ent r="6" t="1" w="89" /><ent r="67" t="1" w="95" /><ent r="6" t="1" w="103" /><ent r="6" t="1" w="114" /><ent r="67" t="1" w="120" /><ent r="6" t="1" w="125" /><ent r="67" t="1" w="152" /><ent r="6" t="1" w="161" /><ent r="67" t="1" w="170" /><ent r="6" t="1" w="176" /><ent r="67" t="1" w="182" /><ent r="6" t="1" w="276" /><ent r="6" t="1" w="437" /><ent r="1000" t="2" w="3" /><ent r="102" t="2" w="8" /><ent r="100" t="2" w="13" /><ent r="3" t="2" w="28" /><ent r="3" t="2" w="63" /><ent r="3" t="2" w="107" /><ent r="4" t="2" w="132" /><ent r="5" t="2" w="138" /><ent r="3" t="2" w="159" /><ent r="3" t="2" w="168" /><ent r="3" t="2" w="184" /><ent r="4" t="2" w="193" /><ent r="5" t="2" w="202" /><ent r="3" t="2" w="220" /><ent r="4" t="2" w="232" /><ent r="5" t="2" w="248" /><ent r="4" t="2" w="320" /><ent r="4" t="2" w="327" /><ent r="4" t="2" w="340" /><ent r="1000" t="9" w="1" /><ent r="102" t="9" w="4" /><ent r="100" t="9" w="7" /><ent r="3" t="9" w="13" /><ent r="3" t="9" w="44" /><ent r="65" t="9" w="65" /><ent r="5" t="9" w="72" /><ent r="3" t="9" w="77" /><ent r="3" t="9" w="85" /><ent r="3" t="9" w="100" /><ent r="4" t="9" w="109" /><ent r="5" t="9" w="117" /><ent r="3" t="9" w="137" /><ent r="4" t="9" w="147" /><ent r="5" t="9" w="164" /><ent r="4" t="9" w="240" /><ent r="4" t="9" w="245" /><ent r="4" t="9" w="256" /><ent r="1000" t="10" w="2" /><ent r="102" t="10" w="7" /><ent r="100" t="10" w="14" /><ent r="3" t="10" w="20" /><ent r="3" t="10" w="77" /><ent r="3" t="10" w="97" /><ent r="65" t="10" w="119" /><ent r="5" t="10" w="126" /><ent r="3" t="10" w="132" /><ent r="3" t="10" w="141" /><ent r="3" t="10" w="156" /><ent r="4" t="10" w="166" /><ent r="5" t="10" w="175" /><ent r="3" t="10" w="193" /><ent r="4" t="10" w="204" /><ent r="5" t="10" w="220" /><ent r="4" t="10" w="290" /><ent r="4" t="10" w="297" /><ent r="4" t="10" w="310" /><ent r="5" t="11" w="310" /><ent r="5" t="15" w="81" /><ent r="4" t="15" w="132" /><ent r="3" t="16" w="75" /><ent r="4" t="16" w="111" /><ent r="3" t="16" w="258" /><ent r="64" t="16" w="291" /><ent r="64" t="16" w="298" /><ent r="1000" t="17" w="3" /><ent r="102" t="17" w="18" /><ent r="1000" t="19" w="3" /><ent r="102" t="19" w="14" /><ent r="64" t="19" w="133" /><ent r="4" t="20" w="99" /><ent r="3" t="21" w="133" /><ent r="65" t="21" w="198" /><ent r="65" t="21" w="204" /><ent r="4" t="21" w="254" /><ent r="64" t="30" w="195" /><ent r="3" t="30" w="232" /><ent r="3" t="30" w="298" /><ent r="64" t="31" w="357" /><ent r="3" t="31" w="405" /><ent r="3" t="31" w="463" /><ent r="5" t="31" w="797" /><ent r="65" t="32" w="304" /><ent r="65" t="32" w="349" /><ent r="3" t="32" w="388" /><ent r="3" t="32" w="451" /><ent r="1000" t="33" w="3" /><ent r="102" t="33" w="8" /><ent r="92" t="33" w="86" /><ent r="4" t="33" w="115" /><ent r="92" t="33" w="262" /><ent r="4" t="33" w="310" /><ent r="5" t="34" w="318" /><ent r="4" t="34" w="367" /><ent r="65" t="36" w="244" /><ent r="4" t="36" w="291" /><ent r="5" t="37" w="64" /><ent r="4" t="37" w="114" /><ent r="5" t="37" w="467" /><ent r="4" t="37" w="505" /><ent r="5" t="37" w="512" /><ent r="3" t="37" w="552" /><ent r="64" t="37" w="574" /><ent r="3" t="40" w="367" /><ent r="1000" t="41" w="1" /><ent r="102" t="41" w="6" /><ent r="100" t="41" w="11" /><ent r="3" t="41" w="19" /><ent r="4" t="41" w="43" /><ent r="3" t="41" w="58" /><ent r="3" t="41" w="63" /><ent r="64" t="41" w="92" /><ent r="64" t="41" w="97" /><ent r="64" t="41" w="108" /><ent r="64" t="41" w="110" /><ent r="1000" t="42" w="3" /><ent r="102" t="42" w="8" /><ent r="100" t="42" w="13" /><ent r="100" t="42" w="16" /><ent r="100" t="42" w="20" /><ent r="100" t="42" w="25" /><ent r="3" t="42" w="32" /><ent r="3" t="42" w="46" /><ent r="3" t="42" w="77" /><ent r="3" t="42" w="103" /><ent r="64" t="42" w="129" /><ent r="64" t="42" w="138" /><ent r="1000" t="43" w="3" /><ent r="102" t="43" w="7" /><ent r="100" t="43" w="11" /><ent r="100" t="43" w="14" /><ent r="3" t="43" w="21" /><ent r="4" t="43" w="48" /><ent r="64" t="43" w="148" /><ent r="64" t="43" w="159" /><ent r="64" t="43" w="162" /><ent r="1000" t="44" w="8" /><ent r="102" t="44" w="17" /><ent r="64" t="44" w="174" /><ent r="64" t="44" w="185" /><ent r="64" t="44" w="188" /><ent r="1000" t="45" w="5" /><ent r="102" t="45" w="11" /><ent r="100" t="45" w="16" /><ent r="100" t="45" w="20" /><ent r="3" t="45" w="30" /><ent r="4" t="45" w="64" /><ent r="3" t="45" w="84" /><ent r="3" t="45" w="178" /><ent r="3" t="45" w="236" /><ent r="3" t="45" w="249" /><ent r="3" t="45" w="257" /><ent r="3" t="45" w="275" /><ent r="64" t="45" w="286" /><ent r="64" t="45" w="297" /><ent r="64" t="45" w="300" /><ent r="1000" t="46" w="1" /><ent r="100" t="46" w="8" /><ent r="100" t="46" w="12" /><ent r="102" t="46" w="15" /><ent r="100" t="46" w="20" /><ent r="100" t="46" w="25" /><ent r="5" t="46" w="63" /><ent r="3" t="46" w="67" /><ent r="92" t="46" w="75" /><ent r="92" t="46" w="174" /><ent r="82" t="46" w="178" /><ent r="3" t="46" w="300" /><ent r="3" t="46" w="412" /><ent r="82" t="46" w="634" /><ent r="3" t="46" w="645" /><ent r="3" t="46" w="692" /><ent r="3" t="46" w="700" /><ent r="3" t="46" w="737" /><ent r="3" t="46" w="775" /><ent r="3" t="46" w="791" /><ent r="64" t="46" w="818" /><ent r="3" t="47" w="56" /><ent r="66" t="47" w="158" /><ent r="5" t="47" w="198" /><ent r="3" t="47" w="453" /><ent r="3" t="47" w="464" /><ent r="1000" t="49" w="1" /><ent r="102" t="49" w="4" /><ent r="100" t="49" w="7" /><ent r="3" t="49" w="16" /><ent r="3" t="49" w="34" /><ent r="3" t="49" w="79" /><ent r="3" t="49" w="104" /><ent r="3" t="49" w="118" /><ent r="64" t="49" w="164" /><ent r="64" t="49" w="185" /><ent r="4" t="49" w="197" /><ent r="4" t="49" w="256" /><ent r="3" t="49" w="285" /><ent r="3" t="49" w="485" /><ent r="4" t="49" w="521" /><ent r="4" t="49" w="563" /><ent r="3" t="49" w="588" /><ent r="1000" t="50" w="2" /><ent r="102" t="50" w="7" /><ent r="100" t="50" w="14" /><ent r="3" t="50" w="20" /><ent r="3" t="50" w="63" /><ent r="3" t="50" w="83" /><ent r="3" t="50" w="97" /><ent r="64" t="50" w="137" /><ent r="92" t="50" w="149" /><ent r="4" t="50" w="159" /><ent r="4" t="50" w="242" /><ent r="3" t="50" w="255" /></phr><phr n="Signatures"><ent r="6" t="1" w="156" /><ent r="67" t="1" w="165" /><ent r="65" t="14" w="84" /><ent r="65" t="15" w="270" /><ent r="1000" t="16" w="2" /><ent r="102" t="16" w="15" /><ent r="4" t="16" w="239" /><ent r="64" t="17" w="79" /><ent r="64" t="19" w="125" /><ent r="64" t="20" w="181" /><ent r="5" t="30" w="89" /><ent r="3" t="30" w="129" /><ent r="4" t="30" w="166" /><ent r="5" t="31" w="303" /><ent r="4" t="31" w="320" /><ent r="3" t="31" w="508" /><ent r="5" t="32" w="262" /><ent r="5" t="32" w="274" /><ent r="5" t="32" w="324" /><ent r="4" t="32" w="491" /><ent r="4" t="33" w="282" /><ent r="92" t="35" w="332" /><ent r="4" t="36" w="217" /><ent r="5" t="37" w="355" /><ent r="3" t="37" w="374" /><ent r="4" t="40" w="287" /><ent r="3" t="40" w="364" /><ent r="100" t="41" w="16" /><ent r="64" t="41" w="101" /><ent r="100" t="43" w="16" /><ent r="3" t="43" w="138" /><ent r="1000" t="44" w="3" /><ent r="102" t="44" w="12" /><ent r="100" t="44" w="21" /><ent r="100" t="44" w="24" /><ent r="100" t="44" w="26" /><ent r="4" t="44" w="46" /><ent r="3" t="44" w="127" /><ent r="3" t="44" w="164" /><ent r="100" t="45" w="22" /><ent r="92" t="46" w="116" /><ent r="92" t="46" w="156" /><ent r="4" t="47" w="101" /><ent r="5" t="47" w="129" /><ent r="5" t="47" w="263" /><ent r="5" t="47" w="275" /><ent r="92" t="47" w="604" /><ent r="4" t="47" w="610" /><ent r="4" t="49" w="110" /><ent r="5" t="49" w="215" /><ent r="3" t="49" w="229" /><ent r="5" t="49" w="532" /></phr><phr n="signatures"><ent r="6" t="1" w="190" /><ent r="6" t="1" w="194" /><ent r="6" t="1" w="273" /><ent r="6" t="1" w="285" /><ent r="6" t="1" w="357" /><ent r="6" t="1" w="434" /><ent r="6" t="1" w="446" /><ent r="3" t="10" w="61" /><ent r="3" t="10" w="83" /><ent r="3" t="11" w="115" /><ent r="3" t="13" w="26" /><ent r="3" t="13" w="44" /><ent r="65" t="13" w="179" /><ent r="4" t="14" w="77" /><ent r="4" t="15" w="120" /><ent r="4" t="15" w="263" /><ent r="100" t="16" w="12" /><ent r="3" t="16" w="26" /><ent r="4" t="16" w="166" /><ent r="4" t="16" w="181" /><ent r="4" t="16" w="213" /><ent r="4" t="16" w="218" /><ent r="3" t="16" w="264" /><ent r="4" t="19" w="55" /><ent r="3" t="21" w="24" /><ent r="3" t="21" w="37" /><ent r="3" t="21" w="66" /><ent r="3" t="21" w="79" /><ent r="4" t="21" w="242" /><ent r="3" t="28" w="42" /><ent r="3" t="30" w="182" /><ent r="3" t="30" w="190" /><ent r="3" t="31" w="120" /><ent r="3" t="31" w="342" /><ent r="3" t="31" w="352" /><ent r="3" t="32" w="43" /><ent r="3" t="32" w="160" /><ent r="4" t="32" w="270" /><ent r="4" t="32" w="291" /><ent r="4" t="32" w="299" /><ent r="4" t="32" w="336" /><ent r="4" t="32" w="344" /><ent r="3" t="33" w="43" /><ent r="3" t="33" w="144" /><ent r="4" t="33" w="155" /><ent r="3" t="33" w="239" /><ent r="3" t="33" w="252" /><ent r="4" t="33" w="345" /><ent r="3" t="34" w="42" /><ent r="4" t="34" w="125" /><ent r="4" t="34" w="134" /><ent r="4" t="34" w="138" /><ent r="3" t="34" w="156" /><ent r="3" t="34" w="163" /><ent r="5" t="34" w="323" /><ent r="4" t="34" w="480" /><ent r="4" t="34" w="493" /><ent r="4" t="36" w="187" /><ent r="4" t="36" w="231" /><ent r="4" t="36" w="239" /><ent r="4" t="36" w="249" /><ent r="4" t="36" w="364" /><ent r="4" t="36" w="399" /><ent r="4" t="36" w="721" /><ent r="5" t="37" w="69" /><ent r="4" t="37" w="227" /><ent r="4" t="37" w="240" /><ent r="4" t="37" w="338" /><ent r="4" t="37" w="456" /><ent r="4" t="37" w="491" /><ent r="4" t="37" w="557" /><ent r="4" t="37" w="597" /><ent r="3" t="40" w="270" /><ent r="3" t="40" w="275" /><ent r="3" t="40" w="316" /><ent r="3" t="40" w="374" /><ent r="3" t="41" w="29" /><ent r="3" t="41" w="72" /><ent r="3" t="42" w="53" /><ent r="3" t="42" w="82" /><ent r="3" t="43" w="27" /><ent r="3" t="43" w="127" /><ent r="3" t="44" w="111" /><ent r="3" t="44" w="138" /><ent r="3" t="44" w="148" /><ent r="3" t="45" w="131" /><ent r="3" t="46" w="122" /><ent r="3" t="46" w="165" /><ent r="82" t="46" w="206" /><ent r="3" t="46" w="213" /><ent r="3" t="46" w="234" /><ent r="4" t="46" w="272" /><ent r="4" t="46" w="310" /><ent r="82" t="46" w="427" /><ent r="3" t="46" w="440" /><ent r="3" t="46" w="467" /><ent r="3" t="46" w="478" /><ent r="3" t="46" w="652" /><ent r="3" t="46" w="729" /><ent r="3" t="47" w="23" /><ent r="3" t="47" w="39" /><ent r="5" t="47" w="118" /><ent r="5" t="47" w="126" /><ent r="5" t="47" w="145" /><ent r="5" t="47" w="153" /><ent r="5" t="47" w="272" /><ent r="4" t="47" w="302" /><ent r="4" t="47" w="336" /><ent r="4" t="47" w="410" /><ent r="3" t="47" w="436" /><ent r="3" t="47" w="475" /><ent r="92" t="49" w="472" /><ent r="3" t="49" w="481" /><ent r="3" t="49" w="499" /><ent r="3" t="50" w="27" /><ent r="3" t="50" w="55" /><ent r="3" t="50" w="106" /><ent r="3" t="50" w="113" /><ent r="4" t="50" w="380" /><ent r="3" t="57" w="141" /><ent r="3" t="59" w="379" /></phr><phr n="signature"><ent r="6" t="1" w="267" /><ent r="6" t="1" w="397" /><ent r="6" t="1" w="407" /><ent r="6" t="1" w="428" /><ent r="3" t="2" w="33" /><ent r="3" t="2" w="259" /><ent r="4" t="2" w="279" /><ent r="4" t="2" w="289" /><ent r="4" t="2" w="304" /><ent r="3" t="9" w="18" /><ent r="3" t="9" w="176" /><ent r="4" t="9" w="196" /><ent r="4" t="9" w="208" /><ent r="4" t="9" w="222" /><ent r="3" t="10" w="27" /><ent r="3" t="11" w="131" /><ent r="3" t="13" w="69" /><ent r="3" t="13" w="88" /><ent r="65" t="13" w="187" /><ent r="65" t="13" w="202" /><ent r="4" t="15" w="89" /><ent r="4" t="16" w="120" /><ent r="4" t="16" w="134" /><ent r="4" t="16" w="153" /><ent r="4" t="16" w="179" /><ent r="4" t="16" w="188" /><ent r="4" t="16" w="194" /><ent r="4" t="16" w="243" /><ent r="100" t="17" w="12" /><ent r="4" t="17" w="31" /><ent r="4" t="17" w="42" /><ent r="4" t="17" w="53" /><ent r="100" t="19" w="10" /><ent r="3" t="19" w="20" /><ent r="4" t="19" w="35" /><ent r="4" t="19" w="74" /><ent r="4" t="20" w="122" /><ent r="4" t="20" w="127" /><ent r="4" t="21" w="172" /><ent r="3" t="30" w="227" /><ent r="3" t="30" w="241" /><ent r="3" t="30" w="283" /><ent r="4" t="30" w="391" /><ent r="3" t="31" w="93" /><ent r="3" t="31" w="346" /><ent r="3" t="31" w="391" /><ent r="3" t="31" w="447" /><ent r="3" t="31" w="524" /><ent r="4" t="31" w="631" /><ent r="4" t="31" w="806" /><ent r="4" t="31" w="850" /><ent r="4" t="31" w="882" /><ent r="4" t="31" w="913" /><ent r="3" t="32" w="357" /><ent r="3" t="32" w="383" /><ent r="3" t="32" w="397" /><ent r="3" t="32" w="436" /><ent r="4" t="32" w="471" /><ent r="3" t="33" w="16" /><ent r="3" t="33" w="46" /><ent r="3" t="33" w="176" /><ent r="4" t="34" w="89" /><ent r="4" t="34" w="100" /><ent r="4" t="34" w="130" /><ent r="4" t="34" w="252" /><ent r="4" t="34" w="273" /><ent r="4" t="34" w="360" /><ent r="4" t="34" w="433" /><ent r="4" t="34" w="449" /><ent r="4" t="34" w="489" /><ent r="3" t="35" w="355" /><ent r="3" t="35" w="377" /><ent r="4" t="36" w="90" /><ent r="4" t="36" w="111" /><ent r="4" t="36" w="287" /><ent r="4" t="36" w="300" /><ent r="4" t="36" w="338" /><ent r="4" t="36" w="418" /><ent r="4" t="36" w="496" /><ent r="3" t="36" w="732" /><ent r="4" t="37" w="107" /><ent r="4" t="37" w="180" /><ent r="4" t="37" w="196" /><ent r="4" t="37" w="236" /><ent r="4" t="37" w="292" /><ent r="4" t="37" w="483" /><ent r="4" t="37" w="519" /><ent r="4" t="37" w="531" /><ent r="4" t="37" w="560" /><ent r="4" t="37" w="600" /><ent r="3" t="41" w="34" /><ent r="3" t="41" w="37" /><ent r="4" t="43" w="64" /><ent r="3" t="43" w="68" /><ent r="3" t="43" w="74" /><ent r="3" t="43" w="104" /><ent r="3" t="43" w="110" /><ent r="4" t="44" w="58" /><ent r="4" t="44" w="68" /><ent r="3" t="44" w="131" /><ent r="3" t="44" w="153" /><ent r="3" t="45" w="34" /><ent r="4" t="45" w="77" /><ent r="3" t="45" w="90" /><ent r="3" t="45" w="113" /><ent r="3" t="45" w="124" /><ent r="3" t="45" w="143" /><ent r="3" t="45" w="169" /><ent r="3" t="45" w="184" /><ent r="3" t="45" w="264" /><ent r="3" t="46" w="34" /><ent r="3" t="46" w="82" /><ent r="3" t="46" w="193" /><ent r="3" t="46" w="224" /><ent r="3" t="46" w="242" /><ent r="82" t="46" w="318" /><ent r="4" t="46" w="329" /><ent r="3" t="46" w="340" /><ent r="3" t="46" w="353" /><ent r="82" t="46" w="430" /><ent r="3" t="46" w="451" /><ent r="3" t="46" w="513" /><ent r="3" t="46" w="546" /><ent r="3" t="46" w="568" /><ent r="3" t="46" w="580" /><ent r="3" t="46" w="597" /><ent r="3" t="46" w="615" /><ent r="3" t="46" w="628" /><ent r="3" t="47" w="33" /><ent r="5" t="47" w="193" /><ent r="5" t="47" w="209" /><ent r="5" t="47" w="247" /><ent r="5" t="47" w="253" /><ent r="4" t="47" w="371" /><ent r="3" t="47" w="441" /><ent r="3" t="47" w="502" /><ent r="3" t="47" w="540" /><ent r="3" t="47" w="564" /><ent r="3" t="47" w="582" /><ent r="3" t="47" w="592" /><ent r="4" t="47" w="627" /><ent r="3" t="47" w="643" /><ent r="3" t="47" w="676" /><ent r="3" t="49" w="39" /><ent r="3" t="49" w="140" /><ent r="3" t="49" w="159" /><ent r="92" t="49" w="192" /><ent r="4" t="49" w="201" /><ent r="3" t="49" w="237" /><ent r="3" t="49" w="320" /><ent r="4" t="49" w="337" /><ent r="4" t="49" w="342" /><ent r="3" t="49" w="445" /><ent r="3" t="49" w="508" /><ent r="3" t="49" w="513" /><ent r="3" t="50" w="125" /><ent r="3" t="50" w="134" /><ent r="4" t="50" w="344" /><ent r="4" t="50" w="368" /><ent r="4" t="50" w="372" /><ent r="3" t="50" w="495" /><ent r="3" t="57" w="132" /><ent r="3" t="59" w="116" /><ent r="3" t="59" w="196" /></phr></stem><stem n="window"><phr n="Window"><ent r="6" t="1" w="82" /><ent r="6" t="1" w="90" /><ent r="67" t="1" w="96" /><ent r="6" t="1" w="104" /><ent r="6" t="1" w="115" /><ent r="67" t="1" w="121" /><ent r="6" t="1" w="208" /><ent r="6" t="1" w="220" /><ent r="6" t="1" w="277" /><ent r="6" t="1" w="297" /><ent r="6" t="1" w="369" /><ent r="6" t="1" w="438" /><ent r="6" t="1" w="458" /><ent r="4" t="2" w="133" /><ent r="4" t="2" w="194" /><ent r="65" t="9" w="66" /><ent r="4" t="9" w="110" /><ent r="65" t="10" w="120" /><ent r="4" t="10" w="167" /><ent r="3" t="25" w="588" /><ent r="3" t="26" w="115" /><ent r="5" t="34" w="319" /><ent r="4" t="34" w="368" /><ent r="4" t="36" w="789" /><ent r="4" t="36" w="808" /><ent r="5" t="37" w="65" /><ent r="4" t="37" w="115" /><ent r="4" t="37" w="506" /><ent r="3" t="37" w="553" /><ent r="64" t="37" w="575" /><ent r="1000" t="41" w="2" /><ent r="102" t="41" w="7" /><ent r="100" t="41" w="12" /><ent r="3" t="41" w="20" /><ent r="4" t="41" w="44" /><ent r="3" t="41" w="59" /><ent r="3" t="41" w="64" /><ent r="64" t="41" w="93" /><ent r="64" t="41" w="111" /><ent r="1000" t="42" w="4" /><ent r="102" t="42" w="9" /><ent r="100" t="42" w="14" /><ent r="100" t="42" w="17" /><ent r="100" t="42" w="21" /><ent r="100" t="42" w="26" /><ent r="3" t="42" w="33" /><ent r="3" t="42" w="47" /><ent r="3" t="42" w="78" /><ent r="3" t="42" w="104" /><ent r="64" t="42" w="130" /><ent r="64" t="42" w="139" /><ent r="64" t="43" w="149" /><ent r="64" t="43" w="160" /><ent r="64" t="43" w="163" /><ent r="64" t="44" w="175" /><ent r="64" t="44" w="186" /><ent r="64" t="44" w="189" /><ent r="3" t="45" w="85" /><ent r="3" t="45" w="179" /><ent r="3" t="45" w="237" /><ent r="3" t="45" w="258" /><ent r="64" t="45" w="287" /><ent r="64" t="45" w="298" /><ent r="64" t="45" w="301" /><ent r="1000" t="46" w="2" /><ent r="100" t="46" w="9" /><ent r="100" t="46" w="13" /><ent r="102" t="46" w="16" /><ent r="100" t="46" w="21" /><ent r="100" t="46" w="26" /><ent r="3" t="46" w="68" /><ent r="92" t="46" w="175" /><ent r="82" t="46" w="635" /><ent r="3" t="46" w="646" /><ent r="3" t="46" w="693" /><ent r="3" t="46" w="701" /><ent r="3" t="46" w="738" /><ent r="3" t="46" w="776" /><ent r="3" t="46" w="792" /><ent r="64" t="46" w="819" /><ent r="3" t="47" w="57" /><ent r="3" t="49" w="105" /><ent r="4" t="49" w="198" /><ent r="3" t="49" w="486" /><ent r="4" t="49" w="522" /><ent r="3" t="50" w="84" /><ent r="4" t="50" w="160" /></phr><phr n="windows"><ent r="4" t="2" w="129" /><ent r="3" t="5" w="98" /><ent r="4" t="9" w="61" /><ent r="4" t="10" w="115" /><ent r="3" t="23" w="103" /></phr><phr n="window"><ent r="3" t="2" w="223" /><ent r="4" t="3" w="70" /><ent r="4" t="5" w="54" /><ent r="4" t="7" w="349" /><ent r="4" t="7" w="367" /><ent r="4" t="8" w="303" /><ent r="4" t="8" w="320" /><ent r="3" t="9" w="140" /><ent r="3" t="10" w="196" /><ent r="5" t="12" w="218" /><ent r="4" t="12" w="344" /><ent r="4" t="12" w="375" /><ent r="4" t="12" w="399" /><ent r="3" t="12" w="516" /><ent r="3" t="13" w="157" /><ent r="3" t="13" w="163" /><ent r="3" t="14" w="44" /><ent r="4" t="15" w="221" /><ent r="4" t="16" w="53" /><ent r="3" t="16" w="273" /><ent r="4" t="17" w="28" /><ent r="4" t="18" w="55" /><ent r="4" t="19" w="31" /><ent r="4" t="20" w="24" /><ent r="4" t="22" w="35" /><ent r="3" t="22" w="85" /><ent r="3" t="22" w="94" /><ent r="4" t="22" w="103" /><ent r="3" t="30" w="75" /><ent r="3" t="30" w="305" /><ent r="4" t="32" w="255" /><ent r="4" t="33" w="290" /><ent r="4" t="33" w="353" /><ent r="5" t="34" w="308" /><ent r="4" t="34" w="384" /><ent r="4" t="34" w="484" /><ent r="4" t="34" w="497" /><ent r="3" t="35" w="47" /><ent r="4" t="35" w="54" /><ent r="4" t="35" w="79" /><ent r="3" t="35" w="244" /><ent r="3" t="35" w="289" /><ent r="3" t="35" w="303" /><ent r="3" t="35" w="312" /><ent r="3" t="35" w="317" /><ent r="3" t="36" w="441" /><ent r="3" t="36" w="747" /><ent r="3" t="36" w="763" /><ent r="3" t="36" w="768" /><ent r="3" t="36" w="826" /><ent r="5" t="37" w="54" /><ent r="4" t="37" w="131" /><ent r="4" t="37" w="190" /><ent r="4" t="37" w="222" /><ent r="4" t="37" w="231" /><ent r="4" t="37" w="244" /><ent r="4" t="37" w="460" /><ent r="3" t="38" w="501" /><ent r="3" t="41" w="68" /><ent r="3" t="41" w="85" /><ent r="3" t="43" w="69" /><ent r="3" t="43" w="105" /><ent r="3" t="44" w="132" /><ent r="3" t="47" w="644" /><ent r="4" t="49" w="210" /><ent r="3" t="49" w="234" /><ent r="4" t="49" w="251" /><ent r="3" t="49" w="432" /><ent r="3" t="49" w="453" /><ent r="4" t="49" w="527" /><ent r="3" t="50" w="212" /><ent r="4" t="50" w="231" /><ent r="3" t="50" w="482" /><ent r="3" t="50" w="503" /><ent r="3" t="50" w="513" /><ent r="3" t="50" w="518" /></phr><phr n="Windows"><ent r="5" t="46" w="54" /></phr></stem><stem n="pin"><phr n="Pin"><ent r="6" t="1" w="100" /><ent r="6" t="1" w="113" /><ent r="67" t="1" w="118" /><ent r="64" t="41" w="90" /><ent r="1000" t="42" w="1" /><ent r="102" t="42" w="6" /><ent r="100" t="42" w="11" /><ent r="100" t="42" w="18" /><ent r="3" t="42" w="30" /><ent r="3" t="42" w="45" /><ent r="3" t="42" w="101" /><ent r="64" t="43" w="157" /><ent r="64" t="44" w="183" /><ent r="3" t="45" w="255" /><ent r="64" t="45" w="295" /><ent r="82" t="46" w="633" /><ent r="3" t="46" w="644" /><ent r="3" t="46" w="774" /><ent r="3" t="46" w="788" /></phr><phr n="pinned"><ent r="3" t="42" w="80" /><ent r="3" t="43" w="107" /><ent r="3" t="44" w="134" /><ent r="3" t="45" w="181" /><ent r="3" t="46" w="740" /></phr><phr n="pin"><ent r="3" t="45" w="242" /></phr></stem><stem n="/unpin"><phr n="/Unpin"><ent r="6" t="1" w="101" /><ent r="67" t="1" w="119" /><ent r="64" t="41" w="91" /><ent r="1000" t="42" w="2" /><ent r="102" t="42" w="7" /><ent r="100" t="42" w="12" /><ent r="3" t="42" w="31" /><ent r="3" t="42" w="102" /><ent r="64" t="43" w="158" /><ent r="64" t="44" w="184" /><ent r="3" t="45" w="256" /><ent r="64" t="45" w="296" /><ent r="3" t="46" w="789" /></phr></stem><stem n="pin/unpin"><phr n="Pin/Unpin"><ent r="6" t="1" w="101" /><ent r="6" t="1" w="100" /><ent r="67" t="1" w="119" /><ent r="67" t="1" w="118" /><ent r="64" t="41" w="91" /><ent r="64" t="41" w="90" /><ent r="1000" t="42" w="2" /><ent r="1000" t="42" w="1" /><ent r="102" t="42" w="7" /><ent r="102" t="42" w="6" /><ent r="100" t="42" w="12" /><ent r="100" t="42" w="11" /><ent r="3" t="42" w="31" /><ent r="3" t="42" w="30" /><ent r="3" t="42" w="102" /><ent r="3" t="42" w="101" /><ent r="64" t="43" w="158" /><ent r="64" t="43" w="157" /><ent r="64" t="44" w="184" /><ent r="64" t="44" w="183" /><ent r="3" t="45" w="256" /><ent r="3" t="45" w="255" /><ent r="64" t="45" w="296" /><ent r="64" t="45" w="295" /><ent r="3" t="46" w="789" /><ent r="3" t="46" w="788" /></phr></stem><stem n="unpin"><phr n="Unpin"><ent r="6" t="1" w="101" /><ent r="67" t="1" w="119" /><ent r="64" t="41" w="91" /><ent r="1000" t="42" w="2" /><ent r="102" t="42" w="7" /><ent r="100" t="42" w="12" /><ent r="100" t="42" w="22" /><ent r="100" t="42" w="24" /><ent r="3" t="42" w="31" /><ent r="3" t="42" w="102" /><ent r="64" t="43" w="158" /><ent r="64" t="44" w="184" /><ent r="3" t="45" w="256" /><ent r="64" t="45" w="296" /><ent r="3" t="46" w="789" /></phr><phr n="unpinned"><ent r="3" t="42" w="51" /><ent r="3" t="43" w="71" /><ent r="3" t="45" w="87" /></phr></stem><stem n="singl"><phr n="single"><ent r="6" t="1" w="107" /><ent r="3" t="19" w="19" /><ent r="3" t="31" w="523" /><ent r="4" t="31" w="805" /><ent r="4" t="31" w="854" /><ent r="3" t="42" w="87" /><ent r="82" t="46" w="637" /><ent r="3" t="46" w="648" /><ent r="3" t="46" w="673" /><ent r="92" t="49" w="191" /><ent r="3" t="49" w="507" /><ent r="3" t="50" w="133" /><ent r="3" t="59" w="384" /><ent r="3" t="61" w="30" /><ent r="3" t="61" w="66" /></phr><phr n="Single"><ent r="5" t="31" w="796" /></phr></stem><stem n="mode"><phr n="mode"><ent r="6" t="1" w="116" /><ent r="6" t="1" w="148" /><ent r="6" t="1" w="242" /><ent r="3" t="23" w="69" /><ent r="3" t="23" w="93" /><ent r="3" t="34" w="214" /><ent r="3" t="34" w="330" /><ent r="3" t="36" w="52" /><ent r="3" t="37" w="77" /><ent r="4" t="37" w="281" /><ent r="3" t="42" w="48" /><ent r="3" t="42" w="117" /><ent r="3" t="46" w="777" /></phr><phr n="Mode"><ent r="6" t="1" w="134" /><ent r="5" t="22" w="110" /></phr></stem><stem n="displai"><phr n="Display"><ent r="6" t="1" w="123" /><ent r="67" t="1" w="150" /><ent r="6" t="1" w="154" /><ent r="67" t="1" w="163" /><ent r="6" t="1" w="172" /><ent r="67" t="1" w="178" /><ent r="102" t="18" w="18" /><ent r="4" t="34" w="94" /><ent r="4" t="34" w="107" /><ent r="4" t="35" w="396" /><ent r="64" t="41" w="95" /><ent r="64" t="41" w="99" /><ent r="64" t="41" w="104" /><ent r="1000" t="43" w="1" /><ent r="102" t="43" w="5" /><ent r="100" t="43" w="9" /><ent r="3" t="43" w="19" /><ent r="4" t="43" w="46" /><ent r="1000" t="44" w="1" /><ent r="102" t="44" w="10" /><ent r="100" t="44" w="19" /><ent r="4" t="44" w="44" /><ent r="3" t="44" w="125" /><ent r="1000" t="45" w="1" /><ent r="102" t="45" w="7" /><ent r="100" t="45" w="13" /><ent r="3" t="45" w="26" /><ent r="4" t="45" w="61" /><ent r="3" t="45" w="246" /></phr><phr n="display"><ent r="6" t="1" w="129" /><ent r="6" t="1" w="213" /><ent r="4" t="16" w="89" /><ent r="4" t="16" w="108" /><ent r="3" t="23" w="129" /><ent r="4" t="30" w="379" /><ent r="4" t="31" w="617" /><ent r="4" t="32" w="572" /><ent r="5" t="34" w="321" /><ent r="4" t="34" w="354" /><ent r="4" t="34" w="370" /><ent r="4" t="34" w="406" /><ent r="4" t="34" w="444" /><ent r="4" t="34" w="455" /><ent r="3" t="35" w="380" /><ent r="4" t="36" w="214" /><ent r="5" t="37" w="67" /><ent r="4" t="37" w="101" /><ent r="4" t="37" w="117" /><ent r="4" t="37" w="153" /><ent r="4" t="37" w="191" /><ent r="4" t="37" w="202" /><ent r="4" t="37" w="347" /><ent r="3" t="37" w="365" /><ent r="4" t="37" w="473" /><ent r="3" t="38" w="677" /><ent r="3" t="40" w="540" /><ent r="3" t="41" w="27" /><ent r="4" t="43" w="62" /><ent r="3" t="49" w="276" /><ent r="3" t="51" w="42" /></phr><phr n="displays"><ent r="6" t="1" w="279" /><ent r="6" t="1" w="351" /><ent r="6" t="1" w="440" /><ent r="4" t="15" w="223" /><ent r="3" t="23" w="121" /><ent r="5" t="34" w="310" /><ent r="5" t="37" w="56" /><ent r="3" t="45" w="31" /><ent r="3" t="45" w="205" /></phr><phr n="displayed"><ent r="3" t="2" w="225" /><ent r="3" t="2" w="270" /><ent r="4" t="2" w="335" /><ent r="3" t="9" w="142" /><ent r="3" t="9" w="189" /><ent r="4" t="9" w="253" /><ent r="3" t="10" w="198" /><ent r="3" t="10" w="242" /><ent r="4" t="10" w="306" /><ent r="4" t="11" w="160" /><ent r="4" t="11" w="415" /><ent r="3" t="12" w="133" /><ent r="4" t="12" w="495" /><ent r="3" t="12" w="512" /><ent r="3" t="13" w="142" /><ent r="3" t="13" w="159" /><ent r="4" t="14" w="28" /><ent r="3" t="14" w="46" /><ent r="4" t="15" w="156" /><ent r="4" t="15" w="204" /><ent r="3" t="16" w="80" /><ent r="4" t="16" w="224" /><ent r="4" t="17" w="67" /><ent r="3" t="18" w="32" /><ent r="3" t="18" w="36" /><ent r="4" t="18" w="95" /><ent r="3" t="19" w="62" /><ent r="4" t="19" w="107" /><ent r="3" t="20" w="55" /><ent r="4" t="20" w="148" /><ent r="3" t="22" w="87" /><ent r="3" t="23" w="66" /><ent r="3" t="23" w="99" /><ent r="4" t="25" w="48" /><ent r="3" t="25" w="472" /><ent r="3" t="25" w="582" /><ent r="4" t="26" w="43" /><ent r="3" t="26" w="109" /><ent r="3" t="28" w="186" /><ent r="3" t="30" w="77" /><ent r="3" t="30" w="253" /><ent r="4" t="31" w="198" /><ent r="3" t="31" w="222" /><ent r="3" t="31" w="278" /><ent r="4" t="31" w="751" /><ent r="4" t="31" w="769" /><ent r="4" t="31" w="835" /><ent r="4" t="31" w="859" /><ent r="4" t="32" w="243" /><ent r="4" t="32" w="257" /><ent r="4" t="32" w="648" /><ent r="3" t="33" w="246" /><ent r="4" t="35" w="96" /><ent r="4" t="36" w="163" /><ent r="3" t="36" w="205" /><ent r="3" t="36" w="443" /><ent r="3" t="36" w="586" /><ent r="4" t="36" w="696" /><ent r="3" t="36" w="727" /><ent r="3" t="36" w="742" /><ent r="3" t="36" w="756" /><ent r="3" t="37" w="379" /><ent r="3" t="38" w="92" /><ent r="4" t="38" w="120" /><ent r="3" t="38" w="136" /><ent r="4" t="38" w="327" /><ent r="3" t="38" w="554" /><ent r="4" t="38" w="609" /><ent r="3" t="38" w="657" /><ent r="3" t="39" w="94" /><ent r="4" t="39" w="119" /><ent r="3" t="39" w="135" /><ent r="4" t="40" w="121" /><ent r="3" t="40" w="371" /><ent r="4" t="40" w="401" /><ent r="3" t="40" w="430" /><ent r="3" t="40" w="441" /><ent r="3" t="41" w="66" /><ent r="3" t="41" w="74" /><ent r="3" t="42" w="84" /><ent r="3" t="43" w="76" /><ent r="3" t="43" w="113" /><ent r="3" t="44" w="121" /><ent r="3" t="45" w="120" /><ent r="3" t="45" w="172" /><ent r="3" t="46" w="71" /><ent r="3" t="46" w="655" /><ent r="4" t="47" w="78" /><ent r="3" t="47" w="97" /><ent r="4" t="47" w="313" /><ent r="3" t="49" w="372" /><ent r="3" t="49" w="434" /><ent r="3" t="49" w="450" /><ent r="3" t="49" w="482" /><ent r="3" t="49" w="540" /><ent r="3" t="50" w="179" /><ent r="3" t="50" w="422" /><ent r="3" t="50" w="484" /><ent r="3" t="50" w="500" /><ent r="3" t="53" w="32" /></phr><phr n="displaying"><ent r="3" t="40" w="209" /></phr></stem></index>