<?xml version="1.0" encoding="utf-8"?><index><stem n="pixel"><phr n="Pixel"><ent r="6" t="1" w="124" /><ent r="67" t="1" w="151" /><ent r="6" t="1" w="232" /><ent r="6" t="1" w="259" /><ent r="6" t="1" w="266" /><ent r="6" t="1" w="323" /><ent r="6" t="1" w="334" /><ent r="3" t="11" w="218" /><ent r="3" t="12" w="88" /><ent r="3" t="12" w="102" /><ent r="3" t="23" w="87" /><ent r="4" t="25" w="140" /><ent r="4" t="25" w="146" /><ent r="3" t="28" w="133" /><ent r="3" t="28" w="162" /><ent r="4" t="30" w="381" /><ent r="3" t="31" w="171" /><ent r="4" t="31" w="630" /><ent r="4" t="31" w="815" /><ent r="4" t="31" w="903" /><ent r="4" t="34" w="65" /><ent r="4" t="34" w="75" /><ent r="4" t="34" w="99" /><ent r="4" t="34" w="237" /><ent r="4" t="34" w="344" /><ent r="4" t="34" w="359" /><ent r="4" t="34" w="394" /><ent r="4" t="34" w="410" /><ent r="4" t="34" w="421" /><ent r="4" t="35" w="149" /><ent r="3" t="35" w="162" /><ent r="3" t="35" w="373" /><ent r="4" t="36" w="75" /><ent r="4" t="36" w="472" /><ent r="5" t="36" w="482" /><ent r="4" t="36" w="534" /><ent r="3" t="36" w="758" /><ent r="4" t="37" w="91" /><ent r="4" t="37" w="106" /><ent r="4" t="37" w="141" /><ent r="4" t="37" w="157" /><ent r="4" t="37" w="168" /><ent r="4" t="37" w="280" /><ent r="4" t="37" w="291" /><ent r="3" t="38" w="40" /><ent r="3" t="38" w="70" /><ent r="3" t="38" w="234" /><ent r="3" t="39" w="38" /><ent r="3" t="40" w="269" /><ent r="3" t="40" w="298" /><ent r="64" t="41" w="96" /><ent r="1000" t="43" w="2" /><ent r="102" t="43" w="6" /><ent r="100" t="43" w="10" /><ent r="100" t="43" w="13" /><ent r="100" t="43" w="17" /><ent r="3" t="43" w="20" /><ent r="4" t="43" w="47" /><ent r="4" t="43" w="55" /><ent r="3" t="43" w="73" /><ent r="3" t="43" w="109" /><ent r="3" t="43" w="126" /><ent r="3" t="43" w="137" /><ent r="4" t="44" w="61" /><ent r="3" t="45" w="123" /><ent r="92" t="46" w="155" /><ent r="3" t="46" w="164" /><ent r="3" t="46" w="489" /><ent r="3" t="46" w="494" /><ent r="3" t="46" w="502" /><ent r="3" t="57" w="22" /><ent r="3" t="57" w="43" /><ent r="3" t="57" w="53" /><ent r="3" t="57" w="171" /><ent r="3" t="57" w="217" /><ent r="3" t="57" w="253" /><ent r="3" t="57" w="267" /><ent r="3" t="57" w="283" /><ent r="3" t="57" w="329" /><ent r="3" t="59" w="110" /><ent r="3" t="59" w="163" /><ent r="3" t="59" w="182" /><ent r="3" t="59" w="199" /><ent r="3" t="59" w="220" /><ent r="3" t="59" w="357" /><ent r="3" t="59" w="371" /><ent r="3" t="59" w="389" /><ent r="3" t="62" w="78" /><ent r="3" t="62" w="274" /><ent r="3" t="62" w="276" /></phr><phr n="Pixels"><ent r="5" t="11" w="285" /><ent r="4" t="11" w="293" /><ent r="5" t="12" w="191" /><ent r="5" t="12" w="203" /><ent r="5" t="12" w="237" /><ent r="4" t="12" w="322" /><ent r="4" t="25" w="94" /><ent r="4" t="25" w="114" /><ent r="3" t="28" w="49" /><ent r="3" t="29" w="43" /><ent r="3" t="29" w="57" /><ent r="3" t="29" w="75" /><ent r="3" t="30" w="22" /><ent r="3" t="30" w="109" /><ent r="4" t="30" w="366" /><ent r="3" t="31" w="53" /><ent r="3" t="31" w="483" /><ent r="3" t="31" w="531" /><ent r="4" t="31" w="602" /><ent r="4" t="31" w="826" /><ent r="3" t="32" w="50" /><ent r="3" t="32" w="214" /><ent r="4" t="32" w="467" /><ent r="4" t="32" w="559" /><ent r="4" t="34" w="117" /><ent r="4" t="34" w="264" /><ent r="4" t="34" w="468" /><ent r="3" t="35" w="178" /><ent r="3" t="35" w="349" /><ent r="4" t="36" w="102" /><ent r="4" t="37" w="215" /><ent r="4" t="37" w="285" /><ent r="3" t="39" w="81" /><ent r="3" t="39" w="245" /><ent r="3" t="40" w="17" /><ent r="3" t="40" w="152" /><ent r="3" t="40" w="167" /><ent r="3" t="40" w="182" /><ent r="3" t="40" w="185" /><ent r="3" t="43" w="30" /><ent r="4" t="44" w="34" /><ent r="4" t="44" w="71" /><ent r="3" t="44" w="116" /><ent r="3" t="44" w="139" /><ent r="4" t="45" w="51" /><ent r="3" t="57" w="307" /><ent r="3" t="59" w="63" /><ent r="3" t="62" w="312" /></phr></stem><stem n="turn"><phr n="turn"><ent r="6" t="1" w="127" /><ent r="3" t="38" w="674" /></phr><phr n="Turning"><ent r="3" t="37" w="605" /></phr></stem><stem n=","><phr n=","><ent r="6" t="1" w="131" /><ent r="6" t="1" w="245" /><ent r="6" t="1" w="264" /><ent r="6" t="1" w="278" /><ent r="6" t="1" w="350" /><ent r="6" t="1" w="439" /><ent r="4" t="2" w="117" /><ent r="4" t="2" w="120" /><ent r="4" t="2" w="195" /><ent r="4" t="2" w="234" /><ent r="3" t="2" w="261" /><ent r="4" t="2" w="331" /><ent r="3" t="3" w="49" /><ent r="4" t="3" w="71" /><ent r="4" t="4" w="31" /><ent r="5" t="4" w="35" /><ent r="3" t="4" w="70" /><ent r="4" t="5" w="55" /><ent r="4" t="6" w="34" /><ent r="4" t="6" w="94" /><ent r="3" t="7" w="52" /><ent r="3" t="7" w="59" /><ent r="3" t="7" w="64" /><ent r="3" t="7" w="89" /><ent r="3" t="7" w="90" /><ent r="3" t="7" w="138" /><ent r="3" t="7" w="139" /><ent r="4" t="7" w="350" /><ent r="4" t="7" w="368" /><ent r="3" t="8" w="107" /><ent r="3" t="8" w="108" /><ent r="4" t="8" w="304" /><ent r="4" t="8" w="321" /><ent r="4" t="9" w="49" /><ent r="4" t="9" w="52" /><ent r="4" t="9" w="111" /><ent r="4" t="9" w="149" /><ent r="3" t="9" w="178" /><ent r="4" t="9" w="249" /><ent r="3" t="10" w="73" /><ent r="4" t="10" w="103" /><ent r="4" t="10" w="106" /><ent r="4" t="10" w="168" /><ent r="4" t="10" w="207" /><ent r="3" t="10" w="234" /><ent r="4" t="10" w="302" /><ent r="3" t="11" w="62" /><ent r="5" t="11" w="164" /><ent r="5" t="11" w="165" /><ent r="3" t="11" w="183" /><ent r="4" t="11" w="277" /><ent r="4" t="11" w="333" /><ent r="3" t="11" w="346" /><ent r="3" t="11" w="358" /><ent r="3" t="11" w="380" /><ent r="3" t="11" w="393" /><ent r="4" t="11" w="411" /><ent r="3" t="12" w="13" /><ent r="3" t="12" w="22" /><ent r="4" t="12" w="114" /><ent r="5" t="12" w="125" /><ent r="4" t="12" w="142" /><ent r="4" t="12" w="291" /><ent r="4" t="12" w="298" /><ent r="4" t="12" w="311" /><ent r="4" t="12" w="321" /><ent r="4" t="12" w="353" /><ent r="3" t="12" w="450" /><ent r="4" t="12" w="477" /><ent r="4" t="12" w="490" /><ent r="3" t="13" w="22" /><ent r="3" t="13" w="23" /><ent r="3" t="13" w="24" /><ent r="3" t="13" w="93" /><ent r="4" t="13" w="146" /><ent r="4" t="13" w="148" /><ent r="5" t="14" w="32" /><ent r="5" t="14" w="34" /><ent r="4" t="14" w="62" /><ent r="4" t="14" w="81" /><ent r="4" t="14" w="96" /><ent r="5" t="15" w="160" /><ent r="5" t="15" w="162" /><ent r="4" t="15" w="180" /><ent r="3" t="15" w="239" /><ent r="4" t="15" w="267" /><ent r="4" t="15" w="282" /><ent r="4" t="16" w="54" /><ent r="4" t="16" w="177" /><ent r="4" t="16" w="241" /><ent r="4" t="17" w="29" /><ent r="4" t="18" w="56" /><ent r="4" t="19" w="32" /><ent r="3" t="19" w="82" /><ent r="3" t="19" w="84" /><ent r="4" t="20" w="25" /><ent r="4" t="20" w="107" /><ent r="3" t="21" w="49" /><ent r="3" t="21" w="69" /><ent r="3" t="21" w="75" /><ent r="3" t="21" w="76" /><ent r="3" t="21" w="110" /><ent r="4" t="21" w="163" /><ent r="5" t="22" w="28" /><ent r="4" t="22" w="36" /><ent r="3" t="22" w="71" /><ent r="4" t="22" w="104" /><ent r="5" t="22" w="111" /><ent r="4" t="23" w="42" /><ent r="3" t="23" w="70" /><ent r="3" t="23" w="94" /><ent r="3" t="23" w="136" /><ent r="3" t="24" w="33" /><ent r="3" t="24" w="60" /><ent r="3" t="24" w="72" /><ent r="3" t="24" w="147" /><ent r="3" t="24" w="179" /><ent r="4" t="25" w="27" /><ent r="5" t="25" w="30" /><ent r="5" t="25" w="33" /><ent r="5" t="25" w="63" /><ent r="4" t="25" w="85" /><ent r="4" t="25" w="110" /><ent r="3" t="25" w="296" /><ent r="3" t="25" w="310" /><ent r="3" t="25" w="444" /><ent r="3" t="25" w="467" /><ent r="4" t="25" w="524" /><ent r="3" t="25" w="549" /><ent r="4" t="26" w="28" /><ent r="5" t="26" w="31" /><ent r="5" t="26" w="34" /><ent r="4" t="26" w="75" /><ent r="4" t="26" w="79" /><ent r="3" t="26" w="141" /><ent r="3" t="28" w="191" /><ent r="3" t="29" w="22" /><ent r="3" t="29" w="59" /><ent r="3" t="29" w="63" /><ent r="4" t="29" w="121" /><ent r="4" t="29" w="126" /><ent r="4" t="29" w="133" /><ent r="4" t="29" w="137" /><ent r="4" t="29" w="150" /><ent r="4" t="29" w="183" /><ent r="4" t="29" w="190" /><ent r="3" t="30" w="23" /><ent r="5" t="30" w="66" /><ent r="5" t="30" w="68" /><ent r="4" t="30" w="87" /><ent r="3" t="30" w="110" /><ent r="3" t="30" w="144" /><ent r="3" t="30" w="164" /><ent r="3" t="30" w="203" /><ent r="3" t="30" w="236" /><ent r="4" t="30" w="333" /><ent r="4" t="30" w="380" /><ent r="3" t="31" w="19" /><ent r="3" t="31" w="142" /><ent r="3" t="31" w="153" /><ent r="3" t="31" w="168" /><ent r="5" t="31" w="202" /><ent r="4" t="31" w="207" /><ent r="3" t="31" w="219" /><ent r="3" t="31" w="239" /><ent r="3" t="31" w="250" /><ent r="3" t="31" w="275" /><ent r="3" t="31" w="318" /><ent r="3" t="31" w="366" /><ent r="3" t="31" w="411" /><ent r="3" t="31" w="484" /><ent r="4" t="31" w="562" /><ent r="4" t="31" w="618" /><ent r="4" t="31" w="714" /><ent r="4" t="31" w="720" /><ent r="4" t="31" w="765" /><ent r="4" t="31" w="807" /><ent r="4" t="31" w="869" /><ent r="4" t="31" w="902" /><ent r="3" t="32" w="120" /><ent r="3" t="32" w="129" /><ent r="3" t="32" w="215" /><ent r="5" t="32" w="247" /><ent r="5" t="32" w="249" /><ent r="4" t="32" w="271" /><ent r="4" t="32" w="321" /><ent r="3" t="32" w="358" /><ent r="3" t="32" w="392" /><ent r="4" t="32" w="472" /><ent r="4" t="32" w="530" /><ent r="4" t="32" w="632" /><ent r="3" t="33" w="33" /><ent r="3" t="33" w="36" /><ent r="3" t="33" w="37" /><ent r="3" t="33" w="71" /><ent r="5" t="33" w="101" /><ent r="4" t="33" w="119" /><ent r="3" t="33" w="149" /><ent r="3" t="33" w="164" /><ent r="3" t="33" w="180" /><ent r="3" t="33" w="225" /><ent r="5" t="33" w="277" /><ent r="4" t="33" w="313" /><ent r="5" t="33" w="340" /><ent r="5" t="34" w="305" /><ent r="5" t="34" w="314" /><ent r="4" t="34" w="354" /><ent r="4" t="34" w="369" /><ent r="4" t="34" w="405" /><ent r="4" t="34" w="444" /><ent r="4" t="34" w="454" /><ent r="4" t="35" w="55" /><ent r="4" t="35" w="80" /><ent r="4" t="35" w="102" /><ent r="3" t="35" w="132" /><ent r="3" t="35" w="155" /><ent r="3" t="35" w="169" /><ent r="3" t="35" w="190" /><ent r="3" t="35" w="217" /><ent r="3" t="35" w="251" /><ent r="3" t="35" w="263" /><ent r="3" t="35" w="313" /><ent r="3" t="35" w="341" /><ent r="3" t="35" w="364" /><ent r="3" t="35" w="393" /><ent r="4" t="36" w="264" /><ent r="4" t="36" w="295" /><ent r="5" t="36" w="430" /><ent r="5" t="36" w="432" /><ent r="4" t="36" w="476" /><ent r="4" t="36" w="552" /><ent r="3" t="36" w="591" /><ent r="3" t="36" w="622" /><ent r="4" t="36" w="656" /><ent r="4" t="36" w="695" /><ent r="3" t="36" w="742" /><ent r="4" t="36" w="787" /><ent r="4" t="36" w="789" /><ent r="5" t="37" w="51" /><ent r="5" t="37" w="60" /><ent r="4" t="37" w="101" /><ent r="4" t="37" w="116" /><ent r="4" t="37" w="152" /><ent r="4" t="37" w="191" /><ent r="4" t="37" w="201" /><ent r="3" t="37" w="371" /><ent r="4" t="37" w="404" /><ent r="3" t="38" w="97" /><ent r="5" t="38" w="124" /><ent r="5" t="38" w="128" /><ent r="3" t="38" w="186" /><ent r="3" t="38" w="201" /><ent r="4" t="38" w="322" /><ent r="3" t="38" w="386" /><ent r="3" t="38" w="451" /><ent r="4" t="38" w="472" /><ent r="3" t="38" w="494" /><ent r="3" t="38" w="496" /><ent r="4" t="38" w="539" /><ent r="5" t="38" w="542" /><ent r="5" t="38" w="546" /><ent r="4" t="38" w="562" /><ent r="4" t="38" w="604" /><ent r="4" t="38" w="618" /><ent r="4" t="38" w="642" /><ent r="3" t="38" w="674" /><ent r="3" t="38" w="684" /><ent r="3" t="39" w="99" /><ent r="5" t="39" w="123" /><ent r="5" t="39" w="127" /><ent r="3" t="39" w="175" /><ent r="4" t="39" w="267" /><ent r="4" t="40" w="67" /><ent r="4" t="40" w="97" /><ent r="5" t="40" w="112" /><ent r="5" t="40" w="113" /><ent r="3" t="40" w="136" /><ent r="3" t="40" w="226" /><ent r="3" t="40" w="271" /><ent r="3" t="40" w="333" /><ent r="3" t="40" w="366" /><ent r="4" t="40" w="397" /><ent r="3" t="40" w="427" /><ent r="3" t="40" w="474" /><ent r="3" t="40" w="490" /><ent r="3" t="40" w="532" /><ent r="3" t="41" w="34" /><ent r="3" t="41" w="36" /><ent r="3" t="42" w="52" /><ent r="3" t="42" w="81" /><ent r="3" t="42" w="112" /><ent r="3" t="42" w="127" /><ent r="4" t="43" w="44" /><ent r="3" t="43" w="72" /><ent r="3" t="43" w="97" /><ent r="3" t="43" w="108" /><ent r="3" t="43" w="146" /><ent r="3" t="44" w="106" /><ent r="3" t="44" w="139" /><ent r="3" t="44" w="140" /><ent r="3" t="44" w="172" /><ent r="3" t="45" w="88" /><ent r="3" t="45" w="111" /><ent r="3" t="45" w="129" /><ent r="3" t="45" w="140" /><ent r="3" t="45" w="158" /><ent r="3" t="45" w="182" /><ent r="3" t="45" w="219" /><ent r="3" t="45" w="244" /><ent r="3" t="45" w="252" /><ent r="3" t="45" w="284" /><ent r="100" t="46" w="8" /><ent r="5" t="46" w="50" /><ent r="3" t="46" w="104" /><ent r="3" t="46" w="144" /><ent r="3" t="46" w="239" /><ent r="3" t="46" w="251" /><ent r="3" t="46" w="332" /><ent r="3" t="46" w="351" /><ent r="3" t="46" w="483" /><ent r="3" t="46" w="498" /><ent r="3" t="46" w="651" /><ent r="3" t="46" w="682" /><ent r="3" t="47" w="31" /><ent r="3" t="47" w="34" /><ent r="4" t="47" w="83" /><ent r="4" t="47" w="87" /><ent r="5" t="47" w="127" /><ent r="5" t="47" w="202" /><ent r="4" t="47" w="314" /><ent r="4" t="47" w="345" /><ent r="4" t="47" w="383" /><ent r="3" t="47" w="413" /><ent r="3" t="47" w="450" /><ent r="3" t="47" w="518" /><ent r="3" t="47" w="556" /><ent r="4" t="48" w="21" /><ent r="3" t="49" w="48" /><ent r="3" t="49" w="134" /><ent r="3" t="49" w="142" /><ent r="3" t="49" w="161" /><ent r="3" t="49" w="181" /><ent r="4" t="49" w="199" /><ent r="4" t="49" w="206" /><ent r="4" t="49" w="211" /><ent r="3" t="49" w="227" /><ent r="3" t="49" w="235" /><ent r="3" t="49" w="369" /><ent r="3" t="49" w="392" /><ent r="3" t="49" w="404" /><ent r="3" t="49" w="412" /><ent r="3" t="49" w="430" /><ent r="3" t="49" w="447" /><ent r="3" t="49" w="487" /><ent r="3" t="49" w="494" /><ent r="3" t="49" w="509" /><ent r="4" t="49" w="523" /><ent r="4" t="49" w="528" /><ent r="3" t="49" w="560" /><ent r="3" t="50" w="135" /><ent r="4" t="50" w="161" /><ent r="3" t="50" w="183" /><ent r="3" t="50" w="205" /><ent r="3" t="50" w="213" /><ent r="3" t="50" w="288" /><ent r="4" t="50" w="346" /><ent r="4" t="50" w="369" /><ent r="4" t="50" w="381" /><ent r="4" t="50" w="403" /><ent r="3" t="50" w="419" /><ent r="3" t="50" w="442" /><ent r="3" t="50" w="454" /><ent r="3" t="50" w="462" /><ent r="3" t="50" w="480" /><ent r="3" t="50" w="497" /><ent r="4" t="51" w="17" /><ent r="3" t="51" w="35" /><ent r="3" t="51" w="72" /><ent r="3" t="51" w="93" /><ent r="3" t="52" w="64" /><ent r="3" t="53" w="27" /><ent r="3" t="53" w="72" /><ent r="3" t="53" w="88" /><ent r="4" t="55" w="43" /><ent r="4" t="55" w="45" /><ent r="4" t="55" w="47" /><ent r="3" t="57" w="65" /><ent r="3" t="57" w="66" /><ent r="3" t="57" w="83" /><ent r="3" t="57" w="341" /><ent r="4" t="58" w="33" /><ent r="4" t="58" w="34" /><ent r="3" t="59" w="56" /><ent r="3" t="59" w="71" /><ent r="3" t="59" w="75" /><ent r="3" t="59" w="142" /><ent r="3" t="59" w="308" /><ent r="3" t="59" w="348" /><ent r="3" t="59" w="364" /><ent r="3" t="59" w="366" /><ent r="3" t="59" w="387" /><ent r="3" t="59" w="406" /><ent r="4" t="60" w="5" /><ent r="4" t="60" w="8" /><ent r="4" t="60" w="11" /><ent r="4" t="60" w="14" /><ent r="4" t="60" w="17" /><ent r="4" t="60" w="20" /><ent r="4" t="60" w="24" /><ent r="4" t="60" w="46" /><ent r="4" t="60" w="48" /><ent r="4" t="60" w="61" /><ent r="4" t="60" w="77" /><ent r="4" t="60" w="80" /><ent r="4" t="60" w="82" /><ent r="4" t="61" w="24" /><ent r="3" t="61" w="26" /><ent r="3" t="61" w="55" /><ent r="3" t="62" w="22" /><ent r="3" t="62" w="65" /><ent r="3" t="62" w="82" /><ent r="3" t="62" w="107" /><ent r="3" t="62" w="122" /><ent r="3" t="62" w="144" /><ent r="3" t="62" w="200" /><ent r="3" t="62" w="258" /><ent r="4" t="63" w="7" /><ent r="4" t="63" w="8" /><ent r="4" t="63" w="14" /><ent r="4" t="63" w="19" /><ent r="4" t="63" w="26" /><ent r="4" t="63" w="44" /><ent r="4" t="63" w="47" /><ent r="4" t="63" w="50" /><ent r="4" t="63" w="53" /><ent r="4" t="63" w="75" /><ent r="4" t="63" w="76" /></phr></stem><stem n="edit"><phr n="Edit"><ent r="6" t="1" w="133" /><ent r="6" t="1" w="184" /><ent r="3" t="13" w="23" /><ent r="3" t="33" w="36" /><ent r="4" t="33" w="297" /><ent r="5" t="33" w="302" /><ent r="4" t="33" w="309" /><ent r="4" t="33" w="313" /><ent r="5" t="36" w="167" /><ent r="4" t="36" w="501" /><ent r="4" t="36" w="714" /><ent r="5" t="37" w="541" /></phr><phr n="Editing"><ent r="92" t="33" w="260" /><ent r="4" t="53" w="44" /></phr></stem><stem n="toolbox"><phr n="Toolbox"><ent r="6" t="1" w="140" /></phr></stem><stem n="anoth"><phr n="another"><ent r="6" t="1" w="146" /><ent r="3" t="38" w="431" /><ent r="3" t="47" w="31" /><ent r="3" t="49" w="138" /></phr></stem><stem n="mous"><phr n="mouse"><ent r="6" t="1" w="147" /><ent r="6" t="1" w="241" /><ent r="6" t="1" w="262" /><ent r="4" t="11" w="290" /><ent r="5" t="22" w="109" /><ent r="4" t="34" w="347" /><ent r="4" t="37" w="94" /><ent r="3" t="53" w="76" /></phr></stem><stem n="aoi"><phr n="AOI"><ent r="6" t="1" w="155" /><ent r="6" t="1" w="159" /><ent r="67" t="1" w="164" /><ent r="67" t="1" w="168" /><ent r="6" t="1" w="174" /><ent r="67" t="1" w="180" /><ent r="6" t="1" w="325" /><ent r="6" t="1" w="339" /><ent r="6" t="1" w="395" /><ent r="6" t="1" w="412" /><ent r="6" t="1" w="427" /><ent r="5" t="12" w="187" /><ent r="5" t="12" w="195" /><ent r="5" t="12" w="208" /><ent r="4" t="12" w="320" /><ent r="3" t="23" w="135" /><ent r="3" t="23" w="141" /><ent r="3" t="28" w="107" /><ent r="4" t="29" w="117" /><ent r="4" t="29" w="140" /><ent r="4" t="29" w="155" /><ent r="4" t="29" w="166" /><ent r="4" t="29" w="178" /><ent r="5" t="29" w="197" /><ent r="4" t="29" w="202" /><ent r="3" t="30" w="30" /><ent r="5" t="30" w="93" /><ent r="3" t="30" w="114" /><ent r="4" t="30" w="125" /><ent r="3" t="30" w="136" /><ent r="3" t="31" w="488" /><ent r="3" t="31" w="493" /><ent r="4" t="31" w="504" /><ent r="3" t="31" w="515" /><ent r="3" t="31" w="534" /><ent r="3" t="32" w="111" /><ent r="3" t="32" w="222" /><ent r="4" t="32" w="476" /><ent r="5" t="32" w="487" /><ent r="4" t="32" w="498" /><ent r="3" t="33" w="59" /><ent r="4" t="34" w="78" /><ent r="4" t="34" w="92" /><ent r="4" t="34" w="240" /><ent r="4" t="34" w="276" /><ent r="4" t="34" w="399" /><ent r="4" t="34" w="424" /><ent r="4" t="34" w="438" /><ent r="4" t="35" w="151" /><ent r="3" t="35" w="158" /><ent r="3" t="35" w="172" /><ent r="4" t="36" w="78" /><ent r="4" t="36" w="114" /><ent r="3" t="36" w="122" /><ent r="4" t="36" w="146" /><ent r="4" t="36" w="454" /><ent r="5" t="36" w="464" /><ent r="4" t="36" w="475" /><ent r="5" t="36" w="484" /><ent r="4" t="36" w="499" /><ent r="4" t="36" w="536" /><ent r="4" t="37" w="146" /><ent r="4" t="37" w="171" /><ent r="4" t="37" w="185" /><ent r="4" t="37" w="299" /><ent r="4" t="37" w="304" /><ent r="4" t="37" w="329" /><ent r="3" t="38" w="180" /><ent r="3" t="38" w="185" /><ent r="3" t="38" w="200" /><ent r="64" t="38" w="210" /><ent r="4" t="38" w="399" /><ent r="3" t="38" w="410" /><ent r="92" t="38" w="516" /><ent r="3" t="38" w="525" /><ent r="4" t="38" w="529" /><ent r="4" t="38" w="564" /><ent r="4" t="38" w="617" /><ent r="4" t="38" w="620" /><ent r="3" t="38" w="680" /><ent r="3" t="38" w="686" /><ent r="3" t="39" w="169" /><ent r="3" t="39" w="174" /><ent r="3" t="41" w="71" /><ent r="64" t="41" w="100" /><ent r="64" t="41" w="106" /><ent r="1000" t="44" w="2" /><ent r="1000" t="44" w="6" /><ent r="102" t="44" w="11" /><ent r="102" t="44" w="15" /><ent r="100" t="44" w="20" /><ent r="100" t="44" w="23" /><ent r="100" t="44" w="27" /><ent r="4" t="44" w="31" /><ent r="4" t="44" w="39" /><ent r="4" t="44" w="45" /><ent r="4" t="44" w="64" /><ent r="4" t="44" w="74" /><ent r="3" t="44" w="83" /><ent r="3" t="44" w="95" /><ent r="3" t="44" w="103" /><ent r="3" t="44" w="119" /><ent r="3" t="44" w="126" /><ent r="3" t="44" w="141" /><ent r="3" t="44" w="147" /><ent r="3" t="44" w="151" /><ent r="3" t="44" w="163" /><ent r="1000" t="45" w="3" /><ent r="102" t="45" w="9" /><ent r="100" t="45" w="14" /><ent r="100" t="45" w="18" /><ent r="100" t="45" w="23" /><ent r="3" t="45" w="28" /><ent r="3" t="45" w="38" /><ent r="4" t="45" w="48" /><ent r="4" t="45" w="56" /><ent r="4" t="45" w="62" /><ent r="4" t="45" w="80" /><ent r="3" t="45" w="117" /><ent r="3" t="45" w="130" /><ent r="3" t="45" w="136" /><ent r="3" t="45" w="142" /><ent r="3" t="45" w="149" /><ent r="3" t="45" w="165" /><ent r="3" t="45" w="247" /><ent r="3" t="45" w="262" /><ent r="3" t="45" w="273" /><ent r="92" t="46" w="73" /><ent r="3" t="46" w="80" /><ent r="3" t="46" w="97" /><ent r="92" t="46" w="115" /><ent r="3" t="46" w="121" /><ent r="3" t="46" w="137" /><ent r="5" t="51" w="62" /><ent r="3" t="51" w="92" /><ent r="3" t="51" w="104" /><ent r="3" t="52" w="21" /></phr></stem><stem n="averag"><phr n="Average"><ent r="6" t="1" w="160" /><ent r="67" t="1" w="169" /><ent r="6" t="1" w="175" /><ent r="67" t="1" w="181" /><ent r="6" t="1" w="396" /><ent r="6" t="1" w="406" /><ent r="6" t="1" w="426" /><ent r="3" t="12" w="9" /><ent r="5" t="12" w="18" /><ent r="3" t="12" w="35" /><ent r="3" t="12" w="69" /><ent r="5" t="12" w="138" /><ent r="5" t="12" w="201" /><ent r="5" t="12" w="211" /><ent r="5" t="12" w="234" /><ent r="4" t="12" w="284" /><ent r="4" t="12" w="332" /><ent r="4" t="12" w="337" /><ent r="4" t="12" w="472" /><ent r="3" t="31" w="528" /><ent r="4" t="34" w="88" /><ent r="4" t="34" w="129" /><ent r="4" t="34" w="272" /><ent r="4" t="34" w="432" /><ent r="4" t="34" w="448" /><ent r="4" t="34" w="488" /><ent r="3" t="35" w="175" /><ent r="4" t="36" w="110" /><ent r="4" t="36" w="495" /><ent r="4" t="37" w="179" /><ent r="4" t="37" w="195" /><ent r="4" t="37" w="235" /><ent r="4" t="37" w="305" /><ent r="4" t="37" w="330" /><ent r="5" t="37" w="466" /><ent r="4" t="37" w="482" /><ent r="4" t="37" w="518" /><ent r="64" t="41" w="107" /><ent r="1000" t="44" w="7" /><ent r="102" t="44" w="16" /><ent r="4" t="44" w="67" /><ent r="3" t="44" w="152" /><ent r="1000" t="45" w="4" /><ent r="102" t="45" w="10" /><ent r="100" t="45" w="15" /><ent r="100" t="45" w="19" /><ent r="100" t="45" w="24" /><ent r="3" t="45" w="29" /><ent r="3" t="45" w="33" /><ent r="4" t="45" w="63" /><ent r="4" t="45" w="76" /><ent r="3" t="45" w="89" /><ent r="3" t="45" w="112" /><ent r="3" t="45" w="168" /><ent r="3" t="45" w="183" /><ent r="3" t="45" w="248" /><ent r="3" t="45" w="263" /><ent r="3" t="45" w="274" /><ent r="92" t="46" w="74" /><ent r="3" t="46" w="81" /></phr></stem><stem n="librari"><phr n="Library"><ent r="6" t="1" w="186" /><ent r="6" t="1" w="198" /><ent r="6" t="1" w="205" /><ent r="6" t="1" w="217" /><ent r="6" t="1" w="228" /><ent r="6" t="1" w="239" /><ent r="6" t="1" w="255" /><ent r="6" t="1" w="271" /><ent r="6" t="1" w="294" /><ent r="6" t="1" w="319" /><ent r="6" t="1" w="366" /><ent r="6" t="1" w="391" /><ent r="6" t="1" w="432" /><ent r="6" t="1" w="455" /><ent r="3" t="2" w="39" /><ent r="3" t="2" w="45" /><ent r="65" t="2" w="123" /><ent r="65" t="9" w="55" /><ent r="1000" t="10" w="3" /><ent r="102" t="10" w="8" /><ent r="100" t="10" w="15" /><ent r="3" t="10" w="21" /><ent r="3" t="10" w="32" /><ent r="3" t="10" w="39" /><ent r="3" t="10" w="53" /><ent r="3" t="10" w="65" /><ent r="3" t="10" w="71" /><ent r="3" t="10" w="78" /><ent r="3" t="10" w="87" /><ent r="3" t="10" w="98" /><ent r="65" t="10" w="109" /><ent r="3" t="10" w="133" /><ent r="3" t="10" w="142" /><ent r="3" t="10" w="157" /><ent r="4" t="10" w="205" /><ent r="5" t="10" w="221" /><ent r="3" t="10" w="232" /><ent r="4" t="10" w="250" /><ent r="4" t="10" w="261" /><ent r="4" t="10" w="276" /><ent r="4" t="10" w="291" /><ent r="4" t="10" w="298" /><ent r="4" t="10" w="311" /><ent r="1000" t="13" w="2" /><ent r="102" t="13" w="6" /><ent r="100" t="13" w="10" /><ent r="3" t="13" w="15" /><ent r="3" t="13" w="30" /><ent r="3" t="13" w="33" /><ent r="3" t="13" w="59" /><ent r="3" t="13" w="81" /><ent r="3" t="13" w="114" /><ent r="3" t="13" w="131" /><ent r="4" t="13" w="149" /><ent r="3" t="13" w="155" /><ent r="65" t="13" w="171" /><ent r="65" t="13" w="176" /><ent r="65" t="13" w="183" /><ent r="65" t="13" w="190" /><ent r="65" t="13" w="195" /><ent r="65" t="13" w="207" /><ent r="64" t="13" w="213" /><ent r="1000" t="14" w="5" /><ent r="100" t="14" w="8" /><ent r="100" t="14" w="12" /><ent r="102" t="14" w="18" /><ent r="5" t="14" w="36" /><ent r="3" t="14" w="42" /><ent r="4" t="14" w="59" /><ent r="4" t="14" w="68" /><ent r="4" t="14" w="80" /><ent r="65" t="14" w="88" /><ent r="4" t="14" w="95" /><ent r="65" t="14" w="100" /><ent r="64" t="14" w="107" /><ent r="64" t="14" w="113" /><ent r="64" t="14" w="118" /><ent r="1000" t="15" w="4" /><ent r="100" t="15" w="7" /><ent r="100" t="15" w="11" /><ent r="102" t="15" w="16" /><ent r="3" t="15" w="30" /><ent r="5" t="15" w="35" /><ent r="4" t="15" w="47" /><ent r="4" t="15" w="59" /><ent r="4" t="15" w="69" /><ent r="5" t="15" w="82" /><ent r="4" t="15" w="94" /><ent r="4" t="15" w="101" /><ent r="4" t="15" w="113" /><ent r="4" t="15" w="124" /><ent r="4" t="15" w="133" /><ent r="3" t="15" w="146" /><ent r="5" t="15" w="164" /><ent r="4" t="15" w="186" /><ent r="4" t="15" w="219" /><ent r="4" t="15" w="225" /><ent r="3" t="15" w="236" /><ent r="4" t="15" w="266" /><ent r="65" t="15" w="274" /><ent r="4" t="15" w="281" /><ent r="65" t="15" w="286" /><ent r="64" t="15" w="296" /><ent r="64" t="15" w="301" /><ent r="64" t="15" w="304" /><ent r="1000" t="16" w="6" /><ent r="100" t="16" w="9" /><ent r="102" t="16" w="19" /><ent r="3" t="16" w="30" /><ent r="64" t="16" w="38" /><ent r="4" t="16" w="51" /><ent r="4" t="16" w="56" /><ent r="4" t="16" w="129" /><ent r="4" t="16" w="189" /><ent r="3" t="16" w="271" /><ent r="64" t="16" w="281" /><ent r="64" t="16" w="287" /><ent r="64" t="16" w="294" /><ent r="64" t="16" w="303" /><ent r="64" t="16" w="306" /><ent r="1000" t="17" w="6" /><ent r="100" t="17" w="9" /><ent r="100" t="17" w="14" /><ent r="102" t="17" w="21" /><ent r="4" t="17" w="26" /><ent r="4" t="17" w="38" /><ent r="4" t="17" w="58" /><ent r="64" t="17" w="83" /><ent r="64" t="17" w="88" /><ent r="64" t="17" w="94" /><ent r="64" t="17" w="97" /><ent r="1000" t="18" w="4" /><ent r="100" t="18" w="7" /><ent r="100" t="18" w="10" /><ent r="102" t="18" w="15" /><ent r="3" t="18" w="25" /><ent r="3" t="18" w="40" /><ent r="3" t="18" w="47" /><ent r="4" t="18" w="53" /><ent r="4" t="18" w="61" /><ent r="4" t="18" w="79" /><ent r="64" t="18" w="109" /><ent r="64" t="18" w="112" /><ent r="100" t="19" w="6" /><ent r="3" t="19" w="24" /><ent r="4" t="19" w="29" /><ent r="64" t="19" w="129" /><ent r="64" t="19" w="136" /><ent r="64" t="19" w="139" /><ent r="1000" t="20" w="4" /><ent r="100" t="20" w="7" /><ent r="100" t="20" w="12" /><ent r="102" t="20" w="17" /><ent r="4" t="20" w="22" /><ent r="4" t="20" w="28" /><ent r="4" t="20" w="67" /><ent r="4" t="20" w="100" /><ent r="4" t="20" w="130" /><ent r="64" t="20" w="166" /><ent r="64" t="20" w="172" /><ent r="64" t="20" w="178" /><ent r="64" t="20" w="185" /><ent r="1000" t="21" w="2" /><ent r="102" t="21" w="8" /><ent r="64" t="21" w="16" /><ent r="3" t="21" w="32" /><ent r="3" t="21" w="89" /><ent r="3" t="21" w="122" /><ent r="3" t="21" w="126" /><ent r="3" t="21" w="134" /><ent r="4" t="21" w="141" /><ent r="4" t="21" w="144" /><ent r="4" t="21" w="155" /><ent r="4" t="21" w="162" /><ent r="4" t="21" w="184" /><ent r="65" t="21" w="199" /><ent r="65" t="21" w="205" /><ent r="4" t="21" w="216" /><ent r="4" t="21" w="223" /><ent r="4" t="21" w="235" /><ent r="4" t="21" w="246" /><ent r="4" t="21" w="255" /><ent r="64" t="27" w="30" /><ent r="3" t="28" w="68" /><ent r="3" t="28" w="97" /><ent r="3" t="31" w="395" /><ent r="3" t="32" w="70" /><ent r="3" t="32" w="101" /><ent r="3" t="32" w="181" /><ent r="3" t="33" w="148" /><ent r="4" t="33" w="154" /><ent r="3" t="33" w="170" /><ent r="1000" t="34" w="2" /><ent r="102" t="34" w="6" /><ent r="100" t="34" w="10" /><ent r="3" t="34" w="15" /><ent r="5" t="34" w="21" /><ent r="4" t="34" w="60" /><ent r="4" t="34" w="71" /><ent r="4" t="34" w="84" /><ent r="4" t="34" w="104" /><ent r="4" t="34" w="113" /><ent r="4" t="34" w="124" /><ent r="4" t="34" w="133" /><ent r="4" t="34" w="143" /><ent r="3" t="34" w="159" /><ent r="3" t="34" w="166" /><ent r="4" t="34" w="233" /><ent r="4" t="34" w="340" /><ent r="4" t="34" w="390" /><ent r="4" t="34" w="479" /><ent r="4" t="34" w="492" /><ent r="64" t="34" w="503" /><ent r="1000" t="35" w="2" /><ent r="102" t="35" w="7" /><ent r="100" t="35" w="12" /><ent r="100" t="35" w="18" /><ent r="3" t="35" w="23" /><ent r="3" t="35" w="35" /><ent r="3" t="35" w="44" /><ent r="5" t="35" w="87" /><ent r="4" t="35" w="92" /><ent r="92" t="35" w="122" /><ent r="3" t="35" w="242" /><ent r="3" t="35" w="354" /><ent r="3" t="35" w="376" /><ent r="64" t="35" w="408" /><ent r="100" t="36" w="10" /><ent r="64" t="36" w="18" /><ent r="5" t="36" w="25" /><ent r="4" t="36" w="71" /><ent r="5" t="36" w="169" /><ent r="4" t="36" w="177" /><ent r="4" t="36" w="182" /><ent r="4" t="36" w="193" /><ent r="3" t="36" w="200" /><ent r="4" t="36" w="220" /><ent r="4" t="36" w="257" /><ent r="4" t="36" w="382" /><ent r="4" t="36" w="392" /><ent r="4" t="36" w="403" /><ent r="5" t="36" w="433" /><ent r="3" t="36" w="439" /><ent r="4" t="36" w="580" /><ent r="4" t="36" w="692" /><ent r="4" t="36" w="704" /><ent r="4" t="36" w="715" /><ent r="4" t="36" w="720" /><ent r="3" t="36" w="764" /><ent r="4" t="36" w="790" /><ent r="4" t="36" w="809" /><ent r="3" t="36" w="827" /><ent r="64" t="36" w="840" /><ent r="100" t="37" w="10" /><ent r="64" t="37" w="18" /><ent r="5" t="37" w="25" /><ent r="4" t="37" w="87" /><ent r="4" t="37" w="137" /><ent r="4" t="37" w="226" /><ent r="4" t="37" w="239" /><ent r="4" t="37" w="294" /><ent r="65" t="37" w="313" /><ent r="4" t="37" w="337" /><ent r="4" t="37" w="535" /><ent r="5" t="37" w="543" /><ent r="3" t="47" w="38" /><ent r="64" t="47" w="661" /><ent r="3" t="49" w="93" /><ent r="3" t="49" w="160" /><ent r="64" t="49" w="165" /><ent r="3" t="49" w="179" /><ent r="65" t="49" w="224" /><ent r="4" t="49" w="552" /><ent r="1000" t="50" w="3" /><ent r="102" t="50" w="8" /><ent r="100" t="50" w="15" /><ent r="3" t="50" w="21" /><ent r="3" t="50" w="31" /><ent r="3" t="50" w="38" /><ent r="3" t="50" w="59" /><ent r="3" t="50" w="64" /><ent r="3" t="50" w="78" /><ent r="4" t="50" w="90" /><ent r="3" t="50" w="98" /><ent r="3" t="50" w="120" /><ent r="92" t="50" w="145" /><ent r="92" t="50" w="150" /><ent r="5" t="50" w="169" /><ent r="3" t="50" w="176" /><ent r="3" t="50" w="191" /><ent r="64" t="50" w="202" /><ent r="3" t="50" w="215" /><ent r="4" t="50" w="243" /><ent r="3" t="50" w="256" /><ent r="3" t="50" w="287" /><ent r="3" t="59" w="347" /></phr><phr n="Libraries"><ent r="4" t="16" w="59" /><ent r="3" t="18" w="35" /><ent r="4" t="18" w="86" /><ent r="4" t="20" w="48" /><ent r="3" t="32" w="141" /><ent r="3" t="41" w="38" /><ent r="3" t="50" w="207" /><ent r="3" t="59" w="312" /></phr></stem></index>