﻿<?xml version="1.0" encoding="utf-8"?><index><stem n="toolbar"><phr n="Toolbar"><ent r="1000" t="1" w="2" /><ent r="102" t="1" w="5" /><ent r="100" t="1" w="8" /><ent r="6" t="1" w="141" /><ent r="65" t="11" w="157" /><ent r="65" t="12" w="119" /><ent r="64" t="13" w="139" /><ent r="65" t="14" w="25" /><ent r="65" t="15" w="153" /><ent r="4" t="23" w="41" /><ent r="65" t="25" w="25" /><ent r="65" t="26" w="26" /><ent r="4" t="29" w="167" /><ent r="4" t="30" w="61" /><ent r="65" t="31" w="195" /><ent r="65" t="32" w="240" /><ent r="65" t="33" w="94" /><ent r="65" t="33" w="270" /><ent r="65" t="33" w="333" /><ent r="66" t="34" w="303" /><ent r="65" t="36" w="160" /><ent r="4" t="36" w="425" /><ent r="64" t="36" w="777" /><ent r="3" t="36" w="798" /><ent r="66" t="37" w="49" /><ent r="65" t="38" w="117" /><ent r="4" t="38" w="538" /><ent r="65" t="39" w="116" /><ent r="4" t="40" w="107" /><ent r="64" t="41" w="51" /><ent r="64" t="42" w="40" /><ent r="65" t="43" w="42" /><ent r="65" t="44" w="53" /><ent r="65" t="45" w="71" /><ent r="64" t="46" w="689" /><ent r="64" t="46" w="714" /></phr><phr n="toolbar"><ent r="3" t="28" w="108" /><ent r="3" t="31" w="494" /><ent r="3" t="32" w="112" /></phr></stem><stem n="button"><phr n="Button"><ent r="6" t="1" w="10" /></phr><phr n="button"><ent r="6" t="1" w="85" /><ent r="6" t="1" w="110" /><ent r="6" t="1" w="136" /><ent r="6" t="1" w="144" /><ent r="4" t="2" w="216" /><ent r="4" t="2" w="287" /><ent r="4" t="2" w="314" /><ent r="4" t="2" w="349" /><ent r="4" t="9" w="126" /><ent r="4" t="9" w="133" /><ent r="4" t="9" w="206" /><ent r="4" t="9" w="236" /><ent r="4" t="9" w="265" /><ent r="4" t="10" w="189" /><ent r="4" t="10" w="258" /><ent r="4" t="10" w="285" /><ent r="4" t="10" w="320" /><ent r="4" t="11" w="283" /><ent r="4" t="11" w="317" /><ent r="4" t="11" w="338" /><ent r="5" t="12" w="164" /><ent r="4" t="12" w="433" /><ent r="4" t="12" w="482" /><ent r="3" t="12" w="502" /><ent r="4" t="14" w="53" /><ent r="4" t="15" w="173" /><ent r="4" t="15" w="197" /><ent r="4" t="15" w="210" /><ent r="4" t="16" w="72" /><ent r="4" t="16" w="87" /><ent r="4" t="16" w="106" /><ent r="4" t="16" w="150" /><ent r="4" t="16" w="210" /><ent r="4" t="16" w="235" /><ent r="4" t="16" w="255" /><ent r="4" t="17" w="51" /><ent r="4" t="17" w="73" /><ent r="4" t="18" w="77" /><ent r="4" t="18" w="101" /><ent r="4" t="19" w="47" /><ent r="4" t="19" w="100" /><ent r="4" t="19" w="113" /><ent r="4" t="20" w="40" /><ent r="4" t="20" w="141" /><ent r="4" t="20" w="154" /><ent r="4" t="22" w="60" /><ent r="4" t="23" w="46" /><ent r="3" t="23" w="110" /><ent r="3" t="23" w="116" /><ent r="5" t="25" w="238" /><ent r="4" t="29" w="173" /><ent r="3" t="30" w="208" /><ent r="3" t="30" w="222" /><ent r="3" t="30" w="248" /><ent r="3" t="30" w="279" /><ent r="4" t="30" w="456" /><ent r="3" t="31" w="371" /><ent r="3" t="31" w="385" /><ent r="3" t="31" w="442" /><ent r="3" t="32" w="363" /><ent r="3" t="32" w="377" /><ent r="3" t="32" w="402" /><ent r="4" t="33" w="110" /><ent r="4" t="33" w="235" /><ent r="4" t="33" w="305" /><ent r="4" t="33" w="323" /><ent r="4" t="33" w="385" /><ent r="4" t="33" w="393" /><ent r="5" t="36" w="170" /><ent r="4" t="36" w="212" /><ent r="4" t="36" w="269" /><ent r="4" t="36" w="281" /><ent r="4" t="36" w="307" /><ent r="4" t="36" w="671" /><ent r="4" t="36" w="678" /><ent r="4" t="36" w="712" /><ent r="5" t="36" w="810" /><ent r="4" t="37" w="546" /><ent r="4" t="38" w="316" /><ent r="4" t="38" w="463" /><ent r="4" t="38" w="477" /><ent r="4" t="38" w="598" /><ent r="4" t="38" w="633" /><ent r="4" t="38" w="647" /><ent r="4" t="39" w="257" /><ent r="4" t="39" w="272" /><ent r="3" t="41" w="60" /><ent r="3" t="42" w="34" /><ent r="3" t="42" w="105" /><ent r="4" t="43" w="49" /><ent r="4" t="44" w="47" /><ent r="3" t="44" w="128" /><ent r="4" t="45" w="65" /><ent r="3" t="45" w="250" /><ent r="3" t="46" w="683" /><ent r="3" t="46" w="703" /><ent r="4" t="48" w="351" /><ent r="3" t="49" w="40" /><ent r="4" t="49" w="65" /><ent r="3" t="51" w="77" /></phr><phr n="buttons"><ent r="5" t="34" w="298" /><ent r="5" t="37" w="44" /></phr></stem><stem n="what"><phr n="What"><ent r="6" t="1" w="12" /></phr></stem><stem n="doe"><phr n="does"><ent r="6" t="1" w="14" /><ent r="3" t="13" w="104" /><ent r="3" t="13" w="119" /><ent r="3" t="18" w="43" /><ent r="3" t="24" w="171" /><ent r="3" t="32" w="122" /><ent r="3" t="42" w="106" /><ent r="3" t="45" w="215" /></phr></stem><stem n="see"><phr n="See"><ent r="6" t="1" w="16" /><ent r="3" t="5" w="136" /><ent r="3" t="30" w="44" /><ent r="3" t="30" w="191" /><ent r="3" t="31" w="353" /><ent r="3" t="32" w="184" /><ent r="4" t="32" w="300" /><ent r="4" t="32" w="345" /><ent r="4" t="36" w="240" /></phr><phr n="see"><ent r="4" t="14" w="81" /><ent r="4" t="15" w="267" /><ent r="3" t="25" w="500" /><ent r="4" t="25" w="526" /><ent r="3" t="30" w="144" /><ent r="4" t="36" w="416" /><ent r="3" t="38" w="666" /><ent r="4" t="40" w="97" /><ent r="3" t="40" w="348" /><ent r="3" t="42" w="127" /><ent r="3" t="43" w="146" /><ent r="3" t="44" w="172" /><ent r="3" t="45" w="284" /><ent r="3" t="47" w="161" /><ent r="3" t="47" w="181" /><ent r="3" t="48" w="135" /><ent r="4" t="48" w="340" /></phr></stem><stem n="access"><phr n="access"><ent r="6" t="1" w="20" /><ent r="3" t="2" w="103" /><ent r="3" t="2" w="111" /><ent r="3" t="4" w="22" /><ent r="3" t="9" w="42" /><ent r="3" t="10" w="94" /><ent r="4" t="11" w="268" /><ent r="3" t="47" w="88" /><ent r="3" t="48" w="73" /></phr><phr n="accessible"><ent r="3" t="47" w="82" /><ent r="3" t="48" w="67" /></phr></stem><stem n="numer"><phr n="numerous"><ent r="6" t="1" w="22" /></phr><phr n="numeric"><ent r="4" t="30" w="352" /><ent r="4" t="31" w="581" /><ent r="4" t="32" w="549" /></phr></stem><stem n="-ins."><phr n="-ins."><ent r="6" t="1" w="26" /><ent r="6" t="1" w="26" /><ent r="4" t="37" w="450" /><ent r="4" t="37" w="450" /></phr></stem><stem n="horizont"><phr n="Horizontal"><ent r="6" t="1" w="28" /><ent r="3" t="23" w="108" /></phr><phr n="horizontal"><ent r="6" t="1" w="31" /><ent r="3" t="23" w="60" /></phr></stem><stem n="profil"><phr n="Profiles"><ent r="6" t="1" w="29" /><ent r="67" t="1" w="41" /><ent r="6" t="1" w="44" /><ent r="67" t="1" w="56" /><ent r="67" t="1" w="79" /><ent r="1000" t="22" w="2" /><ent r="102" t="22" w="5" /><ent r="100" t="22" w="8" /><ent r="92" t="22" w="64" /><ent r="1000" t="23" w="4" /><ent r="102" t="23" w="9" /><ent r="3" t="23" w="109" /><ent r="3" t="23" w="115" /></phr><phr n="profile"><ent r="6" t="1" w="32" /><ent r="6" t="1" w="47" /><ent r="3" t="22" w="14" /><ent r="3" t="22" w="84" /><ent r="3" t="23" w="36" /><ent r="3" t="23" w="131" /></phr><phr n="Profile"><ent r="6" t="1" w="58" /><ent r="92" t="22" w="21" /><ent r="5" t="22" w="41" /><ent r="4" t="22" w="77" /><ent r="100" t="23" w="11" /><ent r="4" t="23" w="44" /></phr><phr n="profiles"><ent r="6" t="1" w="74" /><ent r="3" t="22" w="11" /><ent r="4" t="22" w="102" /><ent r="3" t="23" w="17" /><ent r="3" t="23" w="63" /></phr></stem><stem n="toggl"><phr n="Toggles"><ent r="6" t="1" w="30" /><ent r="6" t="1" w="45" /></phr><phr n="toggle"><ent r="6" t="1" w="87" /><ent r="6" t="1" w="211" /><ent r="6" t="1" w="235" /><ent r="3" t="23" w="119" /><ent r="3" t="35" w="326" /><ent r="3" t="40" w="538" /><ent r="3" t="42" w="43" /></phr><phr n="toggles"><ent r="6" t="1" w="111" /></phr><phr n="Toggle"><ent r="4" t="29" w="171" /></phr></stem><stem n="plot"><phr n="plot"><ent r="6" t="1" w="33" /><ent r="6" t="1" w="48" /><ent r="6" t="1" w="73" /><ent r="6" t="1" w="108" /><ent r="3" t="22" w="12" /><ent r="3" t="23" w="16" /><ent r="3" t="23" w="30" /><ent r="3" t="23" w="73" /><ent r="3" t="23" w="96" /><ent r="3" t="23" w="102" /><ent r="4" t="25" w="355" /><ent r="4" t="37" w="525" /><ent r="3" t="37" w="582" /><ent r="3" t="37" w="591" /><ent r="3" t="37" w="611" /><ent r="3" t="41" w="78" /><ent r="3" t="42" w="65" /><ent r="3" t="42" w="88" /><ent r="3" t="42" w="91" /><ent r="3" t="42" w="96" /><ent r="3" t="43" w="25" /><ent r="3" t="43" w="79" /><ent r="3" t="43" w="89" /><ent r="3" t="43" w="93" /><ent r="3" t="43" w="117" /><ent r="3" t="43" w="122" /><ent r="3" t="44" w="77" /><ent r="3" t="44" w="99" /><ent r="3" t="44" w="145" /><ent r="3" t="45" w="96" /><ent r="3" t="45" w="99" /><ent r="3" t="45" w="125" /><ent r="3" t="45" w="132" /><ent r="3" t="45" w="144" /><ent r="3" t="45" w="153" /><ent r="3" t="45" w="190" /><ent r="3" t="45" w="195" /><ent r="3" t="45" w="203" /><ent r="3" t="45" w="220" /><ent r="3" t="45" w="282" /><ent r="3" t="46" w="35" /><ent r="3" t="46" w="166" /><ent r="3" t="46" w="194" /><ent r="82" t="46" w="205" /><ent r="4" t="46" w="216" /><ent r="3" t="46" w="223" /><ent r="3" t="46" w="235" /><ent r="3" t="46" w="247" /><ent r="3" t="46" w="253" /><ent r="3" t="46" w="268" /><ent r="3" t="46" w="288" /><ent r="3" t="46" w="293" /><ent r="3" t="46" w="333" /><ent r="3" t="46" w="345" /><ent r="3" t="46" w="508" /><ent r="3" t="46" w="521" /><ent r="82" t="46" w="528" /><ent r="3" t="46" w="539" /><ent r="3" t="46" w="549" /><ent r="3" t="46" w="554" /><ent r="3" t="46" w="559" /><ent r="3" t="46" w="564" /><ent r="3" t="46" w="576" /><ent r="3" t="46" w="606" /><ent r="3" t="46" w="611" /><ent r="3" t="46" w="616" /><ent r="3" t="46" w="636" /><ent r="3" t="46" w="641" /><ent r="3" t="46" w="646" /><ent r="3" t="46" w="653" /><ent r="3" t="51" w="26" /><ent r="3" t="51" w="29" /><ent r="4" t="51" w="51" /><ent r="3" t="51" w="84" /></phr><phr n="Plot"><ent r="67" t="1" w="40" /><ent r="67" t="1" w="55" /><ent r="6" t="1" w="59" /><ent r="67" t="1" w="78" /><ent r="4" t="22" w="78" /><ent r="1000" t="23" w="3" /><ent r="102" t="23" w="8" /><ent r="4" t="23" w="45" /><ent r="5" t="25" w="377" /><ent r="4" t="25" w="522" /><ent r="4" t="25" w="542" /><ent r="3" t="43" w="139" /><ent r="3" t="44" w="165" /><ent r="3" t="45" w="276" /><ent r="92" t="46" w="76" /><ent r="92" t="46" w="117" /><ent r="92" t="46" w="157" /><ent r="3" t="46" w="303" /><ent r="3" t="46" w="566" /><ent r="4" t="46" w="597" /><ent r="1000" t="51" w="2" /><ent r="92" t="51" w="5" /></phr><phr n="plots"><ent r="6" t="1" w="264" /><ent r="6" t="1" w="424" /><ent r="3" t="23" w="58" /><ent r="3" t="23" w="132" /><ent r="4" t="34" w="95" /><ent r="4" t="34" w="355" /><ent r="4" t="34" w="445" /><ent r="4" t="37" w="102" /><ent r="4" t="37" w="192" /><ent r="4" t="37" w="288" /><ent r="3" t="46" w="571" /></phr><phr n="Plots"><ent r="100" t="23" w="12" /><ent r="3" t="42" w="95" /><ent r="3" t="43" w="121" /><ent r="3" t="45" w="194" /><ent r="3" t="45" w="202" /><ent r="3" t="46" w="553" /><ent r="3" t="46" w="615" /></phr><phr n="plotted"><ent r="3" t="42" w="62" /><ent r="3" t="43" w="130" /><ent r="3" t="44" w="156" /><ent r="3" t="45" w="266" /></phr></stem><stem n="off"><phr n="off"><ent r="6" t="1" w="36" /><ent r="6" t="1" w="51" /><ent r="6" t="1" w="93" /><ent r="6" t="1" w="130" /><ent r="3" t="23" w="124" /><ent r="3" t="37" w="606" /><ent r="3" t="38" w="675" /></phr><phr n="Off"><ent r="6" t="1" w="135" /></phr></stem><stem n="work"><phr n="Working"><ent r="67" t="1" w="38" /><ent r="67" t="1" w="53" /><ent r="67" t="1" w="76" /><ent r="1000" t="23" w="1" /><ent r="102" t="23" w="6" /><ent r="64" t="30" w="193" /><ent r="64" t="31" w="355" /><ent r="65" t="32" w="302" /><ent r="65" t="32" w="347" /><ent r="1000" t="33" w="1" /><ent r="102" t="33" w="6" /><ent r="65" t="36" w="242" /></phr><phr n="works"><ent r="3" t="12" w="57" /></phr><phr n="work"><ent r="4" t="40" w="76" /></phr></stem><stem n="vertic"><phr n="Vertical"><ent r="6" t="1" w="43" /><ent r="3" t="23" w="114" /></phr><phr n="vertical"><ent r="6" t="1" w="46" /><ent r="3" t="23" w="62" /><ent r="3" t="23" w="79" /></phr></stem><stem n="click"><phr n="Click"><ent r="6" t="1" w="60" /><ent r="6" t="1" w="83" /><ent r="6" t="1" w="187" /><ent r="6" t="1" w="209" /><ent r="6" t="1" w="233" /><ent r="6" t="1" w="326" /><ent r="6" t="1" w="398" /><ent r="4" t="2" w="204" /><ent r="4" t="2" w="301" /><ent r="4" t="2" w="344" /><ent r="4" t="3" w="93" /><ent r="4" t="4" w="102" /><ent r="4" t="5" w="79" /><ent r="4" t="7" w="410" /><ent r="4" t="8" w="357" /><ent r="4" t="9" w="120" /><ent r="4" t="9" w="219" /><ent r="4" t="9" w="260" /><ent r="4" t="10" w="177" /><ent r="4" t="10" w="272" /><ent r="4" t="10" w="315" /><ent r="4" t="11" w="312" /><ent r="4" t="11" w="416" /><ent r="3" t="12" w="497" /><ent r="4" t="14" w="48" /><ent r="4" t="15" w="168" /><ent r="4" t="15" w="192" /><ent r="4" t="15" w="205" /><ent r="4" t="16" w="82" /><ent r="4" t="16" w="101" /><ent r="4" t="16" w="145" /><ent r="4" t="16" w="205" /><ent r="4" t="16" w="230" /><ent r="4" t="17" w="46" /><ent r="4" t="18" w="72" /><ent r="4" t="19" w="42" /><ent r="4" t="19" w="95" /><ent r="4" t="19" w="108" /><ent r="4" t="20" w="35" /><ent r="4" t="20" w="131" /><ent r="4" t="20" w="136" /><ent r="4" t="20" w="149" /><ent r="4" t="22" w="55" /><ent r="4" t="22" w="115" /><ent r="4" t="25" w="429" /><ent r="3" t="25" w="488" /><ent r="4" t="25" w="531" /><ent r="4" t="26" w="64" /><ent r="3" t="30" w="217" /><ent r="3" t="30" w="243" /><ent r="3" t="30" w="274" /><ent r="4" t="30" w="472" /><ent r="3" t="31" w="380" /><ent r="4" t="31" w="726" /><ent r="3" t="32" w="372" /><ent r="3" t="32" w="399" /><ent r="4" t="32" w="654" /><ent r="4" t="33" w="104" /><ent r="4" t="33" w="230" /><ent r="4" t="33" w="299" /><ent r="4" t="33" w="318" /><ent r="4" t="33" w="387" /><ent r="4" t="35" w="84" /><ent r="3" t="35" w="112" /><ent r="5" t="36" w="165" /><ent r="4" t="36" w="207" /><ent r="4" t="36" w="276" /><ent r="4" t="36" w="302" /><ent r="4" t="36" w="384" /><ent r="4" t="36" w="673" /><ent r="4" t="37" w="416" /><ent r="4" t="38" w="311" /><ent r="4" t="38" w="458" /><ent r="4" t="38" w="593" /><ent r="4" t="38" w="628" /><ent r="4" t="39" w="252" /><ent r="4" t="40" w="354" /><ent r="3" t="40" w="383" /><ent r="3" t="42" w="28" /><ent r="4" t="44" w="42" /><ent r="4" t="45" w="59" /><ent r="4" t="47" w="353" /><ent r="4" t="47" w="591" /><ent r="4" t="49" w="106" /><ent r="3" t="50" w="92" /><ent r="4" t="51" w="98" /><ent r="3" t="52" w="41" /></phr><phr n="click"><ent r="6" t="1" w="131" /><ent r="6" t="1" w="247" /><ent r="4" t="2" w="196" /><ent r="4" t="2" w="282" /><ent r="4" t="2" w="309" /><ent r="4" t="6" w="94" /><ent r="4" t="9" w="112" /><ent r="4" t="9" w="201" /><ent r="4" t="9" w="231" /><ent r="4" t="10" w="169" /><ent r="4" t="10" w="253" /><ent r="4" t="10" w="280" /><ent r="3" t="11" w="194" /><ent r="4" t="11" w="277" /><ent r="4" t="11" w="333" /><ent r="3" t="11" w="380" /><ent r="3" t="11" w="393" /><ent r="4" t="12" w="477" /><ent r="4" t="14" w="70" /><ent r="3" t="15" w="239" /><ent r="4" t="16" w="67" /><ent r="4" t="16" w="250" /><ent r="4" t="17" w="70" /><ent r="4" t="18" w="98" /><ent r="4" t="20" w="103" /><ent r="3" t="22" w="72" /><ent r="4" t="22" w="105" /><ent r="4" t="22" w="142" /><ent r="4" t="23" w="42" /><ent r="4" t="29" w="127" /><ent r="4" t="29" w="151" /><ent r="4" t="29" w="169" /><ent r="3" t="30" w="203" /><ent r="4" t="30" w="451" /><ent r="3" t="31" w="366" /><ent r="3" t="31" w="437" /><ent r="4" t="31" w="691" /><ent r="3" t="32" w="358" /><ent r="4" t="32" w="632" /><ent r="3" t="33" w="225" /><ent r="4" t="33" w="381" /><ent r="4" t="35" w="102" /><ent r="3" t="35" w="314" /><ent r="4" t="36" w="264" /><ent r="4" t="36" w="372" /><ent r="4" t="36" w="668" /><ent r="4" t="36" w="707" /><ent r="4" t="37" w="283" /><ent r="4" t="37" w="341" /><ent r="4" t="37" w="452" /><ent r="4" t="37" w="497" /><ent r="4" t="37" w="502" /><ent r="4" t="38" w="472" /><ent r="4" t="38" w="642" /><ent r="4" t="39" w="267" /><ent r="3" t="41" w="54" /><ent r="4" t="43" w="44" /><ent r="4" t="43" w="52" /><ent r="3" t="45" w="244" /><ent r="3" t="45" w="253" /><ent r="3" t="46" w="290" /><ent r="3" t="46" w="573" /><ent r="3" t="46" w="701" /><ent r="4" t="47" w="207" /><ent r="3" t="47" w="235" /><ent r="4" t="47" w="524" /><ent r="4" t="48" w="162" /><ent r="3" t="48" w="213" /><ent r="4" t="48" w="346" /><ent r="4" t="48" w="403" /><ent r="3" t="49" w="35" /></phr><phr n="clicking"><ent r="4" t="11" w="303" /><ent r="3" t="30" w="270" /><ent r="3" t="31" w="431" /><ent r="3" t="32" w="423" /><ent r="4" t="34" w="348" /><ent r="4" t="36" w="325" /><ent r="4" t="37" w="95" /><ent r="4" t="37" w="537" /><ent r="3" t="37" w="588" /><ent r="3" t="46" w="110" /><ent r="3" t="46" w="150" /><ent r="3" t="46" w="169" /><ent r="3" t="46" w="265" /><ent r="3" t="46" w="638" /><ent r="4" t="51" w="49" /></phr><phr n="Clicking"><ent r="3" t="42" w="99" /><ent r="3" t="44" w="123" /></phr></stem><stem n="enabl"><phr n="enable"><ent r="6" t="1" w="62" /><ent r="3" t="23" w="19" /><ent r="3" t="35" w="26" /></phr><phr n="enables"><ent r="3" t="3" w="24" /><ent r="3" t="5" w="19" /><ent r="3" t="13" w="35" /><ent r="4" t="20" w="111" /><ent r="3" t="21" w="91" /><ent r="3" t="43" w="22" /></phr><phr n="enabled"><ent r="5" t="12" w="182" /><ent r="4" t="12" w="461" /></phr><phr n="Enable"><ent r="4" t="33" w="196" /><ent r="4" t="37" w="277" /></phr></stem><stem n="select"><phr n="select"><ent r="6" t="1" w="65" /><ent r="3" t="2" w="165" /><ent r="4" t="2" w="199" /><ent r="4" t="2" w="228" /><ent r="4" t="2" w="244" /><ent r="4" t="2" w="275" /><ent r="4" t="3" w="61" /><ent r="4" t="3" w="79" /><ent r="4" t="3" w="87" /><ent r="4" t="5" w="45" /><ent r="4" t="5" w="63" /><ent r="4" t="5" w="73" /><ent r="3" t="6" w="23" /><ent r="4" t="6" w="40" /><ent r="4" t="6" w="52" /><ent r="4" t="7" w="358" /><ent r="4" t="7" w="377" /><ent r="4" t="7" w="404" /><ent r="4" t="8" w="311" /><ent r="4" t="8" w="328" /><ent r="4" t="8" w="351" /><ent r="3" t="9" w="83" /><ent r="4" t="9" w="114" /><ent r="4" t="9" w="145" /><ent r="4" t="9" w="161" /><ent r="4" t="9" w="194" /><ent r="3" t="10" w="139" /><ent r="4" t="10" w="172" /><ent r="4" t="10" w="201" /><ent r="4" t="10" w="217" /><ent r="4" t="10" w="247" /><ent r="3" t="11" w="216" /><ent r="4" t="11" w="292" /><ent r="4" t="11" w="319" /><ent r="4" t="12" w="122" /><ent r="4" t="12" w="142" /><ent r="4" t="12" w="149" /><ent r="5" t="12" w="170" /><ent r="4" t="12" w="353" /><ent r="4" t="12" w="439" /><ent r="4" t="15" w="183" /><ent r="4" t="16" w="54" /><ent r="4" t="16" w="118" /><ent r="4" t="16" w="132" /><ent r="4" t="16" w="177" /><ent r="4" t="16" w="192" /><ent r="4" t="16" w="241" /><ent r="4" t="17" w="29" /><ent r="4" t="18" w="56" /><ent r="3" t="19" w="78" /><ent r="4" t="20" w="82" /><ent r="4" t="20" w="96" /><ent r="4" t="20" w="120" /><ent r="4" t="21" w="165" /><ent r="3" t="22" w="74" /><ent r="4" t="22" w="144" /><ent r="3" t="23" w="22" /><ent r="4" t="25" w="27" /><ent r="5" t="25" w="61" /><ent r="5" t="25" w="66" /><ent r="5" t="25" w="196" /><ent r="4" t="25" w="261" /><ent r="3" t="25" w="291" /><ent r="4" t="25" w="350" /><ent r="4" t="26" w="28" /><ent r="4" t="29" w="133" /><ent r="4" t="29" w="158" /><ent r="4" t="29" w="190" /><ent r="4" t="29" w="200" /><ent r="4" t="30" w="63" /><ent r="4" t="30" w="87" /><ent r="3" t="30" w="134" /><ent r="3" t="30" w="164" /><ent r="3" t="30" w="239" /><ent r="4" t="30" w="420" /><ent r="4" t="30" w="435" /><ent r="3" t="31" w="318" /><ent r="3" t="31" w="513" /><ent r="4" t="31" w="661" /><ent r="4" t="31" w="675" /><ent r="4" t="32" w="271" /><ent r="4" t="32" w="321" /><ent r="3" t="32" w="395" /><ent r="3" t="32" w="429" /><ent r="4" t="32" w="496" /><ent r="4" t="32" w="602" /><ent r="4" t="32" w="617" /><ent r="3" t="33" w="13" /><ent r="4" t="33" w="97" /><ent r="3" t="33" w="250" /><ent r="4" t="33" w="273" /><ent r="4" t="33" w="291" /><ent r="4" t="33" w="336" /><ent r="4" t="33" w="354" /><ent r="5" t="33" w="365" /><ent r="4" t="35" w="63" /><ent r="3" t="35" w="132" /><ent r="3" t="35" w="199" /><ent r="3" t="35" w="226" /><ent r="3" t="35" w="319" /><ent r="3" t="35" w="341" /><ent r="3" t="35" w="364" /><ent r="4" t="36" w="298" /><ent r="4" t="36" w="331" /><ent r="4" t="36" w="427" /><ent r="4" t="36" w="552" /><ent r="3" t="36" w="780" /><ent r="5" t="36" w="801" /><ent r="4" t="37" w="462" /><ent r="4" t="37" w="508" /><ent r="3" t="38" w="186" /><ent r="3" t="38" w="383" /><ent r="4" t="38" w="539" /><ent r="4" t="38" w="562" /><ent r="3" t="38" w="579" /><ent r="4" t="38" w="618" /><ent r="3" t="39" w="175" /><ent r="4" t="40" w="109" /><ent r="3" t="40" w="273" /><ent r="3" t="43" w="29" /><ent r="4" t="46" w="61" /><ent r="3" t="46" w="106" /><ent r="3" t="46" w="146" /><ent r="3" t="46" w="162" /><ent r="3" t="46" w="295" /><ent r="3" t="46" w="594" /><ent r="3" t="46" w="644" /><ent r="4" t="47" w="199" /><ent r="4" t="47" w="212" /><ent r="3" t="47" w="243" /><ent r="3" t="47" w="392" /><ent r="3" t="47" w="404" /><ent r="3" t="47" w="410" /><ent r="3" t="47" w="511" /><ent r="4" t="47" w="529" /><ent r="3" t="47" w="560" /><ent r="3" t="47" w="586" /><ent r="4" t="48" w="165" /><ent r="3" t="48" w="221" /><ent r="4" t="48" w="239" /><ent r="3" t="48" w="442" /><ent r="3" t="48" w="454" /><ent r="3" t="48" w="460" /><ent r="4" t="49" w="17" /><ent r="3" t="49" w="47" /><ent r="3" t="49" w="69" /><ent r="3" t="49" w="91" /><ent r="3" t="51" w="11" /><ent r="3" t="52" w="21" /></phr><phr n="selecting"><ent r="4" t="2" w="150" /><ent r="4" t="12" w="470" /><ent r="3" t="37" w="593" /><ent r="3" t="46" w="270" /><ent r="3" t="46" w="300" /><ent r="4" t="48" w="370" /></phr><phr n="Select"><ent r="3" t="2" w="219" /><ent r="4" t="4" w="88" /><ent r="3" t="9" w="136" /><ent r="3" t="10" w="192" /><ent r="4" t="11" w="161" /><ent r="4" t="11" w="204" /><ent r="3" t="13" w="143" /><ent r="4" t="14" w="29" /><ent r="4" t="15" w="157" /><ent r="4" t="16" w="110" /><ent r="4" t="20" w="69" /><ent r="4" t="22" w="47" /><ent r="4" t="22" w="107" /><ent r="4" t="23" w="49" /><ent r="4" t="25" w="50" /><ent r="4" t="26" w="45" /><ent r="3" t="30" w="123" /><ent r="3" t="30" w="231" /><ent r="4" t="31" w="199" /><ent r="3" t="31" w="286" /><ent r="4" t="31" w="300" /><ent r="3" t="31" w="404" /><ent r="3" t="31" w="502" /><ent r="4" t="31" w="770" /><ent r="4" t="32" w="244" /><ent r="4" t="32" w="259" /><ent r="3" t="32" w="387" /><ent r="4" t="32" w="485" /><ent r="4" t="36" w="216" /><ent r="4" t="36" w="569" /><ent r="4" t="37" w="351" /><ent r="4" t="38" w="121" /><ent r="4" t="38" w="139" /><ent r="4" t="38" w="328" /><ent r="4" t="39" w="120" /><ent r="4" t="39" w="138" /><ent r="4" t="40" w="286" /><ent r="3" t="40" w="363" /><ent r="3" t="40" w="372" /><ent r="4" t="44" w="33" /><ent r="4" t="45" w="50" /><ent r="4" t="47" w="253" /><ent r="3" t="47" w="455" /><ent r="3" t="48" w="505" /><ent r="4" t="49" w="53" /><ent r="3" t="50" w="19" /></phr><phr n="selections"><ent r="4" t="4" w="43" /><ent r="3" t="40" w="255" /></phr><phr n="Selecting"><ent r="4" t="7" w="384" /><ent r="4" t="8" w="335" /></phr><phr n="selects"><ent r="3" t="11" w="184" /><ent r="3" t="60" w="171" /></phr><phr n="selection"><ent r="4" t="11" w="307" /><ent r="3" t="25" w="272" /><ent r="4" t="26" w="39" /><ent r="4" t="36" w="466" /><ent r="3" t="52" w="11" /></phr><phr n="selected"><ent r="5" t="12" w="192" /><ent r="4" t="22" w="45" /><ent r="4" t="22" w="140" /><ent r="3" t="23" w="89" /><ent r="3" t="25" w="440" /><ent r="3" t="25" w="481" /><ent r="4" t="25" w="518" /><ent r="3" t="31" w="399" /><ent r="3" t="31" w="409" /><ent r="3" t="31" w="794" /><ent r="4" t="31" w="868" /><ent r="4" t="34" w="64" /><ent r="4" t="34" w="98" /><ent r="4" t="34" w="123" /><ent r="4" t="34" w="132" /><ent r="4" t="34" w="345" /><ent r="4" t="34" w="358" /><ent r="4" t="34" w="478" /><ent r="4" t="34" w="491" /><ent r="4" t="35" w="109" /><ent r="4" t="36" w="460" /><ent r="4" t="37" w="92" /><ent r="4" t="37" w="105" /><ent r="4" t="37" w="225" /><ent r="4" t="37" w="238" /><ent r="4" t="37" w="490" /><ent r="3" t="38" w="284" /><ent r="4" t="38" w="321" /><ent r="3" t="38" w="408" /><ent r="4" t="38" w="603" /><ent r="3" t="40" w="315" /><ent r="3" t="40" w="447" /><ent r="3" t="44" w="115" /><ent r="3" t="47" w="282" /><ent r="3" t="47" w="360" /><ent r="3" t="48" w="410" /></phr><phr n="Selection"><ent r="5" t="22" w="112" /><ent r="4" t="50" w="12" /></phr></stem><stem n="point"><phr n="point"><ent r="6" t="1" w="67" /><ent r="3" t="23" w="24" /><ent r="4" t="23" w="51" /><ent r="3" t="39" w="71" /></phr></stem><stem n="imag"><phr n="image"><ent r="6" t="1" w="70" /><ent r="3" t="12" w="91" /><ent r="5" t="12" w="228" /><ent r="3" t="12" w="510" /><ent r="3" t="24" w="67" /><ent r="4" t="25" w="130" /><ent r="4" t="25" w="163" /><ent r="3" t="25" w="281" /><ent r="3" t="25" w="320" /><ent r="4" t="25" w="339" /><ent r="3" t="28" w="128" /><ent r="3" t="38" w="60" /><ent r="3" t="38" w="82" /><ent r="3" t="38" w="173" /><ent r="3" t="38" w="280" /><ent r="3" t="38" w="290" /><ent r="3" t="38" w="492" /><ent r="3" t="38" w="660" /><ent r="3" t="38" w="671" /><ent r="3" t="39" w="162" /><ent r="3" t="40" w="20" /><ent r="3" t="40" w="170" /><ent r="3" t="50" w="39" /><ent r="3" t="50" w="66" /><ent r="3" t="57" w="25" /><ent r="3" t="57" w="99" /><ent r="3" t="57" w="355" /><ent r="3" t="60" w="310" /><ent r="3" t="60" w="315" /><ent r="3" t="60" w="341" /></phr><phr n="Image"><ent r="6" t="7" w="296" /><ent r="82" t="40" w="503" /><ent r="4" t="58" w="30" /><ent r="4" t="58" w="75" /><ent r="5" t="61" w="11" /></phr><phr n="images"><ent r="3" t="12" w="30" /><ent r="3" t="25" w="384" /><ent r="3" t="57" w="325" /></phr><phr n="imaging"><ent r="3" t="55" w="315" /></phr><phr n="Images"><ent r="4" t="56" w="26" /></phr><phr n="Imaging"><ent r="4" t="58" w="39" /></phr></stem><stem n="signatur"><phr n="Signature"><ent r="6" t="1" w="81" /><ent r="6" t="1" w="89" /><ent r="67" t="1" w="95" /><ent r="6" t="1" w="103" /><ent r="6" t="1" w="114" /><ent r="67" t="1" w="120" /><ent r="6" t="1" w="125" /><ent r="67" t="1" w="152" /><ent r="6" t="1" w="161" /><ent r="67" t="1" w="170" /><ent r="6" t="1" w="176" /><ent r="67" t="1" w="182" /><ent r="6" t="1" w="276" /><ent r="6" t="1" w="437" /><ent r="1000" t="2" w="3" /><ent r="102" t="2" w="8" /><ent r="100" t="2" w="13" /><ent r="3" t="2" w="28" /><ent r="3" t="2" w="63" /><ent r="3" t="2" w="107" /><ent r="4" t="2" w="132" /><ent r="5" t="2" w="138" /><ent r="3" t="2" w="159" /><ent r="3" t="2" w="168" /><ent r="3" t="2" w="184" /><ent r="4" t="2" w="193" /><ent r="5" t="2" w="202" /><ent r="3" t="2" w="220" /><ent r="4" t="2" w="232" /><ent r="5" t="2" w="248" /><ent r="4" t="2" w="320" /><ent r="4" t="2" w="327" /><ent r="4" t="2" w="340" /><ent r="1000" t="9" w="1" /><ent r="102" t="9" w="4" /><ent r="100" t="9" w="7" /><ent r="3" t="9" w="13" /><ent r="3" t="9" w="44" /><ent r="65" t="9" w="65" /><ent r="5" t="9" w="72" /><ent r="3" t="9" w="77" /><ent r="3" t="9" w="85" /><ent r="3" t="9" w="100" /><ent r="4" t="9" w="109" /><ent r="5" t="9" w="117" /><ent r="3" t="9" w="137" /><ent r="4" t="9" w="147" /><ent r="5" t="9" w="164" /><ent r="4" t="9" w="240" /><ent r="4" t="9" w="245" /><ent r="4" t="9" w="256" /><ent r="1000" t="10" w="2" /><ent r="102" t="10" w="7" /><ent r="100" t="10" w="14" /><ent r="3" t="10" w="20" /><ent r="3" t="10" w="77" /><ent r="3" t="10" w="97" /><ent r="65" t="10" w="119" /><ent r="5" t="10" w="126" /><ent r="3" t="10" w="132" /><ent r="3" t="10" w="141" /><ent r="3" t="10" w="156" /><ent r="4" t="10" w="166" /><ent r="5" t="10" w="175" /><ent r="3" t="10" w="193" /><ent r="4" t="10" w="204" /><ent r="5" t="10" w="220" /><ent r="4" t="10" w="290" /><ent r="4" t="10" w="297" /><ent r="4" t="10" w="310" /><ent r="5" t="11" w="310" /><ent r="5" t="15" w="81" /><ent r="4" t="15" w="132" /><ent r="3" t="16" w="75" /><ent r="4" t="16" w="111" /><ent r="3" t="16" w="258" /><ent r="64" t="16" w="291" /><ent r="64" t="16" w="298" /><ent r="1000" t="17" w="3" /><ent r="102" t="17" w="18" /><ent r="1000" t="19" w="3" /><ent r="102" t="19" w="14" /><ent r="64" t="19" w="133" /><ent r="4" t="20" w="99" /><ent r="3" t="21" w="133" /><ent r="65" t="21" w="198" /><ent r="65" t="21" w="204" /><ent r="4" t="21" w="254" /><ent r="64" t="30" w="195" /><ent r="3" t="30" w="232" /><ent r="3" t="30" w="298" /><ent r="64" t="31" w="357" /><ent r="3" t="31" w="405" /><ent r="3" t="31" w="463" /><ent r="5" t="31" w="797" /><ent r="65" t="32" w="304" /><ent r="65" t="32" w="349" /><ent r="3" t="32" w="388" /><ent r="3" t="32" w="451" /><ent r="1000" t="33" w="3" /><ent r="102" t="33" w="8" /><ent r="92" t="33" w="86" /><ent r="4" t="33" w="115" /><ent r="92" t="33" w="262" /><ent r="4" t="33" w="310" /><ent r="5" t="34" w="318" /><ent r="4" t="34" w="367" /><ent r="65" t="36" w="244" /><ent r="4" t="36" w="291" /><ent r="5" t="37" w="64" /><ent r="4" t="37" w="114" /><ent r="5" t="37" w="467" /><ent r="4" t="37" w="505" /><ent r="5" t="37" w="512" /><ent r="3" t="37" w="552" /><ent r="64" t="37" w="574" /><ent r="3" t="40" w="367" /><ent r="1000" t="41" w="1" /><ent r="102" t="41" w="6" /><ent r="100" t="41" w="11" /><ent r="3" t="41" w="19" /><ent r="4" t="41" w="43" /><ent r="3" t="41" w="58" /><ent r="3" t="41" w="63" /><ent r="64" t="41" w="92" /><ent r="64" t="41" w="97" /><ent r="64" t="41" w="108" /><ent r="64" t="41" w="110" /><ent r="1000" t="42" w="3" /><ent r="102" t="42" w="8" /><ent r="100" t="42" w="13" /><ent r="100" t="42" w="16" /><ent r="100" t="42" w="20" /><ent r="100" t="42" w="25" /><ent r="3" t="42" w="32" /><ent r="3" t="42" w="46" /><ent r="3" t="42" w="77" /><ent r="3" t="42" w="103" /><ent r="64" t="42" w="129" /><ent r="64" t="42" w="138" /><ent r="1000" t="43" w="3" /><ent r="102" t="43" w="7" /><ent r="100" t="43" w="11" /><ent r="100" t="43" w="14" /><ent r="3" t="43" w="21" /><ent r="4" t="43" w="48" /><ent r="64" t="43" w="148" /><ent r="64" t="43" w="159" /><ent r="64" t="43" w="162" /><ent r="1000" t="44" w="8" /><ent r="102" t="44" w="17" /><ent r="64" t="44" w="174" /><ent r="64" t="44" w="185" /><ent r="64" t="44" w="188" /><ent r="1000" t="45" w="5" /><ent r="102" t="45" w="11" /><ent r="100" t="45" w="16" /><ent r="100" t="45" w="20" /><ent r="3" t="45" w="30" /><ent r="4" t="45" w="64" /><ent r="3" t="45" w="84" /><ent r="3" t="45" w="178" /><ent r="3" t="45" w="236" /><ent r="3" t="45" w="249" /><ent r="3" t="45" w="257" /><ent r="3" t="45" w="275" /><ent r="64" t="45" w="286" /><ent r="64" t="45" w="297" /><ent r="64" t="45" w="300" /><ent r="1000" t="46" w="1" /><ent r="100" t="46" w="8" /><ent r="100" t="46" w="12" /><ent r="102" t="46" w="15" /><ent r="100" t="46" w="20" /><ent r="100" t="46" w="25" /><ent r="5" t="46" w="63" /><ent r="3" t="46" w="67" /><ent r="92" t="46" w="75" /><ent r="92" t="46" w="174" /><ent r="82" t="46" w="178" /><ent r="3" t="46" w="302" /><ent r="82" t="46" w="524" /><ent r="3" t="46" w="535" /><ent r="3" t="46" w="582" /><ent r="3" t="46" w="590" /><ent r="3" t="46" w="627" /><ent r="3" t="46" w="665" /><ent r="3" t="46" w="681" /><ent r="64" t="46" w="708" /><ent r="1000" t="47" w="1" /><ent r="102" t="47" w="4" /><ent r="100" t="47" w="7" /><ent r="3" t="47" w="16" /><ent r="3" t="47" w="34" /><ent r="3" t="47" w="79" /><ent r="3" t="47" w="104" /><ent r="3" t="47" w="118" /><ent r="64" t="47" w="164" /><ent r="64" t="47" w="185" /><ent r="4" t="47" w="197" /><ent r="4" t="47" w="256" /><ent r="3" t="47" w="285" /><ent r="3" t="47" w="485" /><ent r="4" t="47" w="521" /><ent r="4" t="47" w="563" /><ent r="3" t="47" w="588" /><ent r="1000" t="48" w="2" /><ent r="102" t="48" w="7" /><ent r="100" t="48" w="14" /><ent r="3" t="48" w="20" /><ent r="3" t="48" w="63" /><ent r="3" t="48" w="83" /><ent r="3" t="48" w="97" /><ent r="64" t="48" w="137" /><ent r="92" t="48" w="149" /><ent r="4" t="48" w="159" /><ent r="4" t="48" w="242" /><ent r="3" t="48" w="255" /></phr><phr n="Signatures"><ent r="6" t="1" w="156" /><ent r="67" t="1" w="165" /><ent r="65" t="14" w="84" /><ent r="65" t="15" w="270" /><ent r="1000" t="16" w="2" /><ent r="102" t="16" w="15" /><ent r="4" t="16" w="239" /><ent r="64" t="17" w="79" /><ent r="64" t="19" w="125" /><ent r="64" t="20" w="181" /><ent r="5" t="30" w="89" /><ent r="3" t="30" w="129" /><ent r="4" t="30" w="166" /><ent r="5" t="31" w="303" /><ent r="4" t="31" w="320" /><ent r="3" t="31" w="508" /><ent r="5" t="32" w="262" /><ent r="5" t="32" w="274" /><ent r="5" t="32" w="324" /><ent r="4" t="32" w="491" /><ent r="4" t="33" w="282" /><ent r="92" t="35" w="332" /><ent r="4" t="36" w="217" /><ent r="5" t="37" w="355" /><ent r="3" t="37" w="374" /><ent r="4" t="40" w="287" /><ent r="3" t="40" w="364" /><ent r="100" t="41" w="16" /><ent r="64" t="41" w="101" /><ent r="100" t="43" w="16" /><ent r="3" t="43" w="138" /><ent r="1000" t="44" w="3" /><ent r="102" t="44" w="12" /><ent r="100" t="44" w="21" /><ent r="100" t="44" w="24" /><ent r="100" t="44" w="26" /><ent r="4" t="44" w="46" /><ent r="3" t="44" w="127" /><ent r="3" t="44" w="164" /><ent r="100" t="45" w="22" /><ent r="92" t="46" w="116" /><ent r="92" t="46" w="156" /><ent r="4" t="47" w="110" /><ent r="5" t="47" w="215" /><ent r="3" t="47" w="229" /><ent r="5" t="47" w="532" /></phr><phr n="signatures"><ent r="6" t="1" w="190" /><ent r="6" t="1" w="194" /><ent r="6" t="1" w="273" /><ent r="6" t="1" w="285" /><ent r="6" t="1" w="357" /><ent r="6" t="1" w="434" /><ent r="6" t="1" w="446" /><ent r="3" t="10" w="61" /><ent r="3" t="10" w="83" /><ent r="3" t="11" w="115" /><ent r="3" t="13" w="26" /><ent r="3" t="13" w="44" /><ent r="65" t="13" w="179" /><ent r="4" t="14" w="77" /><ent r="4" t="15" w="120" /><ent r="4" t="15" w="263" /><ent r="100" t="16" w="12" /><ent r="3" t="16" w="26" /><ent r="4" t="16" w="166" /><ent r="4" t="16" w="181" /><ent r="4" t="16" w="213" /><ent r="4" t="16" w="218" /><ent r="3" t="16" w="264" /><ent r="4" t="19" w="55" /><ent r="3" t="21" w="24" /><ent r="3" t="21" w="37" /><ent r="3" t="21" w="66" /><ent r="3" t="21" w="79" /><ent r="4" t="21" w="242" /><ent r="3" t="28" w="42" /><ent r="3" t="30" w="182" /><ent r="3" t="30" w="190" /><ent r="3" t="31" w="120" /><ent r="3" t="31" w="342" /><ent r="3" t="31" w="352" /><ent r="3" t="32" w="43" /><ent r="3" t="32" w="160" /><ent r="4" t="32" w="270" /><ent r="4" t="32" w="291" /><ent r="4" t="32" w="299" /><ent r="4" t="32" w="336" /><ent r="4" t="32" w="344" /><ent r="3" t="33" w="43" /><ent r="3" t="33" w="144" /><ent r="4" t="33" w="155" /><ent r="3" t="33" w="239" /><ent r="3" t="33" w="252" /><ent r="4" t="33" w="345" /><ent r="3" t="34" w="42" /><ent r="4" t="34" w="125" /><ent r="4" t="34" w="134" /><ent r="4" t="34" w="138" /><ent r="3" t="34" w="156" /><ent r="3" t="34" w="163" /><ent r="5" t="34" w="323" /><ent r="4" t="34" w="480" /><ent r="4" t="34" w="493" /><ent r="4" t="36" w="187" /><ent r="4" t="36" w="231" /><ent r="4" t="36" w="239" /><ent r="4" t="36" w="249" /><ent r="4" t="36" w="364" /><ent r="4" t="36" w="399" /><ent r="4" t="36" w="721" /><ent r="5" t="37" w="69" /><ent r="4" t="37" w="227" /><ent r="4" t="37" w="240" /><ent r="4" t="37" w="338" /><ent r="4" t="37" w="456" /><ent r="4" t="37" w="491" /><ent r="4" t="37" w="557" /><ent r="4" t="37" w="597" /><ent r="3" t="40" w="270" /><ent r="3" t="40" w="275" /><ent r="3" t="40" w="316" /><ent r="3" t="40" w="374" /><ent r="3" t="41" w="29" /><ent r="3" t="41" w="72" /><ent r="3" t="42" w="53" /><ent r="3" t="42" w="82" /><ent r="3" t="43" w="27" /><ent r="3" t="43" w="127" /><ent r="3" t="44" w="111" /><ent r="3" t="44" w="138" /><ent r="3" t="44" w="148" /><ent r="3" t="45" w="131" /><ent r="3" t="46" w="122" /><ent r="3" t="46" w="165" /><ent r="82" t="46" w="317" /><ent r="3" t="46" w="330" /><ent r="3" t="46" w="357" /><ent r="3" t="46" w="368" /><ent r="3" t="46" w="542" /><ent r="3" t="46" w="619" /><ent r="92" t="47" w="472" /><ent r="3" t="47" w="481" /><ent r="3" t="47" w="499" /><ent r="3" t="48" w="27" /><ent r="3" t="48" w="55" /><ent r="3" t="48" w="106" /><ent r="3" t="48" w="113" /><ent r="4" t="48" w="380" /><ent r="3" t="55" w="141" /><ent r="3" t="57" w="379" /></phr><phr n="signature"><ent r="6" t="1" w="267" /><ent r="6" t="1" w="397" /><ent r="6" t="1" w="407" /><ent r="6" t="1" w="428" /><ent r="3" t="2" w="33" /><ent r="3" t="2" w="259" /><ent r="4" t="2" w="279" /><ent r="4" t="2" w="289" /><ent r="4" t="2" w="304" /><ent r="3" t="9" w="18" /><ent r="3" t="9" w="176" /><ent r="4" t="9" w="196" /><ent r="4" t="9" w="208" /><ent r="4" t="9" w="222" /><ent r="3" t="10" w="27" /><ent r="3" t="11" w="131" /><ent r="3" t="13" w="69" /><ent r="3" t="13" w="88" /><ent r="65" t="13" w="187" /><ent r="65" t="13" w="202" /><ent r="4" t="15" w="89" /><ent r="4" t="16" w="120" /><ent r="4" t="16" w="134" /><ent r="4" t="16" w="153" /><ent r="4" t="16" w="179" /><ent r="4" t="16" w="188" /><ent r="4" t="16" w="194" /><ent r="4" t="16" w="243" /><ent r="100" t="17" w="12" /><ent r="4" t="17" w="31" /><ent r="4" t="17" w="42" /><ent r="4" t="17" w="53" /><ent r="100" t="19" w="10" /><ent r="3" t="19" w="20" /><ent r="4" t="19" w="35" /><ent r="4" t="19" w="74" /><ent r="4" t="20" w="122" /><ent r="4" t="20" w="127" /><ent r="4" t="21" w="172" /><ent r="3" t="30" w="227" /><ent r="3" t="30" w="241" /><ent r="3" t="30" w="283" /><ent r="4" t="30" w="391" /><ent r="3" t="31" w="93" /><ent r="3" t="31" w="346" /><ent r="3" t="31" w="391" /><ent r="3" t="31" w="447" /><ent r="3" t="31" w="524" /><ent r="4" t="31" w="631" /><ent r="4" t="31" w="806" /><ent r="4" t="31" w="850" /><ent r="4" t="31" w="882" /><ent r="4" t="31" w="913" /><ent r="3" t="32" w="357" /><ent r="3" t="32" w="383" /><ent r="3" t="32" w="397" /><ent r="3" t="32" w="436" /><ent r="4" t="32" w="471" /><ent r="3" t="33" w="16" /><ent r="3" t="33" w="46" /><ent r="3" t="33" w="176" /><ent r="4" t="34" w="89" /><ent r="4" t="34" w="100" /><ent r="4" t="34" w="130" /><ent r="4" t="34" w="252" /><ent r="4" t="34" w="273" /><ent r="4" t="34" w="360" /><ent r="4" t="34" w="433" /><ent r="4" t="34" w="449" /><ent r="4" t="34" w="489" /><ent r="3" t="35" w="355" /><ent r="3" t="35" w="377" /><ent r="4" t="36" w="90" /><ent r="4" t="36" w="111" /><ent r="4" t="36" w="287" /><ent r="4" t="36" w="300" /><ent r="4" t="36" w="338" /><ent r="4" t="36" w="418" /><ent r="4" t="36" w="496" /><ent r="3" t="36" w="732" /><ent r="4" t="37" w="107" /><ent r="4" t="37" w="180" /><ent r="4" t="37" w="196" /><ent r="4" t="37" w="236" /><ent r="4" t="37" w="292" /><ent r="4" t="37" w="483" /><ent r="4" t="37" w="519" /><ent r="4" t="37" w="531" /><ent r="4" t="37" w="560" /><ent r="4" t="37" w="600" /><ent r="3" t="41" w="34" /><ent r="3" t="41" w="37" /><ent r="4" t="43" w="64" /><ent r="3" t="43" w="68" /><ent r="3" t="43" w="74" /><ent r="3" t="43" w="104" /><ent r="3" t="43" w="110" /><ent r="4" t="44" w="58" /><ent r="4" t="44" w="68" /><ent r="3" t="44" w="131" /><ent r="3" t="44" w="153" /><ent r="3" t="45" w="34" /><ent r="4" t="45" w="77" /><ent r="3" t="45" w="90" /><ent r="3" t="45" w="113" /><ent r="3" t="45" w="124" /><ent r="3" t="45" w="143" /><ent r="3" t="45" w="169" /><ent r="3" t="45" w="184" /><ent r="3" t="45" w="264" /><ent r="3" t="46" w="34" /><ent r="3" t="46" w="82" /><ent r="3" t="46" w="193" /><ent r="82" t="46" w="208" /><ent r="4" t="46" w="219" /><ent r="3" t="46" w="230" /><ent r="3" t="46" w="243" /><ent r="82" t="46" w="320" /><ent r="3" t="46" w="341" /><ent r="3" t="46" w="403" /><ent r="3" t="46" w="436" /><ent r="3" t="46" w="458" /><ent r="3" t="46" w="470" /><ent r="3" t="46" w="487" /><ent r="3" t="46" w="505" /><ent r="3" t="46" w="518" /><ent r="3" t="47" w="39" /><ent r="3" t="47" w="140" /><ent r="3" t="47" w="159" /><ent r="92" t="47" w="192" /><ent r="4" t="47" w="201" /><ent r="3" t="47" w="237" /><ent r="3" t="47" w="320" /><ent r="4" t="47" w="337" /><ent r="4" t="47" w="342" /><ent r="3" t="47" w="445" /><ent r="3" t="47" w="508" /><ent r="3" t="47" w="513" /><ent r="3" t="48" w="125" /><ent r="3" t="48" w="134" /><ent r="4" t="48" w="344" /><ent r="4" t="48" w="368" /><ent r="4" t="48" w="372" /><ent r="3" t="48" w="495" /><ent r="3" t="55" w="132" /><ent r="3" t="57" w="116" /><ent r="3" t="57" w="196" /></phr></stem></index>