<?xml version="1.0" encoding="utf-8"?><index><stem n="(measurements)."><phr n="(measurements)."><ent r="3" t="57" w="220" /></phr></stem><stem n="n"><phr n="N"><ent r="4" t="57" w="236" /><ent r="3" t="59" w="43" /><ent r="4" t="59" w="48" /><ent r="3" t="59" w="216" /><ent r="3" t="59" w="226" /></phr></stem><stem n=",…,n,"><phr n=",…,N,"><ent r="4" t="57" w="237" /></phr></stem><stem n="r"><phr n="r"><ent r="4" t="57" w="240" /><ent r="4" t="57" w="292" /><ent r="4" t="63" w="5" /></phr></stem><stem n="produc"><phr n="produce"><ent r="3" t="57" w="272" /></phr></stem><stem n="&quot;cem"><phr n="&quot;CEM"><ent r="3" t="57" w="274" /></phr></stem><stem n="score"><phr n="score"><ent r="3" t="57" w="275" /></phr></stem><stem n="-center"><phr n="-centered"><ent r="3" t="57" w="299" /><ent r="3" t="57" w="299" /></phr></stem><stem n="mean-cent"><phr n="mean-centered"><ent r="3" t="57" w="299" /></phr></stem><stem n="spectrometri"><phr n="spectrometry"><ent r="3" t="57" w="316" /></phr></stem><stem n="assum"><phr n="assumed"><ent r="3" t="57" w="321" /></phr></stem><stem n="stationari"><phr n="stationary"><ent r="3" t="57" w="324" /></phr></stem><stem n="air"><phr n="air"><ent r="3" t="57" w="335" /></phr></stem><stem n="well"><phr n="well"><ent r="3" t="57" w="345" /></phr></stem><stem n="well-condit"><phr n="well-conditioned"><ent r="3" t="57" w="345" /></phr></stem><stem n="condit"><phr n="conditioned"><ent r="3" t="57" w="346" /></phr></stem><stem n="-conditioned,"><phr n="-conditioned,"><ent r="3" t="57" w="347" /><ent r="3" t="57" w="347" /></phr></stem><stem n="so"><phr n="so"><ent r="3" t="57" w="347" /><ent r="3" t="61" w="37" /><ent r="3" t="61" w="68" /></phr></stem><stem n="singular"><phr n="singular"><ent r="3" t="57" w="354" /></phr></stem><stem n="decomposit"><phr n="decomposition"><ent r="3" t="57" w="356" /></phr></stem><stem n="eigenvalu"><phr n="eigenvalue"><ent r="3" t="57" w="366" /></phr></stem><stem n="/eigenvector"><phr n="/eigenvector"><ent r="3" t="57" w="367" /></phr></stem><stem n="eigenvector"><phr n="eigenvector"><ent r="3" t="57" w="367" /></phr></stem><stem n="_popup"><phr n="_Popup"><ent r="1000" t="58" w="2" /></phr></stem><stem n="techniqu"><phr n="technique"><ent r="4" t="58" w="15" /></phr></stem><stem n="harsanyi"><phr n="Harsanyi"><ent r="4" t="58" w="16" /></phr></stem><stem n="(harsanyi,"><phr n="(Harsanyi,"><ent r="4" t="58" w="17" /></phr></stem><stem n="1993"><phr n="1993"><ent r="4" t="58" w="17" /><ent r="4" t="60" w="27" /></phr></stem><stem n="&quot;local"><phr n="&quot;Locally"><ent r="4" t="58" w="19" /></phr></stem><stem n="aviri"><phr n="AVIRIS"><ent r="4" t="58" w="25" /></phr></stem><stem n=",&quot;"><phr n=",&quot;"><ent r="4" t="58" w="27" /><ent r="4" t="60" w="42" /><ent r="4" t="63" w="37" /><ent r="4" t="63" w="68" /></phr></stem><stem n="dmitri"><phr n="Dmitry"><ent r="4" t="58" w="27" /></phr></stem><stem n="frolov"><phr n="Frolov"><ent r="4" t="58" w="28" /></phr></stem><stem n="randal"><phr n="Randall"><ent r="4" t="58" w="30" /></phr></stem><stem n="b"><phr n="B"><ent r="4" t="58" w="31" /><ent r="4" t="60" w="9" /><ent r="4" t="60" w="15" /><ent r="3" t="62" w="61" /><ent r="3" t="62" w="123" /></phr></stem><stem n="smith"><phr n="Smith"><ent r="4" t="58" w="32" /></phr></stem><stem n="microimag"><phr n="MicroImages"><ent r="4" t="58" w="33" /></phr></stem><stem n="inc"><phr n="Inc"><ent r="4" t="58" w="34" /><ent r="4" t="60" w="82" /></phr></stem><stem n="endmemb"><phr n="endmember"><ent r="3" t="59" w="33" /></phr></stem><stem n="-dimension"><phr n="-dimensional"><ent r="3" t="59" w="43" /><ent r="3" t="59" w="43" /></phr></stem><stem n="n-dimension"><phr n="n-dimensional"><ent r="3" t="59" w="43" /></phr></stem><stem n="dimension"><phr n="dimensional"><ent r="3" t="59" w="44" /></phr></stem><stem n="direct"><phr n="direction"><ent r="4" t="59" w="69" /><ent r="4" t="59" w="133" /><ent r="3" t="59" w="269" /></phr></stem><stem n="insensit"><phr n="insensitive"><ent r="3" t="59" w="121" /><ent r="3" t="59" w="283" /></phr></stem><stem n="illumin"><phr n="illumination"><ent r="3" t="59" w="123" /><ent r="3" t="59" w="336" /></phr></stem><stem n="length"><phr n="length"><ent r="4" t="59" w="140" /><ent r="3" t="59" w="277" /></phr><phr n="lengths"><ent r="4" t="59" w="300" /></phr></stem><stem n="(in"><phr n="(in"><ent r="3" t="59" w="159" /></phr></stem><stem n="consist"><phr n="consists"><ent r="3" t="59" w="167" /></phr></stem><stem n="take"><phr n="taking"><ent r="3" t="59" w="169" /></phr></stem><stem n="arccosin"><phr n="arccosine"><ent r="3" t="59" w="171" /></phr></stem><stem n="dot"><phr n="dot"><ent r="3" t="59" w="174" /></phr></stem><stem n="&quot;spectral"><phr n="&quot;spectral"><ent r="3" t="59" w="188" /></phr></stem><stem n="&quot;)"><phr n="&quot;)"><ent r="3" t="59" w="190" /></phr></stem><stem n="(input"><phr n="(input"><ent r="3" t="59" w="195" /></phr></stem><stem n="(i)"><phr n="(i)"><ent r="3" t="59" w="210" /><ent r="3" t="59" w="220" /></phr></stem><stem n="(i"><phr n="(i"><ent r="3" t="59" w="213" /><ent r="3" t="59" w="223" /></phr></stem><stem n="|t|"><phr n="|T|"><ent r="3" t="59" w="228" /><ent r="3" t="59" w="258" /></phr></stem><stem n="squar"><phr n="square"><ent r="3" t="59" w="229" /><ent r="3" t="59" w="240" /></phr></stem><stem n="root"><phr n="root"><ent r="3" t="59" w="230" /><ent r="3" t="59" w="241" /></phr></stem><stem n="(t(i)"><phr n="(T(i)"><ent r="3" t="59" w="236" /></phr></stem><stem n="(i))"><phr n="(i))"><ent r="3" t="59" w="238" /><ent r="3" t="59" w="249" /></phr></stem><stem n="|p|"><phr n="|P|"><ent r="3" t="59" w="239" /><ent r="3" t="59" w="259" /></phr></stem><stem n="(p(i)"><phr n="(P(i)"><ent r="3" t="59" w="247" /></phr></stem><stem n="arcco"><phr n="arccos"><ent r="3" t="59" w="251" /></phr></stem><stem n="(sum"><phr n="(Sum"><ent r="3" t="59" w="252" /></phr></stem><stem n="(t(i)*p(i)))"><phr n="(T(i)*P(i)))"><ent r="3" t="59" w="258" /></phr></stem><stem n="demonstr"><phr n="demonstrates"><ent r="3" t="59" w="279" /></phr></stem><stem n="invari"><phr n="invariant"><ent r="3" t="59" w="294" /></phr></stem><stem n="respect"><phr n="respect"><ent r="3" t="59" w="296" /></phr></stem><stem n="(from"><phr n="(from"><ent r="3" t="59" w="310" /><ent r="3" t="59" w="323" /></phr></stem><stem n="remot"><phr n="remotely"><ent r="3" t="59" w="318" /></phr><phr n="Remote"><ent r="4" t="60" w="42" /><ent r="3" t="62" w="13" /><ent r="3" t="62" w="32" /><ent r="3" t="62" w="100" /><ent r="3" t="62" w="227" /><ent r="3" t="62" w="249" /><ent r="5" t="63" w="72" /></phr></stem><stem n="sens"><phr n="sensed"><ent r="3" t="59" w="319" /></phr><phr n="Sensing"><ent r="4" t="60" w="43" /><ent r="3" t="62" w="14" /><ent r="3" t="62" w="33" /><ent r="3" t="62" w="228" /><ent r="5" t="63" w="73" /></phr></stem><stem n="inher"><phr n="inherently"><ent r="3" t="59" w="327" /></phr></stem><stem n="topograph"><phr n="topographic"><ent r="3" t="59" w="335" /></phr></stem><stem n="chosen"><phr n="chosen"><ent r="3" t="59" w="343" /></phr></stem><stem n="(pixel)"><phr n="(pixel)"><ent r="3" t="59" w="358" /></phr></stem><stem n="smallest"><phr n="smallest"><ent r="3" t="59" w="403" /></phr></stem><stem n="_refer"><phr n="_References"><ent r="1000" t="60" w="2" /></phr></stem><stem n="kruse"><phr n="Kruse"><ent r="4" t="60" w="4" /></phr></stem><stem n=".a.,"><phr n=".A.,"><ent r="4" t="60" w="7" /></phr></stem><stem n="lefkoff"><phr n="Lefkoff"><ent r="4" t="60" w="7" /></phr></stem><stem n=".b.,"><phr n=".B.,"><ent r="4" t="60" w="10" /><ent r="4" t="60" w="16" /></phr></stem><stem n="boardman"><phr n="Boardman"><ent r="4" t="60" w="10" /><ent r="4" t="63" w="55" /></phr></stem><stem n="j"><phr n="J"><ent r="4" t="60" w="11" /><ent r="4" t="60" w="21" /><ent r="4" t="63" w="37" /><ent r="4" t="63" w="48" /></phr></stem><stem n="w"><phr n="W"><ent r="4" t="60" w="12" /><ent r="4" t="63" w="50" /><ent r="4" t="63" w="54" /></phr></stem><stem n=".w.,"><phr n=".W.,"><ent r="4" t="60" w="13" /></phr></stem><stem n="heidebrecht"><phr n="Heidebrecht"><ent r="4" t="60" w="13" /></phr></stem><stem n="shapiro"><phr n="Shapiro"><ent r="4" t="60" w="16" /></phr></stem><stem n=".t.,"><phr n=".T.,"><ent r="4" t="60" w="19" /></phr></stem><stem n="barloon"><phr n="Barloon"><ent r="4" t="60" w="19" /></phr></stem><stem n=".j.,"><phr n=".J.,"><ent r="4" t="60" w="22" /></phr></stem><stem n="goetz"><phr n="Goetz"><ent r="4" t="60" w="23" /></phr></stem><stem n=".f.h."><phr n=".F.H."><ent r="4" t="60" w="27" /></phr></stem><stem n="(1993),"><phr n="(1993),"><ent r="4" t="60" w="28" /></phr></stem><stem n="&quot;the"><phr n="&quot;The"><ent r="4" t="60" w="28" /><ent r="4" t="63" w="57" /></phr></stem><stem n="system"><phr n="System"><ent r="4" t="60" w="32" /></phr><phr n="Systems"><ent r="4" t="60" w="81" /><ent r="5" t="63" w="42" /></phr></stem><stem n="sip"><phr n="SIPS"><ent r="4" t="60" w="33" /></phr></stem><stem n="(sips)"><phr n="(SIPS)"><ent r="4" t="60" w="34" /></phr></stem><stem n="spectromet"><phr n="Spectrometer"><ent r="4" t="60" w="40" /></phr></stem><stem n="44"><phr n="44"><ent r="4" t="60" w="47" /></phr></stem><stem n="pp"><phr n="pp"><ent r="4" t="60" w="48" /></phr></stem><stem n="-163"><phr n="-163"><ent r="4" t="60" w="49" /><ent r="4" t="60" w="49" /></phr></stem><stem n="145"><phr n="145"><ent r="4" t="60" w="49" /></phr></stem><stem n="145-163"><phr n="145-163"><ent r="4" t="60" w="49" /></phr></stem><stem n="163"><phr n="163"><ent r="4" t="60" w="50" /></phr></stem><stem n="univers"><phr n="University"><ent r="4" t="60" w="52" /></phr></stem><stem n="texa"><phr n="Texas"><ent r="4" t="60" w="54" /></phr></stem><stem n="austin"><phr n="Austin"><ent r="4" t="60" w="56" /></phr></stem><stem n="research"><phr n="Research"><ent r="4" t="60" w="60" /><ent r="4" t="60" w="80" /></phr></stem><stem n="www"><phr n="www"><ent r="4" t="60" w="62" /><ent r="4" t="60" w="84" /></phr></stem><stem n="csr"><phr n="csr"><ent r="4" t="60" w="63" /></phr></stem><stem n="utexa"><phr n="utexas"><ent r="4" t="60" w="64" /></phr></stem><stem n="edu"><phr n="edu"><ent r="4" t="60" w="65" /><ent r="4" t="60" w="87" /><ent r="4" t="60" w="96" /></phr></stem><stem n="rs"><phr n="rs"><ent r="4" t="60" w="67" /></phr></stem><stem n="hr"><phr n="hrs"><ent r="4" t="60" w="68" /></phr></stem><stem n="://www.csr.utexas.edu/projects/rs/hrs/analysis.html"><phr n="://www.csr.utexas.edu/projects/rs/hrs/analysis.html"><ent r="4" t="60" w="70" /></phr></stem><stem n="html"><phr n="html"><ent r="4" t="60" w="70" /></phr></stem><stem n="introduct"><phr n="Introduction"><ent r="4" t="60" w="72" /></phr></stem><stem n="dr"><phr n="Dr"><ent r="4" t="60" w="77" /></phr></stem><stem n="peg"><phr n="Peg"><ent r="4" t="60" w="78" /></phr></stem><stem n="shippert"><phr n="Shippert"><ent r="4" t="60" w="79" /><ent r="4" t="60" w="89" /><ent r="4" t="60" w="98" /></phr></stem><stem n="k-state"><phr n="k-state"><ent r="4" t="60" w="85" /></phr></stem><stem n="rssg"><phr n="rssg"><ent r="4" t="60" w="88" /></phr></stem><stem n="://www.k-state.edu/rssg/shippert.pdf"><phr n="://www.k-state.edu/rssg/shippert.pdf"><ent r="4" t="60" w="90" /></phr></stem><stem n="satjourn"><phr n="satjournal"><ent r="4" t="60" w="93" /></phr></stem><stem n="tcom"><phr n="tcom"><ent r="4" t="60" w="94" /></phr></stem><stem n="ohiou"><phr n="ohiou"><ent r="4" t="60" w="95" /></phr></stem><stem n="://satjournal.tcom.ohiou.edu/pdf/shippert.pdf."><phr n="://satjournal.tcom.ohiou.edu/pdf/shippert.pdf."><ent r="4" t="60" w="100" /></phr></stem><stem n="let"><phr n="Let"><ent r="3" t="61" w="7" /></phr></stem><stem n="sai"><phr n="say"><ent r="3" t="61" w="9" /></phr></stem><stem n="mydata"><phr n="mydata"><ent r="3" t="61" w="15" /><ent r="3" t="61" w="42" /><ent r="3" t="61" w="51" /><ent r="3" t="61" w="73" /><ent r="3" t="61" w="112" /></phr></stem><stem n="&quot;mydata&quot;"><phr n="&quot;mydata&quot;"><ent r="3" t="61" w="16" /><ent r="3" t="61" w="113" /></phr></stem><stem n="20"><phr n="20"><ent r="3" t="61" w="19" /></phr></stem><stem n="entri"><phr n="entries"><ent r="3" t="61" w="21" /></phr></stem><stem n="mydata1"><phr n="mydata1"><ent r="4" t="61" w="23" /><ent r="4" t="61" w="56" /><ent r="4" t="61" w="82" /></phr></stem><stem n="mydata2"><phr n="mydata2"><ent r="4" t="61" w="24" /></phr></stem><stem n="etc"><phr n="etc"><ent r="3" t="61" w="26" /></phr></stem><stem n="string"><phr n="string"><ent r="3" t="61" w="34" /></phr></stem><stem n="everyth"><phr n="everything"><ent r="3" t="61" w="49" /></phr></stem><stem n="&quot;mydata.&quot;"><phr n="&quot;mydata.&quot;"><ent r="3" t="61" w="52" /></phr></stem><stem n="mydata20"><phr n="mydata20"><ent r="4" t="61" w="60" /><ent r="4" t="61" w="96" /></phr></stem><stem n="?"><phr n="?"><ent r="3" t="61" w="63" /><ent r="3" t="61" w="74" /></phr></stem><stem n="mydata9"><phr n="mydata9"><ent r="4" t="61" w="86" /></phr></stem><stem n="remain"><phr n="remaining"><ent r="3" t="61" w="89" /></phr></stem><stem n="—"><phr n="—"><ent r="3" t="61" w="91" /></phr></stem><stem n="mydata10"><phr n="mydata10"><ent r="4" t="61" w="92" /></phr></stem><stem n="—will"><phr n="—will"><ent r="3" t="61" w="98" /></phr></stem><stem n="instead"><phr n="instead"><ent r="3" t="61" w="113" /></phr></stem><stem n="situ"><phr n="situ"><ent r="3" t="62" w="18" /><ent r="4" t="62" w="91" /><ent r="3" t="62" w="212" /><ent r="3" t="62" w="225" /></phr></stem><stem n="overflight"><phr n="overflight"><ent r="3" t="62" w="34" /></phr></stem><stem n="bv"><phr n="BV"><ent r="3" t="62" w="56" /><ent r="3" t="62" w="67" /><ent r="3" t="62" w="118" /></phr></stem><stem n="surfac"><phr n="surface"><ent r="3" t="62" w="93" /></phr></stem><stem n="ifov"><phr n="IFOV"><ent r="3" t="62" w="102" /></phr></stem><stem n="term"><phr n="term"><ent r="3" t="62" w="114" /><ent r="3" t="62" w="130" /><ent r="3" t="62" w="134" /><ent r="3" t="62" w="147" /></phr></stem><stem n="(gain)"><phr n="(gain)"><ent r="3" t="62" w="116" /></phr></stem><stem n="(offset)."><phr n="(offset)."><ent r="3" t="62" w="132" /></phr></stem><stem n="primarili"><phr n="primarily"><ent r="3" t="62" w="137" /><ent r="3" t="62" w="149" /></phr></stem><stem n="instrument"><phr n="instrumental"><ent r="3" t="62" w="142" /><ent r="3" t="62" w="155" /></phr><phr n="instrument"><ent r="3" t="62" w="359" /></phr></stem><stem n="deal"><phr n="deals"><ent r="3" t="62" w="148" /></phr></stem><stem n="elc"><phr n="ELC"><ent r="3" t="62" w="167" /></phr></stem><stem n="(elc),"><phr n="(ELC),"><ent r="3" t="62" w="168" /></phr></stem><stem n="(e.g.,"><phr n="(e.g.,"><ent r="3" t="62" w="184" /></phr></stem><stem n="sand"><phr n="sand"><ent r="3" t="62" w="190" /></phr></stem><stem n="pile"><phr n="pile"><ent r="3" t="62" w="191" /></phr></stem><stem n="nonturbid"><phr n="nonturbid"><ent r="3" t="62" w="200" /></phr></stem><stem n="spectroradiomet"><phr n="spectroradiometer"><ent r="3" t="62" w="213" /></phr></stem><stem n="–deriv"><phr n="–derived"><ent r="3" t="62" w="229" /></phr></stem><stem n="attenu"><phr n="attenuation"><ent r="3" t="62" w="260" /></phr></stem><stem n="variat"><phr n="variation"><ent r="3" t="62" w="307" /></phr></stem><stem n="equival"><phr n="equivalent"><ent r="3" t="62" w="347" /></phr></stem><stem n="solar"><phr n="solar"><ent r="3" t="62" w="351" /></phr></stem><stem n="irradi"><phr n="irradiance"><ent r="3" t="62" w="352" /></phr></stem><stem n="john"><phr n="John"><ent r="4" t="63" w="4" /></phr></stem><stem n="jensen"><phr n="Jensen"><ent r="4" t="63" w="6" /></phr></stem><stem n="2004"><phr n="2004"><ent r="4" t="63" w="7" /></phr></stem><stem n="introductori"><phr n="Introductory"><ent r="5" t="63" w="9" /></phr></stem><stem n="3rd"><phr n="3rd"><ent r="4" t="63" w="14" /></phr></stem><stem n="ed"><phr n="Ed"><ent r="4" t="63" w="15" /></phr></stem><stem n=".,"><phr n=".,"><ent r="4" t="63" w="16" /></phr></stem><stem n="saddl"><phr n="Saddle"><ent r="4" t="63" w="17" /></phr></stem><stem n="river"><phr n="River"><ent r="4" t="63" w="18" /></phr></stem><stem n="nj"><phr n="NJ"><ent r="4" t="63" w="19" /></phr></stem><stem n="prentic"><phr n="Prentice"><ent r="4" t="63" w="20" /></phr></stem><stem n="hall"><phr n="Hall"><ent r="4" t="63" w="21" /></phr></stem><stem n="&quot;consider"><phr n="&quot;Considerations"><ent r="4" t="63" w="23" /></phr></stem><stem n="consider"><phr n="Considerations"><ent r="4" t="63" w="23" /></phr></stem><stem n="analyz"><phr n="analyzing"><ent r="4" t="63" w="28" /></phr></stem><stem n="environment"><phr n="environmental"><ent r="4" t="63" w="35" /></phr></stem><stem n="investig"><phr n="investigations"><ent r="4" t="63" w="36" /></phr></stem><stem n="ournal"><phr n="ournal"><ent r="5" t="63" w="39" /></phr></stem><stem n="geograph"><phr n="Geographical"><ent r="5" t="63" w="41" /></phr></stem><stem n="-verlag"><phr n="-Verlag"><ent r="4" t="63" w="44" /><ent r="4" t="63" w="44" /></phr></stem><stem n="springer"><phr n="Springer"><ent r="4" t="63" w="44" /></phr></stem><stem n="springer-verlag"><phr n="Springer-Verlag"><ent r="4" t="63" w="44" /></phr></stem><stem n="verlag"><phr n="Verlag"><ent r="4" t="63" w="45" /></phr></stem><stem n="2002"><phr n="2002"><ent r="4" t="63" w="46" /></phr></stem><stem n="richard"><phr n="Richard"><ent r="4" t="63" w="47" /></phr></stem><stem n="aspinal"><phr n="Aspinall"><ent r="4" t="63" w="49" /></phr></stem><stem n="andrew"><phr n="Andrew"><ent r="4" t="63" w="51" /></phr></stem><stem n="marcu"><phr n="Marcus"><ent r="4" t="63" w="52" /></phr></stem><stem n="joseph"><phr n="Joseph"><ent r="4" t="63" w="53" /></phr></stem><stem n="ikono"><phr n="IKONOS"><ent r="4" t="63" w="66" /></phr></stem><stem n="imageri"><phr n="imagery"><ent r="4" t="63" w="67" /></phr></stem><stem n="journal"><phr n="Journal"><ent r="5" t="63" w="70" /></phr></stem><stem n="2003"><phr n="2003"><ent r="4" t="63" w="75" /></phr></stem><stem n="karpouzli"><phr n="Karpouzli"><ent r="4" t="63" w="77" /></phr></stem><stem n="malthu"><phr n="Malthus"><ent r="4" t="63" w="80" /></phr></stem></index>