﻿<?xml version="1.0" encoding="utf-8"?><index><stem n="s"><phr n="s"><ent r="4" t="2" w="292" /><ent r="4" t="2" w="307" /><ent r="3" t="11" w="59" /><ent r="3" t="12" w="34" /><ent r="4" t="15" w="226" /><ent r="3" t="15" w="237" /><ent r="4" t="16" w="64" /><ent r="4" t="18" w="69" /><ent r="3" t="30" w="284" /><ent r="3" t="31" w="448" /><ent r="3" t="32" w="437" /><ent r="4" t="36" w="339" /><ent r="3" t="38" w="71" /><ent r="4" t="38" w="469" /><ent r="4" t="38" w="639" /><ent r="3" t="39" w="63" /><ent r="4" t="39" w="264" /><ent r="5" t="47" w="248" /><ent r="3" t="47" w="565" /><ent r="3" t="47" w="677" /><ent r="3" t="57" w="23" /><ent r="3" t="57" w="268" /><ent r="3" t="57" w="296" /><ent r="3" t="59" w="111" /><ent r="3" t="61" w="8" /></phr></stem><stem n="(s)"><phr n="(s)"><ent r="4" t="2" w="293" /><ent r="4" t="2" w="308" /><ent r="3" t="30" w="285" /><ent r="3" t="31" w="449" /><ent r="3" t="32" w="438" /><ent r="4" t="36" w="340" /><ent r="5" t="47" w="249" /></phr></stem><stem n="ad"><phr n="added"><ent r="4" t="2" w="294" /><ent r="4" t="9" w="212" /><ent r="4" t="10" w="265" /><ent r="4" t="16" w="156" /><ent r="3" t="35" w="250" /><ent r="3" t="35" w="268" /><ent r="4" t="36" w="398" /><ent r="3" t="45" w="92" /><ent r="3" t="45" w="186" /><ent r="82" t="46" w="205" /><ent r="3" t="46" w="214" /><ent r="3" t="46" w="227" /><ent r="3" t="46" w="241" /><ent r="4" t="46" w="271" /><ent r="4" t="46" w="309" /><ent r="3" t="46" w="342" /><ent r="3" t="46" w="354" /><ent r="3" t="46" w="452" /><ent r="3" t="46" w="715" /><ent r="3" t="46" w="732" /><ent r="3" t="47" w="469" /></phr><phr n="adding"><ent r="3" t="7" w="117" /><ent r="82" t="46" w="317" /><ent r="4" t="46" w="328" /></phr></stem><stem n="run"><phr n="runs"><ent r="4" t="2" w="316" /><ent r="4" t="9" w="238" /><ent r="4" t="10" w="287" /><ent r="4" t="12" w="487" /><ent r="4" t="31" w="699" /><ent r="4" t="31" w="851" /><ent r="3" t="38" w="293" /><ent r="4" t="38" w="466" /><ent r="4" t="38" w="636" /><ent r="4" t="39" w="261" /><ent r="3" t="40" w="421" /></phr><phr n="run"><ent r="4" t="11" w="331" /><ent r="4" t="12" w="105" /><ent r="3" t="30" w="33" /><ent r="4" t="30" w="403" /><ent r="4" t="30" w="461" /><ent r="4" t="31" w="644" /><ent r="4" t="31" w="741" /><ent r="4" t="31" w="802" /><ent r="4" t="32" w="585" /><ent r="4" t="32" w="639" /><ent r="3" t="34" w="211" /><ent r="3" t="36" w="49" /><ent r="3" t="36" w="125" /><ent r="3" t="36" w="132" /><ent r="4" t="37" w="327" /><ent r="3" t="38" w="106" /><ent r="3" t="38" w="169" /><ent r="3" t="38" w="182" /><ent r="3" t="38" w="351" /><ent r="3" t="38" w="519" /><ent r="3" t="39" w="108" /><ent r="3" t="39" w="158" /><ent r="3" t="39" w="171" /><ent r="4" t="40" w="55" /><ent r="3" t="40" w="204" /><ent r="3" t="40" w="229" /><ent r="3" t="40" w="279" /><ent r="3" t="40" w="378" /><ent r="4" t="40" w="392" /><ent r="3" t="40" w="451" /></phr><phr n="Run"><ent r="64" t="28" w="226" /><ent r="4" t="29" w="92" /><ent r="64" t="29" w="218" /><ent r="1000" t="30" w="1" /><ent r="102" t="30" w="4" /><ent r="64" t="38" w="204" /><ent r="92" t="38" w="510" /></phr><phr n="running"><ent r="4" t="29" w="181" /><ent r="3" t="32" w="177" /><ent r="4" t="35" w="400" /><ent r="4" t="38" w="143" /><ent r="3" t="38" w="197" /><ent r="4" t="38" w="471" /><ent r="4" t="38" w="641" /><ent r="4" t="39" w="142" /><ent r="4" t="39" w="266" /><ent r="3" t="40" w="259" /><ent r="3" t="40" w="487" /><ent r="3" t="57" w="75" /></phr></stem><stem n="progress"><phr n="progress"><ent r="4" t="2" w="332" /><ent r="4" t="9" w="250" /><ent r="4" t="10" w="303" /><ent r="4" t="11" w="412" /><ent r="4" t="11" w="424" /><ent r="4" t="15" w="200" /><ent r="4" t="19" w="103" /><ent r="4" t="19" w="117" /><ent r="4" t="20" w="144" /><ent r="4" t="20" w="158" /><ent r="4" t="30" w="464" /><ent r="4" t="30" w="479" /><ent r="4" t="31" w="766" /><ent r="4" t="31" w="777" /><ent r="4" t="32" w="644" /><ent r="4" t="32" w="661" /><ent r="3" t="36" w="724" /><ent r="3" t="49" w="431" /><ent r="3" t="49" w="461" /><ent r="3" t="50" w="481" /><ent r="3" t="50" w="511" /></phr></stem><stem n="indic"><phr n="indicating"><ent r="4" t="2" w="336" /><ent r="4" t="9" w="254" /><ent r="4" t="10" w="307" /><ent r="3" t="31" w="279" /><ent r="4" t="31" w="752" /><ent r="4" t="32" w="649" /></phr><phr n="indicates"><ent r="3" t="11" w="187" /><ent r="3" t="47" w="583" /></phr><phr n="indicate"><ent r="4" t="30" w="467" /></phr></stem><stem n="complet"><phr n="completed"><ent r="4" t="2" w="343" /><ent r="4" t="9" w="259" /><ent r="4" t="10" w="314" /></phr><phr n="completes"><ent r="4" t="11" w="410" /><ent r="4" t="31" w="764" /></phr><phr n="complete"><ent r="4" t="16" w="229" /><ent r="3" t="25" w="548" /><ent r="4" t="30" w="471" /><ent r="4" t="31" w="757" /><ent r="4" t="32" w="653" /></phr><phr n="completing"><ent r="4" t="25" w="539" /></phr><phr n="completion"><ent r="4" t="31" w="743" /><ent r="4" t="32" w="641" /></phr><phr n="completely"><ent r="3" t="34" w="173" /></phr></stem><stem n="close"><phr n="Close"><ent r="5" t="2" w="347" /><ent r="5" t="9" w="263" /><ent r="5" t="10" w="318" /><ent r="5" t="11" w="419" /><ent r="4" t="12" w="500" /><ent r="5" t="15" w="208" /><ent r="5" t="16" w="233" /><ent r="5" t="19" w="111" /><ent r="5" t="20" w="152" /><ent r="5" t="30" w="474" /><ent r="4" t="31" w="288" /><ent r="5" t="31" w="772" /><ent r="5" t="32" w="656" /><ent r="5" t="38" w="475" /><ent r="5" t="38" w="645" /><ent r="5" t="39" w="270" /><ent r="4" t="49" w="457" /><ent r="4" t="50" w="507" /></phr><phr n="close"><ent r="4" t="11" w="422" /><ent r="3" t="12" w="504" /><ent r="4" t="15" w="212" /><ent r="4" t="19" w="115" /><ent r="4" t="20" w="156" /><ent r="4" t="30" w="477" /><ent r="3" t="31" w="295" /><ent r="4" t="31" w="775" /><ent r="4" t="32" w="659" /><ent r="4" t="36" w="389" /><ent r="4" t="38" w="479" /><ent r="4" t="38" w="649" /><ent r="4" t="39" w="274" /></phr><phr n="closes"><ent r="3" t="16" w="262" /><ent r="3" t="49" w="467" /><ent r="3" t="50" w="519" /></phr><phr n="closely"><ent r="4" t="22" w="130" /></phr></stem><stem n="dg"><phr n="DG"><ent r="1000" t="3" w="1" /><ent r="102" t="3" w="4" /><ent r="100" t="3" w="7" /><ent r="65" t="3" w="18" /><ent r="64" t="3" w="101" /><ent r="64" t="4" w="118" /></phr></stem><stem n="digitalglob"><phr n="DigitalGlobe"><ent r="100" t="3" w="10" /><ent r="3" t="3" w="16" /><ent r="3" t="3" w="32" /><ent r="4" t="3" w="89" /></phr></stem><stem n="("><phr n="("><ent r="3" t="3" w="17" /><ent r="3" t="11" w="19" /><ent r="3" t="24" w="19" /><ent r="3" t="24" w="39" /><ent r="3" t="28" w="23" /><ent r="3" t="28" w="173" /><ent r="3" t="31" w="22" /><ent r="3" t="32" w="21" /><ent r="3" t="34" w="17" /><ent r="3" t="36" w="21" /><ent r="3" t="37" w="21" /><ent r="3" t="38" w="22" /><ent r="3" t="39" w="19" /><ent r="4" t="58" w="8" /><ent r="3" t="59" w="12" /><ent r="3" t="59" w="232" /><ent r="3" t="59" w="243" /><ent r="3" t="59" w="252" /><ent r="3" t="59" w="258" /></phr></stem><stem n="digit"><phr n="Digital"><ent r="5" t="3" w="20" /><ent r="1000" t="4" w="1" /><ent r="102" t="4" w="6" /><ent r="100" t="4" w="11" /><ent r="100" t="4" w="17" /><ent r="3" t="4" w="24" /><ent r="5" t="63" w="10" /></phr><phr n="digital"><ent r="3" t="4" w="73" /><ent r="3" t="62" w="73" /><ent r="3" t="62" w="337" /><ent r="3" t="62" w="360" /></phr></stem><stem n="globe"><phr n="Globe"><ent r="5" t="3" w="21" /><ent r="1000" t="4" w="2" /><ent r="102" t="4" w="7" /><ent r="100" t="4" w="12" /><ent r="100" t="4" w="18" /><ent r="3" t="4" w="25" /></phr></stem><stem n="follow"><phr n="following"><ent r="3" t="3" w="31" /><ent r="4" t="12" w="491" /><ent r="3" t="27" w="16" /><ent r="4" t="40" w="398" /><ent r="3" t="59" w="204" /></phr><phr n="Follow"><ent r="3" t="15" w="138" /><ent r="3" t="16" w="21" /></phr><phr n="follows"><ent r="3" t="29" w="90" /></phr><phr n="follow"><ent r="3" t="49" w="489" /></phr></stem><stem n="satellit"><phr n="satellites"><ent r="3" t="3" w="33" /><ent r="3" t="3" w="46" /></phr><phr n="satellite"><ent r="4" t="4" w="90" /></phr><phr n="Satellite"><ent r="3" t="7" w="29" /><ent r="3" t="8" w="27" /></phr></stem><stem n="quickbird"><phr n="QuickBird"><ent r="4" t="3" w="35" /><ent r="3" t="4" w="53" /><ent r="92" t="4" w="107" /></phr></stem><stem n="2"><phr n="2"><ent r="4" t="3" w="36" /><ent r="4" t="3" w="42" /><ent r="3" t="4" w="54" /><ent r="3" t="4" w="57" /><ent r="92" t="4" w="108" /><ent r="92" t="4" w="112" /><ent r="6" t="7" w="184" /><ent r="6" t="7" w="271" /><ent r="6" t="7" w="273" /><ent r="6" t="8" w="152" /><ent r="6" t="8" w="239" /><ent r="6" t="8" w="241" /><ent r="4" t="12" w="310" /><ent r="3" t="49" w="60" /><ent r="3" t="49" w="135" /><ent r="4" t="55" w="46" /></phr></stem><stem n="-1"><phr n="-1"><ent r="4" t="3" w="38" /><ent r="4" t="3" w="38" /><ent r="3" t="4" w="65" /><ent r="3" t="4" w="65" /></phr></stem><stem n="worldview"><phr n="WorldView"><ent r="4" t="3" w="38" /><ent r="4" t="3" w="41" /><ent r="3" t="4" w="56" /><ent r="3" t="4" w="65" /><ent r="92" t="4" w="111" /></phr></stem><stem n="worldview-1"><phr n="WorldView-1"><ent r="4" t="3" w="38" /><ent r="3" t="4" w="65" /></phr></stem><stem n="1"><phr n="1"><ent r="4" t="3" w="39" /><ent r="3" t="4" w="66" /><ent r="6" t="7" w="161" /><ent r="6" t="7" w="233" /><ent r="6" t="7" w="235" /><ent r="6" t="8" w="129" /><ent r="6" t="8" w="201" /><ent r="6" t="8" w="203" /><ent r="4" t="12" w="297" /><ent r="4" t="31" w="592" /><ent r="4" t="31" w="611" /><ent r="3" t="46" w="677" /><ent r="3" t="49" w="122" /><ent r="5" t="55" w="34" /><ent r="4" t="57" w="235" /><ent r="3" t="59" w="214" /><ent r="3" t="59" w="224" /></phr></stem><stem n="-2"><phr n="-2"><ent r="4" t="3" w="41" /><ent r="4" t="3" w="41" /><ent r="3" t="4" w="53" /><ent r="3" t="4" w="53" /><ent r="92" t="4" w="107" /><ent r="92" t="4" w="107" /><ent r="92" t="4" w="111" /><ent r="92" t="4" w="111" /></phr></stem><stem n="worldview-2"><phr n="WorldView-2"><ent r="4" t="3" w="41" /><ent r="3" t="4" w="56" /><ent r="92" t="4" w="111" /></phr></stem><stem n="although"><phr n="Although"><ent r="3" t="3" w="44" /></phr><phr n="although"><ent r="4" t="40" w="72" /></phr></stem><stem n="differ"><phr n="different"><ent r="3" t="3" w="48" /><ent r="3" t="31" w="788" /><ent r="4" t="36" w="512" /><ent r="4" t="37" w="429" /><ent r="3" t="38" w="44" /><ent r="3" t="39" w="42" /><ent r="3" t="39" w="210" /><ent r="3" t="40" w="262" /><ent r="3" t="40" w="470" /><ent r="3" t="45" w="135" /><ent r="4" t="47" w="367" /><ent r="3" t="47" w="443" /><ent r="3" t="49" w="324" /><ent r="4" t="50" w="363" /><ent r="3" t="57" w="339" /><ent r="3" t="62" w="180" /></phr><phr n="differs"><ent r="3" t="7" w="106" /></phr><phr n="Difference"><ent r="92" t="22" w="97" /><ent r="5" t="22" w="147" /></phr><phr n="difference"><ent r="4" t="25" w="111" /><ent r="4" t="25" w="129" /><ent r="4" t="25" w="162" /><ent r="3" t="46" w="465" /><ent r="3" t="46" w="482" /><ent r="3" t="46" w="588" /><ent r="3" t="46" w="605" /><ent r="3" t="52" w="38" /><ent r="3" t="52" w="65" /><ent r="3" t="59" w="107" /></phr><phr n="differences"><ent r="3" t="39" w="85" /></phr></stem><stem n="format"><phr n="format"><ent r="3" t="3" w="50" /><ent r="3" t="7" w="72" /><ent r="3" t="7" w="105" /><ent r="3" t="8" w="90" /><ent r="3" t="10" w="36" /><ent r="3" t="10" w="46" /><ent r="4" t="15" w="98" /><ent r="4" t="15" w="107" /><ent r="4" t="21" w="220" /><ent r="4" t="21" w="229" /><ent r="3" t="49" w="53" /><ent r="3" t="49" w="55" /><ent r="3" t="49" w="141" /><ent r="3" t="49" w="149" /><ent r="3" t="50" w="35" /><ent r="3" t="50" w="45" /></phr><phr n="Format"><ent r="3" t="7" w="33" /><ent r="3" t="7" w="319" /><ent r="3" t="8" w="31" /><ent r="3" t="8" w="274" /><ent r="5" t="55" w="39" /></phr><phr n="formats"><ent r="3" t="7" w="110" /></phr><phr n="formatted"><ent r="4" t="15" w="45" /><ent r="4" t="21" w="153" /></phr></stem><stem n="same"><phr n="same"><ent r="3" t="3" w="53" /><ent r="3" t="21" w="27" /><ent r="3" t="25" w="566" /><ent r="3" t="33" w="78" /><ent r="3" t="34" w="152" /><ent r="3" t="40" w="455" /><ent r="3" t="40" w="459" /><ent r="3" t="42" w="69" /><ent r="3" t="43" w="82" /><ent r="3" t="45" w="103" /><ent r="3" t="45" w="148" /><ent r="3" t="47" w="459" /><ent r="3" t="47" w="478" /><ent r="3" t="62" w="28" /></phr></stem><stem n="dgimport"><phr n="DgImporter"><ent r="5" t="3" w="81" /></phr></stem><stem n=".xml"><phr n=".XML"><ent r="4" t="3" w="90" /></phr></stem><stem n="xml"><phr n="XML"><ent r="4" t="3" w="90" /><ent r="3" t="10" w="45" /><ent r="4" t="15" w="106" /><ent r="4" t="21" w="228" /><ent r="3" t="50" w="44" /></phr></stem><stem n="relat"><phr n="Related"><ent r="92" t="3" w="98" /><ent r="92" t="4" w="115" /><ent r="92" t="5" w="148" /><ent r="92" t="6" w="99" /><ent r="92" t="11" w="431" /><ent r="92" t="13" w="209" /><ent r="92" t="14" w="103" /><ent r="92" t="15" w="289" /><ent r="92" t="16" w="275" /><ent r="92" t="17" w="75" /><ent r="92" t="18" w="103" /><ent r="92" t="19" w="121" /><ent r="92" t="20" w="162" /><ent r="92" t="24" w="188" /><ent r="92" t="25" w="595" /><ent r="92" t="26" w="150" /><ent r="92" t="28" w="219" /><ent r="92" t="29" w="209" /><ent r="92" t="30" w="486" /><ent r="92" t="31" w="915" /><ent r="92" t="34" w="499" /><ent r="92" t="35" w="404" /><ent r="92" t="36" w="828" /><ent r="92" t="41" w="87" /><ent r="92" t="42" w="135" /><ent r="92" t="43" w="154" /><ent r="92" t="44" w="180" /><ent r="92" t="45" w="292" /><ent r="92" t="46" w="815" /><ent r="92" t="48" w="66" /></phr><phr n="related"><ent r="3" t="59" w="333" /></phr></stem><stem n="topic"><phr n="Topic"><ent r="92" t="3" w="99" /><ent r="92" t="4" w="116" /><ent r="92" t="6" w="100" /><ent r="92" t="13" w="210" /><ent r="92" t="30" w="487" /><ent r="92" t="34" w="500" /><ent r="92" t="42" w="136" /><ent r="92" t="48" w="67" /></phr><phr n="Topics"><ent r="92" t="5" w="149" /><ent r="92" t="11" w="432" /><ent r="92" t="14" w="104" /><ent r="92" t="15" w="290" /><ent r="92" t="16" w="276" /><ent r="92" t="17" w="76" /><ent r="92" t="18" w="104" /><ent r="92" t="19" w="122" /><ent r="92" t="20" w="163" /><ent r="92" t="24" w="189" /><ent r="92" t="25" w="596" /><ent r="92" t="26" w="151" /><ent r="92" t="28" w="220" /><ent r="92" t="29" w="210" /><ent r="92" t="31" w="916" /><ent r="92" t="35" w="405" /><ent r="92" t="36" w="829" /><ent r="92" t="41" w="88" /><ent r="92" t="43" w="155" /><ent r="92" t="44" w="181" /><ent r="92" t="45" w="293" /><ent r="92" t="46" w="816" /></phr></stem><stem n=":digit"><phr n=":Digital"><ent r="100" t="4" w="17" /></phr></stem><stem n="tool"><phr n="Tools"><ent r="5" t="4" w="34" /><ent r="5" t="6" w="37" /><ent r="4" t="13" w="147" /><ent r="5" t="14" w="33" /><ent r="5" t="15" w="161" /><ent r="5" t="35" w="59" /><ent r="5" t="35" w="82" /><ent r="4" t="36" w="784" /><ent r="5" t="46" w="49" /><ent r="5" t="47" w="85" /><ent r="5" t="48" w="25" /></phr><phr n="tools"><ent r="3" t="9" w="27" /><ent r="3" t="34" w="30" /><ent r="3" t="37" w="261" /><ent r="4" t="44" w="40" /><ent r="4" t="45" w="57" /></phr><phr n="tool"><ent r="3" t="13" w="118" /><ent r="3" t="23" w="18" /><ent r="3" t="31" w="31" /><ent r="3" t="31" w="143" /><ent r="5" t="34" w="297" /><ent r="5" t="37" w="43" /><ent r="4" t="37" w="545" /></phr></stem><stem n="expand"><phr n="Expand"><ent r="4" t="4" w="38" /><ent r="4" t="6" w="45" /><ent r="4" t="46" w="52" /></phr><phr n="expanded"><ent r="3" t="30" w="215" /><ent r="3" t="31" w="378" /><ent r="3" t="32" w="370" /></phr><phr n="expand"><ent r="4" t="35" w="80" /><ent r="4" t="36" w="271" /><ent r="4" t="36" w="409" /></phr><phr n="expands"><ent r="5" t="47" w="178" /></phr></stem><stem n="chang"><phr n="change"><ent r="3" t="4" w="47" /><ent r="3" t="4" w="60" /><ent r="3" t="15" w="233" /><ent r="4" t="25" w="342" /><ent r="4" t="30" w="322" /><ent r="4" t="30" w="394" /><ent r="3" t="31" w="333" /><ent r="4" t="31" w="551" /><ent r="4" t="31" w="634" /><ent r="4" t="32" w="519" /><ent r="4" t="32" w="575" /><ent r="3" t="35" w="296" /><ent r="3" t="35" w="305" /><ent r="4" t="37" w="392" /><ent r="3" t="40" w="139" /><ent r="3" t="40" w="173" /><ent r="3" t="42" w="108" /><ent r="3" t="42" w="123" /><ent r="3" t="43" w="143" /><ent r="3" t="44" w="169" /><ent r="3" t="45" w="280" /><ent r="3" t="46" w="31" /><ent r="3" t="46" w="278" /><ent r="3" t="46" w="390" /><ent r="3" t="46" w="743" /><ent r="3" t="49" w="305" /><ent r="3" t="49" w="414" /><ent r="3" t="50" w="291" /><ent r="3" t="50" w="298" /><ent r="3" t="50" w="464" /></phr><phr n="changed"><ent r="3" t="5" w="127" /><ent r="3" t="37" w="570" /><ent r="3" t="37" w="585" /><ent r="3" t="46" w="782" /><ent r="3" t="46" w="808" /></phr><phr n="Change"><ent r="5" t="11" w="315" /><ent r="3" t="47" w="424" /></phr><phr n="changes"><ent r="3" t="35" w="119" /><ent r="4" t="36" w="643" /><ent r="4" t="37" w="383" /><ent r="3" t="44" w="90" /><ent r="3" t="49" w="274" /><ent r="3" t="49" w="301" /><ent r="3" t="50" w="252" /><ent r="3" t="50" w="275" /></phr><phr n="Changing"><ent r="3" t="35" w="292" /></phr></stem><stem n="default"><phr n="default"><ent r="3" t="4" w="49" /><ent r="3" t="4" w="69" /><ent r="4" t="4" w="100" /><ent r="3" t="5" w="88" /><ent r="3" t="5" w="120" /><ent r="4" t="6" w="64" /><ent r="3" t="30" w="174" /><ent r="4" t="30" w="310" /><ent r="4" t="30" w="334" /><ent r="4" t="30" w="342" /><ent r="4" t="30" w="351" /><ent r="3" t="31" w="328" /><ent r="4" t="31" w="539" /><ent r="4" t="31" w="563" /><ent r="4" t="31" w="571" /><ent r="4" t="31" w="580" /><ent r="4" t="32" w="283" /><ent r="4" t="32" w="507" /><ent r="4" t="32" w="531" /><ent r="4" t="32" w="539" /><ent r="4" t="32" w="548" /><ent r="3" t="33" w="137" /><ent r="3" t="35" w="279" /><ent r="3" t="36" w="446" /><ent r="4" t="36" w="645" /><ent r="4" t="36" w="660" /><ent r="4" t="37" w="394" /><ent r="3" t="37" w="563" /><ent r="3" t="40" w="126" /><ent r="3" t="40" w="142" /><ent r="3" t="42" w="110" /><ent r="3" t="42" w="125" /><ent r="3" t="46" w="33" /><ent r="3" t="46" w="39" /><ent r="3" t="46" w="185" /><ent r="3" t="46" w="769" /><ent r="4" t="46" w="803" /><ent r="5" t="47" w="137" /><ent r="3" t="50" w="279" /></phr><phr n="defaults"><ent r="3" t="6" w="25" /><ent r="4" t="6" w="93" /><ent r="4" t="25" w="78" /><ent r="3" t="35" w="31" /></phr></stem><stem n="quickbird-2"><phr n="QuickBird-2"><ent r="3" t="4" w="53" /><ent r="92" t="4" w="107" /></phr></stem><stem n="-2."><phr n="-2."><ent r="3" t="4" w="58" /><ent r="3" t="4" w="58" /></phr></stem><stem n="(you"><phr n="(You"><ent r="3" t="4" w="58" /><ent r="4" t="12" w="146" /><ent r="4" t="16" w="130" /><ent r="4" t="16" w="190" /></phr></stem><stem n="cannot"><phr n="cannot"><ent r="3" t="4" w="59" /><ent r="3" t="11" w="120" /><ent r="3" t="32" w="155" /><ent r="3" t="33" w="62" /></phr></stem><stem n=".)"><phr n=".)"><ent r="3" t="4" w="68" /><ent r="4" t="12" w="152" /><ent r="4" t="16" w="145" /><ent r="4" t="16" w="205" /><ent r="3" t="38" w="693" /></phr></stem><stem n="number"><phr n="numbers"><ent r="3" t="4" w="74" /><ent r="3" t="47" w="53" /><ent r="3" t="62" w="361" /></phr><phr n="number"><ent r="4" t="11" w="255" /><ent r="4" t="25" w="333" /><ent r="4" t="25" w="344" /><ent r="4" t="25" w="352" /><ent r="3" t="25" w="419" /><ent r="3" t="25" w="424" /><ent r="3" t="29" w="40" /><ent r="3" t="29" w="54" /><ent r="4" t="31" w="876" /><ent r="4" t="31" w="887" /><ent r="4" t="31" w="909" /><ent r="3" t="34" w="28" /><ent r="3" t="35" w="183" /><ent r="3" t="35" w="189" /><ent r="4" t="35" w="195" /><ent r="3" t="35" w="201" /><ent r="3" t="36" w="583" /><ent r="4" t="36" w="594" /><ent r="3" t="36" w="606" /><ent r="3" t="38" w="64" /><ent r="3" t="38" w="285" /><ent r="3" t="39" w="243" /><ent r="3" t="40" w="200" /><ent r="3" t="40" w="246" /><ent r="3" t="40" w="313" /><ent r="3" t="51" w="76" /><ent r="3" t="53" w="13" /><ent r="3" t="57" w="364" /><ent r="3" t="59" w="52" /><ent r="3" t="62" w="338" /></phr><phr n="Number"><ent r="5" t="25" w="324" /><ent r="5" t="53" w="37" /><ent r="3" t="53" w="62" /><ent r="4" t="53" w="105" /></phr><phr n="numbered"><ent r="3" t="25" w="390" /><ent r="3" t="25" w="395" /><ent r="3" t="25" w="409" /><ent r="3" t="26" w="139" /><ent r="3" t="61" w="20" /></phr><phr n="Numbers"><ent r="3" t="46" w="200" /></phr></stem><stem n="sensor"><phr n="sensor"><ent r="3" t="4" w="81" /><ent r="3" t="4" w="85" /><ent r="3" t="11" w="58" /><ent r="3" t="62" w="101" /><ent r="3" t="62" w="250" /></phr></stem><stem n="radianc"><phr n="radiance"><ent r="3" t="4" w="82" /><ent r="3" t="11" w="36" /><ent r="3" t="11" w="60" /><ent r="3" t="11" w="78" /><ent r="3" t="31" w="244" /><ent r="3" t="57" w="332" /><ent r="3" t="62" w="153" /><ent r="3" t="62" w="357" /></phr><phr n="Radiance"><ent r="3" t="32" w="153" /></phr></stem><stem n="check"><phr n="Check"><ent r="4" t="4" w="92" /><ent r="4" t="6" w="57" /><ent r="4" t="25" w="251" /><ent r="3" t="46" w="303" /><ent r="3" t="46" w="415" /></phr><phr n="checked"><ent r="3" t="25" w="309" /><ent r="3" t="33" w="163" /><ent r="3" t="35" w="154" /><ent r="4" t="36" w="488" /><ent r="3" t="37" w="370" /><ent r="3" t="38" w="309" /><ent r="3" t="40" w="361" /></phr><phr n="checking"><ent r="4" t="25" w="372" /><ent r="3" t="40" w="283" /><ent r="3" t="40" w="542" /></phr><phr n="check"><ent r="4" t="30" w="427" /><ent r="4" t="32" w="609" /><ent r="3" t="33" w="149" /><ent r="3" t="35" w="190" /><ent r="3" t="35" w="217" /><ent r="3" t="35" w="251" /><ent r="3" t="35" w="393" /><ent r="3" t="36" w="587" /><ent r="3" t="36" w="618" /><ent r="4" t="36" w="652" /><ent r="3" t="36" w="820" /><ent r="4" t="37" w="404" /><ent r="3" t="40" w="292" /><ent r="3" t="40" w="333" /><ent r="3" t="46" w="322" /><ent r="3" t="46" w="642" /><ent r="3" t="47" w="597" /></phr><phr n="Checking"><ent r="3" t="46" w="208" /></phr></stem><stem n="want"><phr n="want"><ent r="4" t="4" w="96" /><ent r="4" t="6" w="61" /><ent r="3" t="8" w="263" /><ent r="4" t="9" w="199" /><ent r="4" t="9" w="227" /><ent r="3" t="11" w="364" /><ent r="3" t="11" w="388" /><ent r="4" t="12" w="358" /><ent r="4" t="15" w="189" /><ent r="4" t="16" w="123" /><ent r="4" t="16" w="168" /><ent r="4" t="16" w="183" /><ent r="4" t="16" w="246" /><ent r="4" t="17" w="33" /><ent r="4" t="18" w="63" /><ent r="4" t="19" w="37" /><ent r="4" t="19" w="70" /><ent r="4" t="20" w="30" /><ent r="4" t="20" w="63" /><ent r="4" t="22" w="51" /><ent r="5" t="25" w="245" /><ent r="3" t="26" w="134" /><ent r="3" t="30" w="11" /><ent r="3" t="30" w="98" /><ent r="3" t="30" w="138" /><ent r="3" t="30" w="153" /><ent r="4" t="30" w="401" /><ent r="4" t="30" w="441" /><ent r="3" t="31" w="226" /><ent r="3" t="31" w="307" /><ent r="3" t="31" w="472" /><ent r="3" t="31" w="517" /><ent r="4" t="31" w="642" /><ent r="4" t="31" w="681" /><ent r="3" t="32" w="203" /><ent r="4" t="32" w="266" /><ent r="4" t="32" w="310" /><ent r="4" t="32" w="460" /><ent r="4" t="32" w="500" /><ent r="4" t="32" w="583" /><ent r="4" t="32" w="623" /><ent r="4" t="33" w="124" /><ent r="3" t="33" w="254" /><ent r="4" t="33" w="295" /><ent r="4" t="33" w="358" /><ent r="4" t="36" w="151" /><ent r="4" t="36" w="251" /><ent r="4" t="36" w="456" /><ent r="4" t="36" w="510" /><ent r="3" t="36" w="608" /><ent r="3" t="36" w="638" /><ent r="4" t="36" w="649" /><ent r="4" t="37" w="390" /><ent r="3" t="38" w="366" /><ent r="3" t="38" w="444" /><ent r="3" t="40" w="277" /><ent r="3" t="40" w="305" /><ent r="3" t="40" w="327" /><ent r="3" t="40" w="376" /><ent r="3" t="46" w="758" /><ent r="5" t="47" w="122" /><ent r="5" t="47" w="164" /><ent r="4" t="48" w="43" /><ent r="4" t="49" w="203" /><ent r="3" t="49" w="316" /><ent r="4" t="49" w="333" /><ent r="3" t="49" w="376" /><ent r="3" t="49" w="388" /><ent r="3" t="49" w="400" /><ent r="3" t="49" w="502" /><ent r="4" t="49" w="548" /><ent r="4" t="50" w="319" /><ent r="4" t="50" w="338" /><ent r="4" t="50" w="393" /><ent r="3" t="50" w="426" /><ent r="3" t="50" w="438" /><ent r="3" t="50" w="450" /></phr></stem><stem n="ok"><phr n="OK"><ent r="5" t="4" w="104" /><ent r="5" t="6" w="96" /><ent r="5" t="11" w="336" /><ent r="5" t="12" w="480" /><ent r="5" t="14" w="72" /><ent r="5" t="16" w="253" /><ent r="5" t="20" w="133" /><ent r="5" t="25" w="431" /><ent r="5" t="30" w="454" /><ent r="5" t="31" w="693" /><ent r="5" t="31" w="728" /><ent r="5" t="32" w="634" /><ent r="5" t="33" w="233" /><ent r="5" t="33" w="321" /><ent r="5" t="35" w="104" /><ent r="5" t="36" w="374" /><ent r="5" t="36" w="386" /><ent r="4" t="36" w="670" /><ent r="5" t="36" w="676" /><ent r="5" t="37" w="418" /><ent r="5" t="37" w="499" /><ent r="5" t="38" w="314" /><ent r="5" t="38" w="461" /><ent r="5" t="38" w="596" /><ent r="5" t="38" w="631" /><ent r="5" t="39" w="255" /><ent r="5" t="40" w="356" /><ent r="4" t="40" w="385" /><ent r="6" t="47" w="280" /><ent r="4" t="47" w="430" /><ent r="5" t="48" w="63" /><ent r="5" t="49" w="593" /><ent r="5" t="50" w="405" /><ent r="5" t="51" w="108" /><ent r="4" t="52" w="94" /><ent r="5" t="53" w="100" /></phr></stem><stem n="landsat"><phr n="Landsat"><ent r="1000" t="5" w="1" /><ent r="102" t="5" w="5" /><ent r="100" t="5" w="9" /><ent r="3" t="5" w="16" /><ent r="3" t="5" w="23" /><ent r="3" t="5" w="26" /><ent r="5" t="5" w="65" /><ent r="4" t="5" w="75" /><ent r="3" t="5" w="90" /><ent r="3" t="5" w="130" /><ent r="64" t="5" w="138" /><ent r="64" t="5" w="151" /><ent r="64" t="5" w="156" /><ent r="64" t="5" w="160" /><ent r="1000" t="6" w="1" /><ent r="102" t="6" w="6" /><ent r="100" t="6" w="11" /><ent r="100" t="6" w="17" /><ent r="3" t="6" w="28" /><ent r="5" t="6" w="54" /><ent r="64" t="6" w="102" /><ent r="1000" t="7" w="1" /><ent r="100" t="7" w="7" /><ent r="102" t="7" w="11" /><ent r="3" t="7" w="16" /><ent r="3" t="7" w="21" /><ent r="3" t="7" w="36" /><ent r="3" t="7" w="102" /><ent r="3" t="7" w="112" /><ent r="3" t="7" w="305" /><ent r="3" t="7" w="311" /><ent r="3" t="7" w="324" /><ent r="92" t="7" w="340" /><ent r="5" t="7" w="380" /><ent r="4" t="7" w="406" /><ent r="1000" t="8" w="1" /><ent r="100" t="8" w="7" /><ent r="102" t="8" w="11" /><ent r="3" t="8" w="16" /><ent r="3" t="8" w="21" /><ent r="3" t="8" w="57" /><ent r="3" t="8" w="258" /><ent r="3" t="8" w="266" /><ent r="3" t="8" w="279" /><ent r="92" t="8" w="294" /><ent r="5" t="8" w="331" /><ent r="4" t="8" w="353" /><ent r="1000" t="55" w="1" /><ent r="5" t="55" w="12" /><ent r="1000" t="56" w="1" /><ent r="4" t="56" w="12" /></phr><phr n="landsat"><ent r="4" t="55" w="20" /><ent r="4" t="55" w="26" /><ent r="4" t="56" w="20" /><ent r="4" t="56" w="26" /></phr></stem></index>