<?xml version="1.0" encoding="utf-8"?><index><stem n="-"><phr n="-"><ent r="3" t="28" w="159" /><ent r="3" t="28" w="159" /><ent r="3" t="28" w="165" /><ent r="3" t="28" w="165" /><ent r="4" t="60" w="34" /><ent r="4" t="60" w="34" /></phr></stem><stem n="p"><phr n="P"><ent r="3" t="28" w="161" /><ent r="3" t="28" w="171" /><ent r="3" t="28" w="178" /><ent r="3" t="28" w="180" /><ent r="3" t="59" w="201" /><ent r="3" t="59" w="218" /><ent r="3" t="59" w="245" /><ent r="3" t="59" w="247" /><ent r="3" t="59" w="256" /><ent r="4" t="60" w="20" /></phr></stem><stem n="transpos"><phr n="transpose"><ent r="3" t="28" w="168" /><ent r="3" t="28" w="173" /><ent r="3" t="28" w="177" /></phr></stem><stem n="(transpose(t)(c)(p))^2"><phr n="(transpose(T)(C)(P))^2"><ent r="3" t="28" w="172" /></phr></stem><stem n="^2"><phr n="^2"><ent r="3" t="28" w="172" /></phr></stem><stem n="(transpose(t)(c)(t))(transpose(p)(c)(p))"><phr n="(transpose(T)(C)(T))(transpose(P)(C)(P))"><ent r="3" t="28" w="181" /></phr></stem><stem n="threshold"><phr n="threshold"><ent r="3" t="28" w="189" /><ent r="4" t="29" w="113" /><ent r="4" t="29" w="131" /><ent r="5" t="30" w="344" /><ent r="4" t="30" w="353" /><ent r="4" t="30" w="361" /><ent r="4" t="30" w="396" /><ent r="3" t="31" w="63" /><ent r="5" t="31" w="573" /><ent r="4" t="31" w="582" /><ent r="4" t="31" w="590" /><ent r="4" t="31" w="597" /><ent r="4" t="31" w="637" /><ent r="4" t="31" w="809" /><ent r="4" t="31" w="833" /><ent r="4" t="31" w="896" /><ent r="5" t="32" w="541" /><ent r="4" t="32" w="550" /><ent r="4" t="32" w="578" /><ent r="3" t="35" w="212" /><ent r="4" t="35" w="222" /><ent r="3" t="35" w="228" /><ent r="4" t="35" w="361" /><ent r="3" t="35" w="366" /><ent r="3" t="36" w="621" /><ent r="4" t="36" w="629" /><ent r="3" t="36" w="640" /><ent r="4" t="37" w="321" /><ent r="4" t="37" w="403" /><ent r="5" t="37" w="411" /><ent r="3" t="38" w="95" /><ent r="4" t="38" w="149" /><ent r="3" t="38" w="155" /><ent r="3" t="38" w="575" /><ent r="3" t="39" w="97" /><ent r="4" t="40" w="134" /><ent r="3" t="40" w="143" /><ent r="4" t="40" w="160" /><ent r="3" t="40" w="217" /><ent r="3" t="59" w="413" /></phr></stem><stem n="layer"><phr n="layer"><ent r="3" t="28" w="190" /><ent r="3" t="28" w="207" /><ent r="4" t="29" w="114" /><ent r="4" t="29" w="132" /><ent r="4" t="29" w="141" /><ent r="4" t="29" w="156" /><ent r="5" t="30" w="313" /><ent r="4" t="30" w="325" /><ent r="3" t="31" w="50" /><ent r="5" t="31" w="542" /><ent r="4" t="31" w="554" /><ent r="4" t="31" w="810" /><ent r="4" t="31" w="863" /><ent r="5" t="32" w="510" /><ent r="4" t="32" w="522" /><ent r="4" t="34" w="245" /><ent r="4" t="36" w="83" /><ent r="5" t="36" w="504" /><ent r="4" t="36" w="517" /><ent r="4" t="36" w="521" /><ent r="4" t="36" w="540" /><ent r="3" t="36" w="744" /><ent r="3" t="37" w="268" /><ent r="3" t="38" w="96" /><ent r="3" t="38" w="687" /><ent r="3" t="39" w="98" /><ent r="3" t="40" w="433" /><ent r="3" t="40" w="445" /><ent r="3" t="40" w="467" /><ent r="3" t="40" w="520" /><ent r="3" t="40" w="533" /><ent r="3" t="40" w="551" /><ent r="3" t="59" w="376" /><ent r="3" t="59" w="386" /></phr><phr n="Layers"><ent r="92" t="40" w="511" /><ent r="3" t="40" w="531" /></phr></stem><stem n="like"><phr n="like"><ent r="3" t="28" w="197" /><ent r="3" t="52" w="46" /></phr></stem><stem n="pseudocolor"><phr n="pseudocolor"><ent r="3" t="28" w="206" /><ent r="4" t="31" w="862" /><ent r="4" t="34" w="244" /><ent r="4" t="36" w="82" /><ent r="4" t="36" w="516" /><ent r="3" t="36" w="743" /><ent r="3" t="37" w="267" /><ent r="3" t="59" w="385" /></phr></stem><stem n="class"><phr n="class"><ent r="3" t="28" w="210" /><ent r="4" t="31" w="875" /><ent r="4" t="31" w="886" /><ent r="4" t="31" w="908" /><ent r="3" t="59" w="394" /></phr></stem><stem n="repres"><phr n="represents"><ent r="3" t="28" w="211" /></phr><phr n="representing"><ent r="4" t="30" w="380" /><ent r="4" t="31" w="618" /></phr><phr n="represent"><ent r="4" t="31" w="873" /></phr></stem><stem n="background"><phr n="Background"><ent r="64" t="28" w="223" /><ent r="1000" t="29" w="2" /><ent r="102" t="29" w="6" /><ent r="3" t="29" w="20" /><ent r="3" t="29" w="37" /><ent r="3" t="29" w="49" /><ent r="3" t="29" w="83" /><ent r="64" t="30" w="48" /><ent r="64" t="30" w="147" /><ent r="3" t="39" w="52" /><ent r="3" t="39" w="80" /><ent r="4" t="39" w="185" /><ent r="3" t="39" w="236" /><ent r="3" t="57" w="140" /><ent r="3" t="57" w="163" /></phr></stem><stem n="usual"><phr n="usually"><ent r="3" t="29" w="29" /><ent r="3" t="62" w="170" /></phr></stem><stem n="done"><phr n="done"><ent r="3" t="29" w="30" /></phr></stem><stem n="treat"><phr n="treating"><ent r="3" t="29" w="32" /></phr><phr n="treats"><ent r="3" t="59" w="35" /></phr></stem><stem n="small"><phr n="small"><ent r="3" t="29" w="39" /></phr></stem><stem n="significantli"><phr n="significantly"><ent r="3" t="29" w="46" /></phr></stem><stem n="drift"><phr n="drift"><ent r="3" t="29" w="62" /></phr></stem><stem n="lead"><phr n="leading"><ent r="3" t="29" w="63" /></phr></stem><stem n="incorrect"><phr n="incorrect"><ent r="3" t="29" w="65" /></phr></stem><stem n="suggest"><phr n="suggested"><ent r="3" t="29" w="71" /></phr><phr n="suggests"><ent r="3" t="39" w="214" /></phr></stem><stem n="potenti"><phr n="potential"><ent r="3" t="29" w="73" /></phr></stem><stem n="accomplish"><phr n="accomplished"><ent r="3" t="29" w="88" /></phr></stem><stem n="detector"><phr n="detector"><ent r="4" t="29" w="95" /><ent r="1000" t="38" w="3" /><ent r="102" t="38" w="7" /><ent r="100" t="38" w="11" /><ent r="100" t="38" w="14" /><ent r="3" t="38" w="21" /><ent r="3" t="38" w="110" /><ent r="3" t="38" w="133" /><ent r="4" t="38" w="147" /><ent r="3" t="38" w="551" /><ent r="1000" t="39" w="3" /><ent r="102" t="39" w="7" /><ent r="100" t="39" w="13" /><ent r="3" t="39" w="18" /><ent r="5" t="39" w="24" /><ent r="3" t="39" w="132" /><ent r="4" t="39" w="146" /></phr></stem><stem n="(such"><phr n="(such"><ent r="4" t="29" w="99" /><ent r="3" t="31" w="79" /></phr></stem><stem n="rx"><phr n="RX"><ent r="65" t="29" w="102" /><ent r="1000" t="38" w="1" /><ent r="102" t="38" w="5" /><ent r="100" t="38" w="9" /><ent r="100" t="38" w="15" /><ent r="65" t="38" w="23" /><ent r="3" t="38" w="89" /><ent r="3" t="38" w="108" /><ent r="5" t="38" w="128" /><ent r="3" t="38" w="132" /><ent r="4" t="38" w="145" /><ent r="3" t="38" w="165" /><ent r="64" t="38" w="206" /><ent r="3" t="38" w="221" /><ent r="3" t="38" w="228" /><ent r="3" t="38" w="269" /><ent r="3" t="38" w="296" /><ent r="3" t="38" w="300" /><ent r="4" t="38" w="334" /><ent r="92" t="38" w="512" /><ent r="3" t="38" w="521" /><ent r="5" t="38" w="546" /><ent r="3" t="38" w="550" /><ent r="3" t="38" w="585" /><ent r="3" t="38" w="590" /></phr></stem><stem n="tad"><phr n="TAD"><ent r="65" t="29" w="106" /><ent r="100" t="39" w="9" /><ent r="65" t="39" w="20" /><ent r="3" t="39" w="91" /><ent r="3" t="39" w="109" /><ent r="5" t="39" w="127" /><ent r="3" t="39" w="131" /><ent r="3" t="39" w="154" /></phr></stem><stem n="session"><phr n="Session"><ent r="4" t="29" w="124" /><ent r="4" t="29" w="148" /><ent r="3" t="36" w="821" /><ent r="3" t="38" w="691" /><ent r="92" t="40" w="514" /><ent r="3" t="40" w="525" /><ent r="3" t="42" w="121" /><ent r="3" t="46" w="785" /><ent r="4" t="47" w="615" /></phr></stem><stem n="explor"><phr n="Explorer"><ent r="4" t="29" w="125" /><ent r="4" t="29" w="149" /><ent r="3" t="36" w="822" /><ent r="3" t="38" w="692" /><ent r="92" t="40" w="515" /><ent r="3" t="40" w="526" /><ent r="4" t="47" w="616" /></phr></stem><stem n="choos"><phr n="choose"><ent r="4" t="29" w="138" /><ent r="3" t="30" w="200" /><ent r="3" t="31" w="235" /><ent r="3" t="31" w="271" /><ent r="3" t="31" w="362" /><ent r="3" t="46" w="100" /><ent r="3" t="46" w="140" /><ent r="3" t="46" w="197" /></phr></stem><stem n="while"><phr n="While"><ent r="4" t="29" w="180" /><ent r="3" t="46" w="735" /><ent r="3" t="49" w="442" /><ent r="3" t="50" w="492" /><ent r="3" t="53" w="78" /><ent r="3" t="57" w="133" /><ent r="3" t="57" w="165" /></phr></stem><stem n="upper"><phr n="upper"><ent r="4" t="30" w="84" /><ent r="4" t="31" w="596" /><ent r="4" t="63" w="16" /></phr></stem><stem n="corner"><phr n="corner"><ent r="4" t="30" w="86" /></phr></stem><stem n="filter"><phr n="filter"><ent r="3" t="30" w="178" /><ent r="3" t="31" w="338" /><ent r="4" t="32" w="287" /><ent r="4" t="32" w="332" /><ent r="92" t="33" w="87" /><ent r="5" t="33" w="108" /><ent r="4" t="33" w="116" /><ent r="4" t="33" w="121" /><ent r="3" t="33" w="132" /><ent r="3" t="33" w="141" /><ent r="3" t="33" w="165" /><ent r="3" t="33" w="243" /><ent r="92" t="33" w="263" /><ent r="4" t="33" w="293" /><ent r="5" t="33" w="303" /><ent r="4" t="33" w="311" /><ent r="4" t="33" w="315" /><ent r="92" t="33" w="326" /><ent r="4" t="33" w="356" /><ent r="5" t="33" w="368" /><ent r="4" t="33" w="384" /><ent r="5" t="33" w="391" /><ent r="3" t="33" w="396" /><ent r="4" t="36" w="227" /><ent r="5" t="47" w="141" /><ent r="3" t="57" w="152" /><ent r="3" t="57" w="180" /><ent r="3" t="57" w="260" /><ent r="3" t="57" w="287" /></phr><phr n="Filters"><ent r="64" t="30" w="196" /><ent r="64" t="31" w="358" /><ent r="65" t="32" w="305" /><ent r="65" t="32" w="350" /><ent r="1000" t="33" w="4" /><ent r="102" t="33" w="9" /><ent r="3" t="33" w="40" /><ent r="65" t="36" w="245" /><ent r="66" t="47" w="159" /></phr><phr n="filtered"><ent r="3" t="33" w="64" /></phr><phr n="filtering"><ent r="3" t="57" w="115" /></phr></stem><stem n="appear"><phr n="appears"><ent r="3" t="30" w="294" /><ent r="3" t="32" w="406" /><ent r="3" t="32" w="447" /><ent r="4" t="36" w="311" /><ent r="5" t="47" w="220" /></phr><phr n="appear"><ent r="3" t="31" w="414" /><ent r="3" t="31" w="459" /><ent r="4" t="36" w="351" /><ent r="5" t="47" w="256" /><ent r="3" t="54" w="14" /></phr></stem><stem n="typic"><phr n="Typically"><ent r="4" t="30" w="332" /><ent r="4" t="31" w="561" /><ent r="4" t="32" w="529" /></phr></stem><stem n="accept"><phr n="accepted"><ent r="4" t="30" w="337" /><ent r="4" t="31" w="566" /><ent r="4" t="32" w="534" /></phr><phr n="accept"><ent r="4" t="35" w="107" /></phr></stem><stem n=".4225"><phr n=".4225"><ent r="4" t="30" w="357" /><ent r="4" t="30" w="374" /></phr></stem><stem n="4225"><phr n="4225"><ent r="4" t="30" w="357" /><ent r="4" t="30" w="374" /></phr></stem><stem n="greater"><phr n="greater"><ent r="4" t="30" w="371" /><ent r="4" t="31" w="830" /><ent r="4" t="31" w="893" /></phr></stem><stem n="flag"><phr n="flagged"><ent r="4" t="30" w="376" /><ent r="4" t="31" w="614" /><ent r="4" t="31" w="629" /><ent r="4" t="32" w="569" /></phr></stem><stem n="compris"><phr n="comprise"><ent r="4" t="30" w="384" /></phr><phr n="comprises"><ent r="4" t="31" w="623" /></phr><phr n="comprising"><ent r="3" t="57" w="25" /></phr></stem><stem n="signific"><phr n="significant"><ent r="4" t="30" w="386" /></phr></stem><stem n="portion"><phr n="portion"><ent r="4" t="30" w="387" /><ent r="4" t="30" w="409" /><ent r="4" t="31" w="650" /><ent r="4" t="32" w="591" /></phr></stem><stem n="(rather"><phr n="(rather"><ent r="4" t="30" w="414" /><ent r="4" t="31" w="655" /><ent r="4" t="32" w="596" /></phr></stem><stem n="rather"><phr n="rather"><ent r="4" t="30" w="414" /><ent r="4" t="31" w="655" /><ent r="4" t="32" w="596" /></phr></stem><stem n="),"><phr n="),"><ent r="4" t="30" w="420" /><ent r="4" t="31" w="661" /><ent r="4" t="32" w="602" /><ent r="4" t="33" w="291" /><ent r="4" t="33" w="354" /><ent r="3" t="59" w="326" /></phr></stem><stem n="-in,"><phr n="-in,"><ent r="4" t="30" w="451" /><ent r="4" t="30" w="451" /><ent r="4" t="31" w="691" /><ent r="4" t="31" w="691" /><ent r="4" t="31" w="706" /><ent r="4" t="31" w="706" /><ent r="3" t="40" w="44" /><ent r="3" t="40" w="44" /></phr></stem><stem n="constrain"><phr n="Constrained"><ent r="1000" t="31" w="1" /><ent r="102" t="31" w="6" /><ent r="100" t="31" w="13" /><ent r="3" t="31" w="19" /><ent r="5" t="31" w="25" /><ent r="3" t="31" w="181" /><ent r="3" t="31" w="373" /><ent r="3" t="31" w="422" /><ent r="5" t="33" w="21" /><ent r="6" t="37" w="444" /><ent r="5" t="57" w="33" /><ent r="4" t="58" w="5" /><ent r="6" t="58" w="11" /><ent r="4" t="58" w="21" /></phr></stem><stem n="energi"><phr n="Energy"><ent r="1000" t="31" w="2" /><ent r="102" t="31" w="7" /><ent r="100" t="31" w="14" /><ent r="3" t="31" w="20" /><ent r="5" t="31" w="26" /><ent r="3" t="31" w="182" /><ent r="3" t="31" w="374" /><ent r="3" t="31" w="423" /><ent r="5" t="33" w="22" /><ent r="6" t="37" w="445" /><ent r="5" t="57" w="34" /><ent r="3" t="57" w="160" /><ent r="4" t="58" w="6" /><ent r="6" t="58" w="12" /><ent r="4" t="58" w="22" /></phr></stem><stem n="minim"><phr n="Minimization"><ent r="1000" t="31" w="3" /><ent r="102" t="31" w="8" /><ent r="100" t="31" w="15" /><ent r="3" t="31" w="21" /><ent r="5" t="31" w="27" /><ent r="3" t="31" w="183" /><ent r="3" t="31" w="375" /><ent r="3" t="31" w="424" /><ent r="5" t="33" w="23" /><ent r="6" t="37" w="446" /><ent r="5" t="57" w="35" /><ent r="4" t="58" w="7" /><ent r="6" t="58" w="13" /><ent r="4" t="58" w="23" /></phr><phr n="minimizes"><ent r="3" t="57" w="157" /></phr></stem><stem n="(cem)"><phr n="(CEM)"><ent r="1000" t="31" w="5" /><ent r="102" t="31" w="10" /></phr></stem><stem n="design"><phr n="designed"><ent r="3" t="31" w="67" /><ent r="3" t="31" w="131" /></phr><phr n="design"><ent r="3" t="57" w="149" /></phr></stem><stem n="correct"><phr n="corrected"><ent r="3" t="31" w="75" /><ent r="3" t="31" w="114" /><ent r="3" t="31" w="140" /><ent r="3" t="31" w="152" /><ent r="3" t="31" w="167" /><ent r="3" t="32" w="128" /><ent r="3" t="32" w="149" /></phr><phr n="correct"><ent r="5" t="33" w="367" /></phr><phr n="correction"><ent r="3" t="62" w="266" /><ent r="4" t="63" w="64" /></phr></stem><stem n="analyst"><phr n="analysts"><ent r="3" t="31" w="96" /></phr><phr n="analyst"><ent r="3" t="62" w="169" /></phr></stem><stem n="evid"><phr n="evidence"><ent r="3" t="31" w="98" /></phr></stem><stem n="less"><phr n="less"><ent r="3" t="31" w="157" /><ent r="4" t="32" w="564" /><ent r="3" t="59" w="410" /></phr></stem><stem n="predict"><phr n="predictable"><ent r="3" t="31" w="158" /></phr></stem><stem n="accur"><phr n="accurate"><ent r="3" t="31" w="160" /></phr></stem><stem n="continu"><phr n="continue"><ent r="3" t="31" w="228" /><ent r="3" t="31" w="242" /><ent r="3" t="33" w="258" /><ent r="4" t="53" w="109" /></phr><phr n="continuously"><ent r="3" t="53" w="59" /></phr></stem><stem n="recommend"><phr n="recommended"><ent r="3" t="31" w="252" /><ent r="3" t="32" w="132" /></phr></stem><stem n="messag"><phr n="message"><ent r="3" t="31" w="276" /><ent r="3" t="31" w="293" /><ent r="4" t="36" w="696" /></phr><phr n="messages"><ent r="3" t="49" w="440" /><ent r="3" t="49" w="448" /><ent r="3" t="50" w="490" /><ent r="3" t="50" w="498" /></phr></stem><stem n="-reflect"><phr n="-reflectance"><ent r="3" t="31" w="283" /><ent r="3" t="31" w="283" /></phr></stem><stem n="non-reflect"><phr n="non-reflectance"><ent r="3" t="31" w="283" /></phr></stem><stem n="desir"><phr n="desired"><ent r="3" t="31" w="364" /><ent r="3" t="31" w="390" /><ent r="3" t="32" w="356" /><ent r="3" t="32" w="382" /><ent r="4" t="36" w="286" /><ent r="4" t="36" w="363" /><ent r="3" t="38" w="495" /><ent r="3" t="46" w="260" /><ent r="3" t="46" w="372" /><ent r="5" t="47" w="192" /><ent r="5" t="47" w="271" /><ent r="4" t="53" w="55" /></phr></stem><stem n=".5"><phr n=".5"><ent r="4" t="31" w="586" /><ent r="4" t="31" w="593" /><ent r="4" t="31" w="609" /><ent r="4" t="31" w="612" /></phr></stem><stem n="%"><phr n="%"><ent r="4" t="31" w="625" /><ent r="4" t="31" w="757" /><ent r="4" t="32" w="653" /><ent r="4" t="39" w="183" /><ent r="4" t="39" w="217" /></phr></stem><stem n="moment"><phr n="Moment"><ent r="4" t="31" w="702" /><ent r="4" t="31" w="733" /><ent r="3" t="57" w="68" /><ent r="3" t="57" w="87" /></phr></stem><stem n="statu"><phr n="status"><ent r="4" t="31" w="746" /><ent r="3" t="36" w="733" /><ent r="3" t="42" w="114" /><ent r="3" t="46" w="771" /><ent r="3" t="46" w="779" /></phr></stem><stem n="100"><phr n="100"><ent r="4" t="31" w="756" /><ent r="4" t="32" w="652" /></phr></stem><stem n="equal"><phr n="equal"><ent r="4" t="31" w="817" /></phr><phr n="equals"><ent r="3" t="59" w="50" /><ent r="3" t="62" w="87" /></phr></stem><stem n="percentag"><phr n="percentage"><ent r="4" t="31" w="820" /><ent r="4" t="31" w="880" /><ent r="4" t="31" w="891" /><ent r="3" t="39" w="64" /><ent r="3" t="39" w="222" /><ent r="3" t="57" w="19" /><ent r="3" t="57" w="49" /></phr></stem><stem n="combin"><phr n="Combined"><ent r="5" t="31" w="840" /><ent r="3" t="40" w="318" /><ent r="3" t="59" w="381" /></phr><phr n="combine"><ent r="4" t="31" w="848" /></phr></stem><stem n="label"><phr n="labeled"><ent r="4" t="31" w="905" /></phr></stem><stem n="angl"><phr n="Angle"><ent r="1000" t="32" w="2" /><ent r="102" t="32" w="7" /><ent r="100" t="32" w="12" /><ent r="3" t="32" w="19" /><ent r="5" t="32" w="25" /><ent r="92" t="32" w="196" /><ent r="4" t="32" w="253" /><ent r="3" t="32" w="366" /><ent r="3" t="32" w="415" /><ent r="5" t="33" w="30" /><ent r="4" t="36" w="567" /><ent r="6" t="37" w="437" /><ent r="6" t="40" w="131" /><ent r="3" t="59" w="10" /><ent r="5" t="59" w="16" /><ent r="3" t="59" w="60" /><ent r="4" t="59" w="73" /><ent r="3" t="59" w="189" /><ent r="3" t="59" w="250" /><ent r="3" t="59" w="263" /><ent r="3" t="59" w="289" /><ent r="3" t="59" w="350" /><ent r="3" t="59" w="405" /><ent r="3" t="59" w="408" /></phr></stem><stem n="(sam)"><phr n="(SAM)"><ent r="1000" t="32" w="5" /><ent r="102" t="32" w="10" /></phr></stem><stem n="unless"><phr n="unless"><ent r="3" t="32" w="142" /><ent r="3" t="49" w="314" /></phr></stem><stem n="compar"><phr n="compared"><ent r="3" t="32" w="157" /><ent r="3" t="59" w="316" /></phr><phr n="compare"><ent r="3" t="46" w="473" /></phr><phr n="comparing"><ent r="3" t="59" w="24" /></phr></stem><stem n="compens"><phr n="compensation"><ent r="3" t="32" w="164" /></phr></stem><stem n="befor"><phr n="before"><ent r="3" t="32" w="176" /><ent r="3" t="35" w="245" /><ent r="3" t="35" w="388" /><ent r="4" t="35" w="399" /><ent r="3" t="36" w="123" /><ent r="3" t="40" w="208" /><ent r="3" t="44" w="109" /></phr></stem><stem n=".0."><phr n=".0."><ent r="4" t="32" w="555" /></phr></stem><stem n=".0"><phr n=".0"><ent r="4" t="32" w="567" /><ent r="4" t="37" w="324" /></phr></stem><stem n="procedur"><phr n="procedure"><ent r="3" t="33" w="73" /></phr></stem><stem n="paramet"><phr n="parameters"><ent r="4" t="33" w="122" /><ent r="4" t="33" w="316" /><ent r="4" t="38" w="141" /><ent r="4" t="38" w="320" /><ent r="4" t="38" w="602" /><ent r="4" t="39" w="140" /></phr></stem><stem n="whole"><phr n="whole"><ent r="3" t="33" w="173" /><ent r="3" t="39" w="198" /></phr></stem><stem n="attribut"><phr n="attributes"><ent r="3" t="33" w="179" /><ent r="4" t="50" w="341" /><ent r="4" t="50" w="364" /></phr></stem><stem n="wildcard"><phr n="Wildcarding"><ent r="4" t="33" w="197" /></phr><phr n="wildcard"><ent r="3" t="33" w="216" /><ent r="1000" t="61" w="1" /><ent r="102" t="61" w="4" /></phr></stem><stem n="case"><phr n="Case"><ent r="4" t="33" w="201" /><ent r="3" t="33" w="210" /></phr></stem><stem n="sensit"><phr n="Sensitive"><ent r="4" t="33" w="202" /><ent r="3" t="33" w="211" /></phr></stem><stem n="partial"><phr n="partial"><ent r="3" t="33" w="207" /></phr></stem><stem n="charact"><phr n="characters"><ent r="3" t="33" w="217" /><ent r="3" t="33" w="224" /><ent r="1000" t="61" w="2" /><ent r="102" t="61" w="5" /><ent r="3" t="61" w="36" /><ent r="3" t="61" w="110" /></phr><phr n="character"><ent r="3" t="61" w="31" /><ent r="3" t="61" w="67" /><ent r="3" t="61" w="117" /></phr></stem><stem n="*"><phr n="*"><ent r="3" t="33" w="218" /><ent r="3" t="46" w="523" /><ent r="3" t="59" w="236" /><ent r="3" t="59" w="247" /><ent r="3" t="59" w="259" /><ent r="3" t="61" w="28" /><ent r="3" t="61" w="43" /><ent r="3" t="62" w="56" /></phr></stem><stem n="?."><phr n="?."><ent r="3" t="33" w="219" /></phr></stem><stem n="explan"><phr n="explanation"><ent r="3" t="33" w="221" /></phr></stem><stem n="criteria"><phr n="criteria"><ent r="3" t="33" w="244" /><ent r="4" t="36" w="574" /></phr></stem><stem n="(on"><phr n="(on"><ent r="4" t="33" w="284" /><ent r="4" t="33" w="347" /></phr></stem><stem n="side"><phr n="side"><ent r="4" t="33" w="287" /><ent r="4" t="33" w="350" /><ent r="4" t="35" w="75" /></phr></stem><stem n="get"><phr n="get"><ent r="4" t="33" w="375" /><ent r="3" t="39" w="87" /><ent r="3" t="40" w="498" /></phr></stem><stem n="both"><phr n="both"><ent r="3" t="34" w="34" /><ent r="3" t="40" w="222" /></phr></stem><stem n="refin"><phr n="refine"><ent r="3" t="34" w="41" /><ent r="3" t="40" w="494" /></phr></stem><stem n="/remov"><phr n="/remove"><ent r="4" t="34" w="137" /></phr></stem><stem n="/from"><phr n="/from"><ent r="4" t="34" w="140" /></phr></stem><stem n="unit"><phr n="units"><ent r="3" t="34" w="153" /><ent r="82" t="46" w="179" /><ent r="3" t="46" w="186" /></phr><phr n="United"><ent r="4" t="55" w="6" /><ent r="4" t="55" w="47" /><ent r="4" t="56" w="6" /></phr></stem><stem n="batch"><phr n="batch"><ent r="3" t="34" w="213" /><ent r="3" t="36" w="51" /></phr></stem><stem n="wizard"><phr n="wizard"><ent r="3" t="34" w="221" /><ent r="3" t="36" w="59" /></phr></stem><stem n="least"><phr n="least"><ent r="4" t="34" w="260" /><ent r="4" t="36" w="98" /></phr></stem><stem n="dock"><phr n="dock"><ent r="5" t="34" w="307" /><ent r="5" t="37" w="53" /></phr></stem><stem n="metric"><phr n="metric"><ent r="4" t="34" w="379" /><ent r="4" t="34" w="417" /><ent r="4" t="34" w="464" /><ent r="4" t="37" w="126" /><ent r="4" t="37" w="164" /><ent r="4" t="37" w="211" /></phr></stem><stem n=":spectral"><phr n=":Spectral"><ent r="100" t="35" w="17" /><ent r="4" t="36" w="566" /></phr></stem><stem n="tree"><phr n="tree"><ent r="4" t="35" w="71" /></phr></stem><stem n="updat"><phr n="updating"><ent r="4" t="35" w="99" /></phr><phr n="updated"><ent r="4" t="36" w="669" /><ent r="3" t="44" w="88" /></phr><phr n="updates"><ent r="3" t="37" w="609" /></phr><phr n="update"><ent r="3" t="53" w="60" /></phr></stem><stem n="cancel"><phr n="Cancel"><ent r="4" t="35" w="114" /><ent r="3" t="35" w="117" /></phr></stem><stem n="action"><phr n="actions"><ent r="3" t="35" w="155" /><ent r="3" t="35" w="169" /><ent r="3" t="46" w="40" /></phr></stem><stem n="involv"><phr n="involving"><ent r="3" t="35" w="156" /><ent r="3" t="35" w="170" /></phr></stem><stem n="uncheck"><phr n="unchecked"><ent r="3" t="35" w="168" /><ent r="3" t="35" w="262" /><ent r="4" t="36" w="530" /><ent r="3" t="46" w="350" /></phr><phr n="Uncheck"><ent r="4" t="36" w="489" /><ent r="3" t="38" w="684" /><ent r="3" t="46" w="305" /><ent r="3" t="46" w="417" /></phr><phr n="unchecking"><ent r="3" t="40" w="543" /></phr></stem><stem n="pass"><phr n="pass"><ent r="3" t="35" w="210" /></phr></stem><stem n="good"><phr n="goodness"><ent r="3" t="35" w="214" /></phr><phr n="good"><ent r="3" t="57" w="100" /></phr></stem><stem n="autoclear"><phr n="Autoclear"><ent r="4" t="35" w="254" /><ent r="3" t="35" w="283" /><ent r="3" t="35" w="320" /></phr></stem><stem n="state"><phr n="state"><ent r="3" t="35" w="280" /><ent r="4" t="60" w="86" /></phr><phr n="stating"><ent r="4" t="36" w="701" /></phr><phr n="Stated"><ent r="4" t="55" w="7" /><ent r="4" t="56" w="7" /></phr><phr n="States"><ent r="4" t="55" w="48" /></phr></stem><stem n="context"><phr n="context"><ent r="3" t="35" w="323" /><ent r="4" t="37" w="349" /><ent r="3" t="46" w="711" /><ent r="4" t="47" w="634" /><ent r="3" t="47" w="650" /></phr></stem><stem n="editor"><phr n="Editor"><ent r="3" t="36" w="201" /><ent r="4" t="36" w="393" /></phr></stem><stem n="long"><phr n="long"><ent r="4" t="36" w="417" /></phr></stem><stem n="grai"><phr n="grayed"><ent r="4" t="36" w="526" /></phr><phr n="gray"><ent r="3" t="46" w="696" /></phr></stem><stem n="-bovik"><phr n="-Bovik"><ent r="4" t="36" w="569" /><ent r="4" t="36" w="569" /></phr></stem><stem n="wang"><phr n="Wang"><ent r="4" t="36" w="569" /></phr></stem><stem n="wang-bovik"><phr n="Wang-Bovik"><ent r="4" t="36" w="569" /></phr></stem><stem n="bovik"><phr n="Bovik"><ent r="4" t="36" w="570" /></phr></stem><stem n="index"><phr n="Index"><ent r="4" t="36" w="571" /></phr></stem><stem n="total"><phr n="total"><ent r="3" t="36" w="586" /><ent r="3" t="57" w="52" /></phr></stem><stem n="max"><phr n="max"><ent r="4" t="36" w="597" /><ent r="4" t="40" w="194" /></phr></stem><stem n="cutoff"><phr n="cutoff"><ent r="3" t="36" w="620" /></phr></stem><stem n="empti"><phr n="empty"><ent r="4" t="36" w="694" /><ent r="4" t="36" w="706" /></phr></stem><stem n="need"><phr n="need"><ent r="4" t="36" w="709" /><ent r="3" t="40" w="476" /><ent r="3" t="40" w="492" /></phr><phr n="needs"><ent r="3" t="39" w="229" /><ent r="3" t="50" w="126" /></phr><phr n="needed"><ent r="3" t="47" w="426" /><ent r="3" t="62" w="333" /></phr></stem><stem n="show"><phr n="showing"><ent r="3" t="36" w="732" /></phr><phr n="Show"><ent r="3" t="41" w="56" /></phr><phr n="shows"><ent r="3" t="59" w="155" /></phr></stem><stem n="hidden"><phr n="hidden"><ent r="3" t="36" w="774" /></phr></stem><stem n="conjunct"><phr n="conjunction"><ent r="3" t="37" w="264" /></phr></stem><stem n="again"><phr n="again"><ent r="4" t="37" w="332" /><ent r="3" t="45" w="251" /><ent r="3" t="45" w="259" /></phr></stem><stem n="necessari"><phr n="necessary"><ent r="4" t="37" w="384" /><ent r="4" t="50" w="382" /></phr></stem><stem n="basic"><phr n="basically"><ent r="4" t="37" w="427" /></phr></stem><stem n="scale"><phr n="Scale"><ent r="4" t="37" w="556" /><ent r="4" t="37" w="596" /><ent r="3" t="46" w="360" /><ent r="82" t="46" w="426" /></phr><phr n="scaling"><ent r="3" t="37" w="608" /><ent r="3" t="46" w="511" /></phr><phr n="scales"><ent r="3" t="46" w="434" /></phr><phr n="scaled"><ent r="3" t="46" w="533" /><ent r="3" t="46" w="549" /><ent r="3" t="46" w="571" /><ent r="3" t="46" w="583" /><ent r="3" t="46" w="600" /></phr></stem><stem n="-xiaoli"><phr n="-Xiaoli"><ent r="3" t="38" w="18" /><ent r="3" t="38" w="18" /><ent r="5" t="38" w="25" /><ent r="5" t="38" w="25" /></phr></stem><stem n="reed"><phr n="Reed"><ent r="3" t="38" w="18" /><ent r="5" t="38" w="25" /></phr></stem><stem n="reed-xiaoli"><phr n="Reed-Xiaoli"><ent r="3" t="38" w="18" /><ent r="5" t="38" w="25" /></phr></stem><stem n="xiaoli"><phr n="Xiaoli"><ent r="3" t="38" w="19" /><ent r="5" t="38" w="26" /></phr></stem><stem n="common"><phr n="common"><ent r="3" t="38" w="30" /></phr></stem><stem n="rest"><phr n="rest"><ent r="3" t="38" w="47" /><ent r="3" t="39" w="45" /></phr></stem><stem n="standard"><phr n="standard"><ent r="3" t="38" w="66" /></phr></stem><stem n="deviat"><phr n="deviations"><ent r="3" t="38" w="67" /></phr></stem><stem n="model"><phr n="modeling"><ent r="3" t="38" w="80" /></phr><phr n="model"><ent r="3" t="38" w="255" /></phr><phr n="models"><ent r="3" t="39" w="50" /></phr></stem><stem n="multivari"><phr n="multivariate"><ent r="3" t="38" w="85" /></phr></stem></index>