﻿<?xml version="1.0" encoding="utf-8"?><index><stem n="(their"><phr n="(their"><ent r="3" t="11" w="130" /></phr></stem><stem n="unknown"><phr n="unknown"><ent r="3" t="11" w="141" /><ent r="3" t="28" w="85" /><ent r="3" t="30" w="87" /><ent r="3" t="52" w="139" /><ent r="3" t="54" w="330" /></phr></stem><stem n="sure"><phr n="sure"><ent r="4" t="11" w="153" /><ent r="3" t="13" w="135" /><ent r="4" t="14" w="21" /><ent r="4" t="15" w="149" /><ent r="3" t="15" w="248" /><ent r="4" t="16" w="62" /><ent r="4" t="17" w="40" /><ent r="4" t="18" w="67" /><ent r="4" t="19" w="33" /><ent r="4" t="20" w="26" /><ent r="4" t="22" w="37" /><ent r="4" t="22" w="135" /><ent r="4" t="27" w="191" /><ent r="4" t="30" w="236" /><ent r="5" t="31" w="363" /><ent r="4" t="34" w="156" /><ent r="4" t="34" w="451" /><ent r="4" t="34" w="477" /><ent r="4" t="36" w="113" /><ent r="4" t="37" w="112" /></phr></stem><stem n="previous"><phr n="previously"><ent r="3" t="11" w="174" /></phr></stem><stem n="gain"><phr n="gain"><ent r="3" t="11" w="176" /><ent r="3" t="54" w="285" /><ent r="3" t="54" w="331" /><ent r="3" t="57" w="115" /><ent r="3" t="57" w="234" /><ent r="3" t="57" w="240" /><ent r="3" t="57" w="330" /><ent r="3" t="57" w="369" /></phr><phr n="Gains"><ent r="4" t="11" w="197" /></phr><phr n="gains"><ent r="3" t="11" w="351" /><ent r="3" t="11" w="377" /></phr></stem><stem n="/offset"><phr n="/offset"><ent r="3" t="11" w="177" /></phr><phr n="/Offsets"><ent r="4" t="11" w="198" /></phr><phr n="/offsets"><ent r="3" t="11" w="352" /></phr></stem><stem n="gain/offset"><phr n="gain/offset"><ent r="3" t="11" w="177" /><ent r="3" t="11" w="176" /></phr></stem><stem n="offset"><phr n="offset"><ent r="3" t="11" w="177" /><ent r="3" t="57" w="131" /><ent r="3" t="57" w="156" /><ent r="3" t="57" w="236" /><ent r="3" t="57" w="242" /><ent r="3" t="57" w="332" /><ent r="3" t="57" w="371" /></phr><phr n="Offsets"><ent r="4" t="11" w="198" /></phr><phr n="offsets"><ent r="3" t="11" w="352" /><ent r="3" t="11" w="379" /></phr></stem><stem n="gains/offset"><phr n="Gains/Offsets"><ent r="4" t="11" w="198" /><ent r="4" t="11" w="197" /></phr><phr n="gains/offsets"><ent r="3" t="11" w="352" /><ent r="3" t="11" w="351" /></phr></stem><stem n="forc"><phr n="force"><ent r="3" t="11" w="201" /></phr></stem><stem n="recomput"><phr n="recomputation"><ent r="3" t="11" w="202" /></phr></stem><stem n="element"><phr n="elements"><ent r="4" t="11" w="206" /><ent r="3" t="11" w="219" /></phr><phr n="element"><ent r="3" t="11" w="236" /><ent r="4" t="11" w="261" /><ent r="4" t="11" w="276" /><ent r="4" t="11" w="328" /><ent r="3" t="25" w="563" /><ent r="3" t="25" w="580" /><ent r="3" t="26" w="101" /><ent r="3" t="26" w="106" /><ent r="4" t="36" w="621" /></phr><phr n="Element"><ent r="5" t="11" w="251" /><ent r="5" t="11" w="281" /></phr></stem><stem n="allow"><phr n="allows"><ent r="3" t="11" w="213" /><ent r="5" t="25" w="212" /><ent r="3" t="25" w="273" /><ent r="4" t="27" w="707" /><ent r="3" t="43" w="359" /><ent r="3" t="52" w="358" /></phr><phr n="Allows"><ent r="3" t="36" w="163" /><ent r="3" t="37" w="152" /></phr></stem><stem n="assign"><phr n="assign"><ent r="3" t="11" w="229" /></phr><phr n="assigned"><ent r="4" t="11" w="258" /><ent r="4" t="27" w="884" /><ent r="3" t="54" w="367" /><ent r="3" t="54" w="391" /></phr></stem><stem n="appropri"><phr n="appropriate"><ent r="3" t="11" w="231" /></phr></stem><stem n="/reflect"><phr n="/reflectance"><ent r="3" t="11" w="246" /></phr></stem><stem n="panel/reflect"><phr n="panel/reflectance"><ent r="3" t="11" w="246" /><ent r="3" t="11" w="245" /></phr></stem><stem n="pair"><phr n="pair"><ent r="3" t="11" w="248" /></phr><phr n="pairs"><ent r="3" t="52" w="368" /></phr></stem><stem n="uniqu"><phr n="unique"><ent r="4" t="11" w="254" /><ent r="4" t="32" w="248" /><ent r="4" t="34" w="86" /></phr></stem><stem n="new"><phr n="new"><ent r="4" t="11" w="275" /><ent r="3" t="11" w="350" /><ent r="3" t="11" w="376" /><ent r="3" t="11" w="405" /><ent r="65" t="13" w="169" /><ent r="100" t="14" w="11" /><ent r="4" t="14" w="67" /><ent r="3" t="15" w="258" /><ent r="64" t="16" w="44" /><ent r="3" t="19" w="80" /><ent r="3" t="25" w="462" /><ent r="3" t="25" w="561" /><ent r="3" t="25" w="585" /><ent r="3" t="26" w="99" /><ent r="3" t="26" w="112" /><ent r="4" t="27" w="559" /><ent r="4" t="27" w="723" /><ent r="4" t="29" w="314" /><ent r="4" t="30" w="527" /><ent r="3" t="33" w="247" /><ent r="3" t="33" w="264" /><ent r="3" t="33" w="287" /><ent r="3" t="44" w="384" /><ent r="3" t="45" w="190" /><ent r="3" t="45" w="434" /></phr><phr n="New"><ent r="5" t="11" w="280" /><ent r="1000" t="14" w="3" /><ent r="102" t="14" w="16" /><ent r="5" t="14" w="51" /><ent r="4" t="14" w="57" /><ent r="64" t="15" w="294" /><ent r="64" t="16" w="285" /><ent r="64" t="17" w="92" /><ent r="64" t="20" w="176" /><ent r="3" t="45" w="174" /></phr></stem><stem n="within"><phr n="within"><ent r="4" t="11" w="294" /><ent r="5" t="12" w="238" /><ent r="3" t="21" w="47" /><ent r="3" t="21" w="99" /><ent r="3" t="24" w="47" /><ent r="4" t="25" w="95" /><ent r="4" t="32" w="76" /><ent r="4" t="32" w="395" /><ent r="4" t="35" w="142" /><ent r="3" t="46" w="102" /><ent r="3" t="57" w="98" /></phr></stem><stem n="-scene"><phr n="-scene"><ent r="4" t="11" w="297" /><ent r="4" t="11" w="297" /><ent r="3" t="27" w="38" /><ent r="3" t="27" w="38" /><ent r="3" t="27" w="169" /><ent r="3" t="27" w="169" /><ent r="3" t="27" w="481" /><ent r="3" t="27" w="481" /><ent r="3" t="28" w="44" /><ent r="3" t="28" w="44" /><ent r="3" t="28" w="100" /><ent r="3" t="28" w="100" /><ent r="3" t="29" w="20" /><ent r="3" t="29" w="20" /><ent r="3" t="29" w="100" /><ent r="3" t="29" w="100" /><ent r="3" t="30" w="45" /><ent r="3" t="30" w="45" /><ent r="3" t="30" w="104" /><ent r="3" t="30" w="104" /><ent r="3" t="30" w="116" /><ent r="3" t="30" w="116" /><ent r="3" t="30" w="212" /><ent r="3" t="30" w="212" /><ent r="4" t="30" w="465" /><ent r="4" t="30" w="465" /><ent r="3" t="43" w="377" /><ent r="3" t="43" w="377" /><ent r="3" t="43" w="382" /><ent r="3" t="43" w="382" /><ent r="3" t="43" w="390" /><ent r="3" t="43" w="390" /><ent r="3" t="44" w="124" /><ent r="3" t="44" w="124" /><ent r="3" t="52" w="211" /><ent r="3" t="52" w="211" /></phr></stem><stem n="in-scen"><phr n="in-scene"><ent r="4" t="11" w="297" /><ent r="3" t="27" w="38" /><ent r="3" t="27" w="169" /><ent r="3" t="27" w="481" /><ent r="3" t="28" w="44" /><ent r="3" t="28" w="100" /><ent r="3" t="29" w="20" /><ent r="3" t="29" w="100" /><ent r="3" t="30" w="45" /><ent r="3" t="30" w="104" /><ent r="3" t="30" w="116" /><ent r="3" t="30" w="212" /><ent r="4" t="30" w="465" /><ent r="3" t="43" w="377" /><ent r="3" t="43" w="382" /><ent r="3" t="43" w="390" /><ent r="3" t="44" w="124" /><ent r="3" t="52" w="211" /></phr></stem><stem n="area"><phr n="area"><ent r="4" t="11" w="300" /><ent r="3" t="12" w="43" /><ent r="4" t="12" w="141" /><ent r="4" t="12" w="352" /><ent r="4" t="16" w="95" /><ent r="3" t="22" w="70" /><ent r="4" t="25" w="99" /><ent r="3" t="25" w="278" /><ent r="3" t="27" w="419" /><ent r="3" t="27" w="464" /><ent r="3" t="29" w="242" /><ent r="3" t="29" w="283" /><ent r="4" t="29" w="421" /><ent r="3" t="30" w="411" /><ent r="3" t="30" w="452" /><ent r="4" t="34" w="149" /><ent r="4" t="34" w="316" /><ent r="4" t="34" w="357" /><ent r="4" t="34" w="370" /><ent r="4" t="35" w="345" /><ent r="3" t="36" w="231" /><ent r="3" t="36" w="249" /><ent r="3" t="43" w="579" /><ent r="3" t="43" w="587" /><ent r="3" t="47" w="41" /><ent r="3" t="47" w="63" /><ent r="3" t="48" w="85" /></phr><phr n="areas"><ent r="3" t="12" w="61" /><ent r="3" t="57" w="175" /><ent r="3" t="57" w="204" /></phr><phr n="Area"><ent r="6" t="12" w="175" /><ent r="3" t="25" w="301" /><ent r="5" t="27" w="664" /><ent r="5" t="29" w="407" /><ent r="5" t="30" w="605" /><ent r="4" t="36" w="159" /><ent r="3" t="36" w="177" /><ent r="4" t="36" w="558" /><ent r="4" t="37" w="148" /><ent r="3" t="37" w="166" /><ent r="3" t="47" w="22" /></phr></stem><stem n="-click"><phr n="-clicking"><ent r="4" t="11" w="302" /><ent r="4" t="11" w="302" /><ent r="3" t="43" w="264" /><ent r="3" t="43" w="264" /></phr><phr n="-click"><ent r="3" t="22" w="71" /><ent r="3" t="22" w="71" /><ent r="4" t="22" w="141" /><ent r="4" t="22" w="141" /><ent r="3" t="33" w="313" /><ent r="3" t="33" w="313" /><ent r="4" t="35" w="340" /><ent r="4" t="35" w="340" /><ent r="4" t="35" w="451" /><ent r="4" t="35" w="451" /><ent r="4" t="40" w="51" /><ent r="4" t="40" w="51" /><ent r="3" t="43" w="572" /><ent r="3" t="43" w="572" /><ent r="4" t="44" w="206" /><ent r="4" t="44" w="206" /><ent r="4" t="44" w="523" /><ent r="4" t="44" w="523" /><ent r="4" t="45" w="161" /><ent r="4" t="45" w="161" /></phr></stem><stem n="left-click"><phr n="left-clicking"><ent r="4" t="11" w="302" /></phr><phr n="Left-click"><ent r="4" t="40" w="51" /></phr></stem><stem n="drag"><phr n="dragging"><ent r="4" t="11" w="305" /></phr></stem><stem n="rectangl"><phr n="rectangle"><ent r="4" t="11" w="308" /></phr></stem><stem n="correspond"><phr n="corresponding"><ent r="4" t="11" w="323" /></phr></stem><stem n="convers"><phr n="conversion"><ent r="3" t="11" w="345" /></phr></stem><stem n="alreadi"><phr n="already"><ent r="3" t="11" w="356" /><ent r="4" t="34" w="260" /><ent r="3" t="36" w="350" /><ent r="3" t="41" w="104" /><ent r="4" t="46" w="15" /></phr></stem><stem n="exist"><phr n="exists"><ent r="3" t="11" w="357" /><ent r="3" t="41" w="105" /><ent r="3" t="42" w="154" /></phr><phr n="existing"><ent r="3" t="11" w="372" /><ent r="5" t="12" w="159" /><ent r="3" t="15" w="144" /><ent r="64" t="16" w="37" /><ent r="3" t="19" w="92" /><ent r="5" t="25" w="217" /><ent r="4" t="27" w="712" /><ent r="3" t="33" w="301" /><ent r="3" t="33" w="310" /><ent r="4" t="36" w="338" /><ent r="3" t="44" w="367" /><ent r="3" t="44" w="380" /><ent r="3" t="45" w="417" /><ent r="3" t="45" w="430" /></phr><phr n="exist"><ent r="3" t="12" w="48" /><ent r="3" t="40" w="96" /></phr></stem><stem n="ask"><phr n="asked"><ent r="3" t="11" w="361" /></phr><phr n="asking"><ent r="3" t="27" w="223" /><ent r="3" t="44" w="373" /><ent r="3" t="45" w="423" /></phr></stem><stem n="whether"><phr n="whether"><ent r="3" t="11" w="362" /></phr></stem><stem n="overwrit"><phr n="overwrite"><ent r="3" t="11" w="366" /><ent r="3" t="11" w="370" /><ent r="3" t="11" w="390" /><ent r="3" t="44" w="378" /><ent r="3" t="44" w="390" /><ent r="3" t="44" w="402" /><ent r="3" t="45" w="428" /><ent r="3" t="45" w="440" /><ent r="3" t="45" w="452" /></phr></stem><stem n="ye"><phr n="Yes"><ent r="4" t="11" w="382" /><ent r="4" t="27" w="237" /><ent r="4" t="44" w="394" /><ent r="4" t="45" w="444" /></phr></stem><stem n="prompt"><phr n="prompted"><ent r="3" t="11" w="401" /></phr></stem><stem n="enter"><phr n="enter"><ent r="3" t="11" w="403" /><ent r="4" t="12" w="245" /><ent r="4" t="14" w="62" /><ent r="4" t="31" w="119" /><ent r="3" t="31" w="182" /><ent r="3" t="36" w="386" /><ent r="3" t="46" w="74" /><ent r="3" t="56" w="40" /><ent r="3" t="56" w="71" /></phr><phr n="entering"><ent r="4" t="27" w="557" /><ent r="4" t="29" w="312" /><ent r="4" t="30" w="525" /><ent r="4" t="35" w="477" /></phr><phr n="Enter"><ent r="4" t="35" w="493" /><ent r="4" t="44" w="340" /><ent r="4" t="45" w="324" /></phr><phr n="entered"><ent r="3" t="44" w="578" /><ent r="4" t="45" w="399" /></phr></stem><stem n="filenam"><phr n="filename"><ent r="3" t="11" w="406" /><ent r="3" t="27" w="412" /><ent r="3" t="44" w="364" /><ent r="3" t="45" w="414" /></phr><phr n="filenames"><ent r="4" t="15" w="115" /><ent r="4" t="21" w="237" /><ent r="3" t="45" w="50" /></phr></stem><stem n="return"><phr n="return"><ent r="4" t="11" w="427" /><ent r="4" t="27" w="780" /><ent r="4" t="29" w="466" /><ent r="4" t="30" w="664" /></phr></stem><stem n="inform"><phr n="Information"><ent r="64" t="11" w="436" /><ent r="64" t="13" w="216" /><ent r="1000" t="21" w="5" /><ent r="102" t="21" w="11" /><ent r="64" t="27" w="920" /><ent r="64" t="30" w="190" /><ent r="1000" t="52" w="3" /><ent r="102" t="52" w="7" /><ent r="1000" t="54" w="3" /><ent r="102" t="54" w="7" /><ent r="1000" t="57" w="3" /><ent r="102" t="57" w="7" /></phr><phr n="information"><ent r="3" t="25" w="416" /><ent r="3" t="25" w="493" /><ent r="4" t="25" w="537" /><ent r="3" t="36" w="195" /><ent r="3" t="44" w="152" /><ent r="3" t="44" w="171" /></phr></stem><stem n="iarr"><phr n="IARR"><ent r="1000" t="12" w="1" /><ent r="102" t="12" w="3" /><ent r="100" t="12" w="5" /><ent r="65" t="12" w="15" /><ent r="3" t="12" w="38" /><ent r="3" t="12" w="66" /><ent r="4" t="12" w="106" /><ent r="5" t="12" w="125" /><ent r="3" t="12" w="129" /><ent r="4" t="12" w="485" /></phr></stem><stem n="intern"><phr n="Internal"><ent r="3" t="12" w="8" /><ent r="5" t="12" w="17" /></phr><phr n="International"><ent r="5" t="58" w="69" /></phr></stem><stem n="rel"><phr n="Relative"><ent r="3" t="12" w="10" /><ent r="5" t="12" w="19" /></phr></stem><stem n="-process"><phr n="-processing"><ent r="3" t="12" w="24" /><ent r="3" t="12" w="24" /></phr></stem><stem n="pre"><phr n="pre"><ent r="3" t="12" w="24" /></phr></stem><stem n="pre-process"><phr n="pre-processing"><ent r="3" t="12" w="24" /></phr></stem><stem n="normal"><phr n="normalize"><ent r="3" t="12" w="29" /></phr><phr n="normal"><ent r="3" t="36" w="86" /></phr></stem><stem n="scene'"><phr n="scene's"><ent r="3" t="12" w="34" /><ent r="3" t="12" w="33" /></phr></stem><stem n="littl"><phr n="little"><ent r="3" t="12" w="50" /><ent r="3" t="25" w="403" /><ent r="3" t="25" w="414" /></phr></stem><stem n="arid"><phr n="arid"><ent r="3" t="12" w="60" /></phr></stem><stem n="entir"><phr n="entire"><ent r="3" t="12" w="73" /><ent r="5" t="12" w="227" /><ent r="3" t="25" w="318" /><ent r="4" t="27" w="658" /><ent r="3" t="28" w="127" /><ent r="4" t="29" w="401" /><ent r="4" t="30" w="599" /><ent r="3" t="36" w="59" /><ent r="3" t="36" w="172" /><ent r="3" t="37" w="161" /></phr></stem><stem n="appar"><phr n="Apparent"><ent r="3" t="12" w="82" /></phr><phr n="apparent"><ent r="3" t="27" w="77" /><ent r="3" t="30" w="151" /><ent r="3" t="54" w="320" /></phr></stem><stem n="divid"><phr n="dividing"><ent r="3" t="12" w="93" /></phr></stem><stem n="box"><phr n="box"><ent r="3" t="12" w="131" /><ent r="4" t="12" w="493" /><ent r="4" t="14" w="61" /><ent r="4" t="15" w="179" /><ent r="4" t="15" w="202" /><ent r="4" t="15" w="215" /><ent r="3" t="16" w="78" /><ent r="4" t="16" w="99" /><ent r="4" t="16" w="114" /><ent r="4" t="16" w="222" /><ent r="3" t="16" w="261" /><ent r="4" t="17" w="65" /><ent r="4" t="18" w="93" /><ent r="3" t="19" w="60" /><ent r="4" t="19" w="105" /><ent r="4" t="19" w="119" /><ent r="3" t="20" w="53" /><ent r="4" t="20" w="146" /><ent r="4" t="20" w="160" /><ent r="4" t="25" w="46" /><ent r="3" t="25" w="469" /><ent r="3" t="25" w="497" /><ent r="4" t="25" w="530" /><ent r="4" t="26" w="41" /><ent r="4" t="27" w="736" /><ent r="4" t="27" w="748" /><ent r="3" t="29" w="219" /><ent r="4" t="29" w="412" /><ent r="3" t="30" w="391" /><ent r="4" t="30" w="610" /><ent r="4" t="31" w="118" /><ent r="3" t="33" w="260" /><ent r="3" t="33" w="383" /><ent r="3" t="34" w="203" /><ent r="4" t="34" w="223" /><ent r="4" t="34" w="274" /><ent r="4" t="34" w="294" /><ent r="4" t="34" w="467" /><ent r="4" t="34" w="486" /><ent r="4" t="34" w="491" /><ent r="4" t="34" w="507" /><ent r="4" t="34" w="523" /><ent r="4" t="34" w="537" /><ent r="3" t="34" w="601" /><ent r="3" t="34" w="632" /><ent r="4" t="34" w="658" /><ent r="4" t="34" w="693" /><ent r="4" t="35" w="414" /><ent r="4" t="36" w="482" /><ent r="4" t="36" w="652" /><ent r="4" t="37" w="277" /><ent r="3" t="43" w="238" /><ent r="3" t="44" w="538" /></phr></stem><stem n="input"><phr n="Input"><ent r="6" t="12" w="153" /><ent r="4" t="36" w="412" /></phr><phr n="input"><ent r="4" t="12" w="466" /><ent r="3" t="21" w="67" /><ent r="3" t="27" w="56" /><ent r="3" t="27" w="103" /><ent r="3" t="28" w="199" /><ent r="3" t="36" w="439" /><ent r="3" t="54" w="195" /></phr></stem><stem n="specifi"><phr n="specifies"><ent r="5" t="12" w="157" /><ent r="5" t="12" w="224" /><ent r="4" t="12" w="367" /><ent r="4" t="12" w="392" /><ent r="4" t="12" w="414" /><ent r="3" t="43" w="183" /></phr><phr n="specify"><ent r="4" t="12" w="464" /><ent r="3" t="31" w="130" /><ent r="3" t="31" w="206" /></phr><phr n="specified"><ent r="3" t="27" w="62" /><ent r="3" t="40" w="134" /><ent r="3" t="41" w="160" /><ent r="3" t="42" w="270" /><ent r="3" t="52" w="27" /></phr></stem><stem n="interest"><phr n="Interest"><ent r="6" t="12" w="177" /><ent r="5" t="25" w="256" /><ent r="3" t="25" w="303" /><ent r="5" t="27" w="666" /><ent r="5" t="29" w="409" /><ent r="5" t="30" w="607" /><ent r="4" t="36" w="161" /><ent r="3" t="36" w="179" /><ent r="4" t="36" w="560" /><ent r="4" t="37" w="150" /><ent r="3" t="37" w="168" /><ent r="3" t="47" w="24" /></phr><phr n="interested"><ent r="3" t="21" w="72" /></phr><phr n="interest"><ent r="3" t="25" w="295" /><ent r="4" t="27" w="679" /><ent r="3" t="28" w="59" /><ent r="4" t="29" w="423" /><ent r="3" t="30" w="61" /><ent r="4" t="30" w="621" /></phr></stem><stem n="valid"><phr n="valid"><ent r="5" t="12" w="186" /><ent r="4" t="15" w="63" /><ent r="4" t="15" w="126" /><ent r="4" t="21" w="178" /><ent r="4" t="21" w="248" /></phr><phr n="validity"><ent r="3" t="21" w="83" /></phr></stem><stem n="comput"><phr n="compute"><ent r="5" t="12" w="199" /><ent r="3" t="36" w="257" /></phr><phr n="computed"><ent r="4" t="25" w="159" /><ent r="3" t="46" w="98" /><ent r="3" t="57" w="238" /></phr><phr n="computing"><ent r="3" t="25" w="483" /><ent r="3" t="33" w="138" /><ent r="4" t="34" w="558" /><ent r="3" t="46" w="84" /></phr></stem><stem n="(even"><phr n="(even"><ent r="5" t="12" w="204" /><ent r="4" t="12" w="326" /></phr></stem><stem n="even"><phr n="even"><ent r="5" t="12" w="204" /><ent r="4" t="12" w="326" /></phr></stem><stem n="those"><phr n="those"><ent r="5" t="12" w="205" /><ent r="4" t="12" w="327" /><ent r="3" t="33" w="208" /></phr></stem><stem n="outsid"><phr n="outside"><ent r="5" t="12" w="206" /></phr></stem><stem n="appli"><phr n="applied"><ent r="5" t="12" w="212" /><ent r="4" t="12" w="338" /><ent r="3" t="25" w="315" /><ent r="3" t="25" w="455" /><ent r="3" t="25" w="553" /><ent r="4" t="26" w="85" /><ent r="3" t="31" w="167" /><ent r="3" t="57" w="246" /><ent r="3" t="57" w="268" /></phr><phr n="Applying"><ent r="92" t="31" w="84" /></phr><phr n="apply"><ent r="3" t="31" w="139" /></phr><phr n="Apply"><ent r="4" t="31" w="152" /></phr></stem><stem n="them"><phr n="them"><ent r="5" t="12" w="214" /><ent r="4" t="12" w="340" /><ent r="4" t="22" w="124" /><ent r="4" t="22" w="127" /><ent r="4" t="34" w="378" /></phr></stem><stem n="output"><phr n="output"><ent r="5" t="12" w="217" /><ent r="4" t="12" w="343" /><ent r="4" t="12" w="355" /><ent r="4" t="12" w="374" /><ent r="4" t="12" w="398" /><ent r="3" t="12" w="451" /><ent r="4" t="12" w="475" /><ent r="3" t="12" w="509" /><ent r="3" t="27" w="44" /><ent r="3" t="28" w="184" /><ent r="3" t="28" w="204" /><ent r="4" t="32" w="242" /><ent r="4" t="34" w="80" /><ent r="3" t="36" w="90" /><ent r="3" t="36" w="154" /><ent r="3" t="36" w="449" /><ent r="3" t="37" w="92" /><ent r="3" t="54" w="370" /></phr><phr n="Output"><ent r="5" t="12" w="349" /><ent r="5" t="12" w="411" /><ent r="5" t="27" w="541" /><ent r="5" t="29" w="296" /><ent r="5" t="30" w="509" /><ent r="4" t="36" w="413" /><ent r="5" t="50" w="36" /></phr></stem><stem n="full"><phr n="Full"><ent r="6" t="12" w="220" /></phr><phr n="full"><ent r="4" t="12" w="416" /><ent r="3" t="57" w="303" /></phr></stem><stem n="extent"><phr n="Extents"><ent r="6" t="12" w="221" /></phr></stem><stem n="row"><phr n="Row"><ent r="5" t="12" w="248" /><ent r="3" t="36" w="388" /></phr><phr n="rows"><ent r="4" t="12" w="276" /><ent r="3" t="46" w="78" /></phr><phr n="row"><ent r="4" t="12" w="293" /><ent r="4" t="12" w="300" /><ent r="4" t="12" w="306" /><ent r="4" t="12" w="313" /><ent r="3" t="23" w="144" /><ent r="4" t="25" w="154" /></phr></stem><stem n="step"><phr n="Step"><ent r="5" t="12" w="249" /><ent r="5" t="12" w="257" /><ent r="4" t="12" w="271" /></phr><phr n="step"><ent r="4" t="12" w="266" /><ent r="4" t="12" w="294" /><ent r="4" t="12" w="307" /></phr><phr n="stepped"><ent r="4" t="12" w="328" /></phr><phr n="steps"><ent r="3" t="15" w="140" /><ent r="3" t="16" w="23" /><ent r="3" t="44" w="491" /></phr></stem><stem n="factor"><phr n="Factor"><ent r="5" t="12" w="250" /><ent r="5" t="12" w="258" /><ent r="3" t="36" w="389" /><ent r="3" t="36" w="392" /></phr><phr n="factors"><ent r="4" t="12" w="267" /><ent r="4" t="12" w="272" /><ent r="3" t="54" w="286" /><ent r="3" t="57" w="143" /></phr><phr n="factor"><ent r="4" t="12" w="295" /><ent r="4" t="12" w="308" /><ent r="3" t="54" w="332" /></phr><phr n="Factors"><ent r="5" t="46" w="58" /><ent r="3" t="46" w="71" /></phr></stem><stem n="/or"><phr n="/or"><ent r="4" t="12" w="253" /><ent r="3" t="23" w="146" /><ent r="3" t="31" w="56" /><ent r="3" t="31" w="188" /><ent r="3" t="44" w="418" /><ent r="3" t="45" w="468" /></phr></stem><stem n="and/or"><phr n="and/or"><ent r="4" t="12" w="253" /><ent r="4" t="12" w="252" /><ent r="3" t="23" w="146" /><ent r="3" t="23" w="145" /><ent r="3" t="31" w="56" /><ent r="3" t="31" w="55" /><ent r="3" t="31" w="188" /><ent r="3" t="31" w="187" /><ent r="3" t="44" w="418" /><ent r="3" t="44" w="417" /><ent r="3" t="45" w="468" /><ent r="3" t="45" w="467" /></phr></stem><stem n="column"><phr n="Column"><ent r="5" t="12" w="256" /><ent r="3" t="36" w="391" /></phr><phr n="columns"><ent r="4" t="12" w="278" /><ent r="3" t="44" w="61" /><ent r="3" t="46" w="80" /></phr><phr n="column"><ent r="3" t="23" w="147" /><ent r="4" t="25" w="148" /><ent r="3" t="44" w="65" /><ent r="3" t="44" w="72" /><ent r="3" t="52" w="246" /></phr></stem><stem n="increas"><phr n="increase"><ent r="4" t="12" w="261" /><ent r="4" t="35" w="319" /></phr></stem><stem n="speed"><phr n="speed"><ent r="4" t="12" w="264" /></phr></stem><stem n="decreas"><phr n="decreases"><ent r="4" t="12" w="268" /></phr></stem><stem n="accuraci"><phr n="accuracy"><ent r="4" t="12" w="269" /></phr></stem><stem n="determin"><phr n="determine"><ent r="4" t="12" w="273" /><ent r="5" t="25" w="71" /><ent r="3" t="28" w="73" /><ent r="3" t="28" w="139" /></phr><phr n="determined"><ent r="4" t="27" w="901" /><ent r="3" t="54" w="79" /><ent r="3" t="54" w="103" /><ent r="3" t="54" w="352" /></phr><phr n="determining"><ent r="3" t="30" w="75" /><ent r="3" t="33" w="370" /></phr><phr n="determines"><ent r="3" t="36" w="62" /><ent r="3" t="52" w="17" /><ent r="3" t="52" w="47" /><ent r="3" t="54" w="184" /></phr></stem><stem n="how"><phr n="how"><ent r="4" t="12" w="274" /><ent r="3" t="44" w="154" /><ent r="3" t="44" w="173" /></phr></stem><stem n="increment"><phr n="increment"><ent r="4" t="12" w="280" /></phr></stem><stem n="exampl"><phr n="example"><ent r="4" t="12" w="290" /></phr><phr n="examples"><ent r="3" t="31" w="67" /><ent r="3" t="35" w="549" /></phr><phr n="Example"><ent r="92" t="35" w="246" /></phr></stem><stem n="everi"><phr n="every"><ent r="4" t="12" w="299" /><ent r="4" t="12" w="311" /><ent r="3" t="43" w="227" /><ent r="3" t="54" w="354" /></phr></stem><stem n="second"><phr n="second"><ent r="4" t="12" w="312" /><ent r="3" t="44" w="71" /><ent r="3" t="52" w="67" /></phr><phr n="Second"><ent r="4" t="27" w="701" /><ent r="4" t="27" w="732" /><ent r="3" t="52" w="86" /></phr></stem><stem n="choic"><phr n="choices"><ent r="4" t="12" w="377" /><ent r="4" t="12" w="401" /></phr></stem><stem n="&quot;float"><phr n="&quot;Float"><ent r="4" t="12" w="379" /><ent r="4" t="12" w="383" /></phr></stem><stem n="float"><phr n="Float"><ent r="4" t="12" w="379" /><ent r="4" t="12" w="383" /></phr></stem><stem n="byte"><phr n="Bytes"><ent r="4" t="12" w="381" /><ent r="4" t="12" w="385" /></phr></stem><stem n="&quot;"><phr n="&quot;"><ent r="4" t="12" w="382" /><ent r="4" t="12" w="405" /><ent r="3" t="39" w="96" /><ent r="3" t="40" w="122" /><ent r="3" t="42" w="195" /><ent r="3" t="43" w="554" /><ent r="3" t="43" w="592" /><ent r="3" t="43" w="616" /><ent r="3" t="52" w="276" /></phr></stem><stem n="8"><phr n="8"><ent r="4" t="12" w="384" /></phr></stem><stem n=".&quot;"><phr n=".&quot;"><ent r="4" t="12" w="386" /><ent r="4" t="12" w="408" /><ent r="3" t="43" w="568" /></phr></stem><stem n="&quot;in"><phr n="&quot;In"><ent r="4" t="12" w="403" /></phr></stem><stem n="memori"><phr n="Memory"><ent r="4" t="12" w="404" /></phr></stem><stem n="&quot;on"><phr n="&quot;On"><ent r="4" t="12" w="406" /></phr></stem><stem n="disk"><phr n="Disk"><ent r="4" t="12" w="407" /></phr></stem><stem n="path"><phr n="path"><ent r="4" t="12" w="417" /><ent r="3" t="57" w="152" /><ent r="3" t="57" w="356" /></phr></stem><stem n="identifi"><phr n="identified"><ent r="3" t="12" w="449" /><ent r="3" t="27" w="124" /><ent r="3" t="36" w="239" /><ent r="3" t="56" w="13" /></phr><phr n="identifies"><ent r="3" t="23" w="82" /></phr><phr n="identify"><ent r="3" t="28" w="88" /><ent r="3" t="30" w="92" /><ent r="3" t="32" w="35" /></phr><phr n="identifying"><ent r="3" t="32" w="46" /></phr></stem><stem n="capabl"><phr n="capability"><ent r="3" t="13" w="19" /><ent r="3" t="21" w="21" /></phr><phr n="capabilities"><ent r="3" t="32" w="53" /><ent r="3" t="52" w="102" /></phr></stem><stem n="organ"><phr n="organize"><ent r="3" t="13" w="38" /><ent r="3" t="13" w="84" /></phr></stem><stem n="collect"><phr n="collection"><ent r="3" t="13" w="42" /><ent r="4" t="34" w="185" /><ent r="3" t="45" w="103" /></phr><phr n="collect"><ent r="3" t="13" w="62" /></phr><phr n="collected"><ent r="3" t="27" w="41" /><ent r="3" t="28" w="41" /><ent r="3" t="28" w="102" /><ent r="3" t="30" w="42" /><ent r="3" t="30" w="106" /><ent r="3" t="30" w="118" /><ent r="3" t="30" w="140" /><ent r="3" t="30" w="180" /><ent r="3" t="44" w="25" /><ent r="3" t="44" w="126" /><ent r="3" t="57" w="296" /></phr><phr n="collecting"><ent r="4" t="58" w="25" /></phr></stem><stem n="categori"><phr n="categories"><ent r="3" t="13" w="47" /><ent r="3" t="13" w="92" /></phr></stem><stem n="easi"><phr n="easy"><ent r="3" t="13" w="49" /></phr></stem><stem n="reload"><phr n="reloading"><ent r="3" t="13" w="52" /></phr><phr n="reload"><ent r="3" t="26" w="141" /></phr></stem><stem n="environ"><phr n="environment"><ent r="3" t="13" w="56" /><ent r="3" t="21" w="102" /></phr><phr n="Environment"><ent r="4" t="55" w="45" /></phr></stem><stem n="readabl"><phr n="readable"><ent r="3" t="13" w="68" /></phr></stem><stem n="make"><phr n="making"><ent r="3" t="13" w="93" /></phr><phr n="Make"><ent r="4" t="35" w="381" /></phr><phr n="makes"><ent r="3" t="45" w="111" /></phr></stem><stem n="manag"><phr n="management"><ent r="3" t="13" w="97" /></phr><phr n="Manager"><ent r="4" t="22" w="79" /></phr></stem><stem n="effici"><phr n="efficient"><ent r="3" t="13" w="99" /></phr></stem></index>