<?xml version="1.0" encoding="utf-8"?><index><stem n="add"><phr n="add"><ent r="6" t="1" w="189" /><ent r="5" t="2" w="137" /><ent r="5" t="2" w="201" /><ent r="5" t="9" w="71" /><ent r="5" t="9" w="116" /><ent r="5" t="10" w="125" /><ent r="5" t="10" w="174" /><ent r="65" t="13" w="178" /><ent r="4" t="14" w="76" /><ent r="65" t="14" w="83" /><ent r="4" t="15" w="262" /><ent r="65" t="15" w="269" /><ent r="1000" t="16" w="1" /><ent r="100" t="16" w="11" /><ent r="102" t="16" w="14" /><ent r="3" t="16" w="25" /><ent r="5" t="16" w="70" /><ent r="4" t="16" w="125" /><ent r="4" t="16" w="170" /><ent r="4" t="16" w="185" /><ent r="4" t="16" w="248" /><ent r="64" t="17" w="78" /><ent r="64" t="19" w="124" /><ent r="64" t="20" w="180" /><ent r="4" t="34" w="136" /><ent r="5" t="36" w="210" /><ent r="4" t="36" w="253" /><ent r="4" t="36" w="377" /><ent r="4" t="36" w="724" /><ent r="5" t="37" w="511" /><ent r="4" t="37" w="516" /><ent r="4" t="37" w="529" /><ent r="3" t="46" w="680" /><ent r="4" t="46" w="706" /><ent r="6" t="47" w="109" /><ent r="5" t="47" w="283" /></phr></stem><stem n="remov"><phr n="remove"><ent r="6" t="1" w="193" /><ent r="65" t="13" w="185" /><ent r="65" t="13" w="192" /><ent r="5" t="17" w="49" /><ent r="4" t="17" w="72" /><ent r="3" t="24" w="102" /><ent r="3" t="31" w="291" /><ent r="4" t="34" w="137" /><ent r="4" t="40" w="87" /></phr><phr n="removed"><ent r="4" t="17" w="55" /><ent r="4" t="18" w="81" /><ent r="3" t="29" w="77" /></phr><phr n="removes"><ent r="3" t="18" w="27" /><ent r="3" t="38" w="282" /></phr><phr n="removing"><ent r="4" t="40" w="94" /><ent r="3" t="62" w="258" /><ent r="3" t="62" w="349" /></phr></stem><stem n="slm"><phr n="SLM"><ent r="67" t="1" w="200" /><ent r="67" t="1" w="222" /><ent r="67" t="1" w="313" /><ent r="67" t="1" w="385" /><ent r="67" t="1" w="474" /><ent r="65" t="34" w="18" /><ent r="3" t="34" w="187" /><ent r="3" t="34" w="283" /><ent r="64" t="35" w="411" /><ent r="64" t="35" w="415" /><ent r="1000" t="36" w="1" /><ent r="102" t="36" w="5" /><ent r="65" t="36" w="22" /><ent r="3" t="36" w="127" /><ent r="3" t="36" w="133" /><ent r="64" t="36" w="835" /><ent r="1000" t="37" w="1" /><ent r="102" t="37" w="5" /><ent r="65" t="37" w="22" /><ent r="92" t="37" w="250" /></phr></stem><stem n="simpl"><phr n="Simple"><ent r="67" t="1" w="201" /><ent r="92" t="34" w="183" /><ent r="64" t="34" w="193" /><ent r="3" t="34" w="223" /><ent r="64" t="35" w="412" /><ent r="1000" t="36" w="2" /><ent r="102" t="36" w="6" /><ent r="100" t="36" w="12" /><ent r="3" t="36" w="32" /><ent r="3" t="36" w="61" /><ent r="3" t="36" w="128" /><ent r="3" t="36" w="136" /><ent r="3" t="37" w="32" /><ent r="64" t="37" w="273" /></phr></stem><stem n="interfac"><phr n="Interface"><ent r="67" t="1" w="202" /><ent r="67" t="1" w="224" /><ent r="67" t="1" w="315" /><ent r="67" t="1" w="387" /><ent r="67" t="1" w="476" /><ent r="92" t="34" w="184" /><ent r="64" t="34" w="194" /><ent r="3" t="34" w="208" /><ent r="3" t="34" w="224" /><ent r="92" t="34" w="280" /><ent r="64" t="34" w="293" /><ent r="3" t="34" w="326" /><ent r="64" t="35" w="413" /><ent r="64" t="35" w="417" /><ent r="1000" t="36" w="3" /><ent r="102" t="36" w="7" /><ent r="100" t="36" w="13" /><ent r="3" t="36" w="33" /><ent r="3" t="36" w="46" /><ent r="3" t="36" w="62" /><ent r="3" t="36" w="129" /><ent r="3" t="36" w="137" /><ent r="64" t="36" w="837" /><ent r="1000" t="37" w="3" /><ent r="102" t="37" w="7" /><ent r="100" t="37" w="13" /><ent r="3" t="37" w="33" /><ent r="3" t="37" w="39" /><ent r="3" t="37" w="73" /><ent r="92" t="37" w="252" /><ent r="3" t="37" w="260" /><ent r="64" t="37" w="274" /><ent r="4" t="37" w="430" /></phr></stem><stem n="match"><phr n="Match"><ent r="6" t="1" w="206" /><ent r="6" t="1" w="218" /><ent r="6" t="1" w="240" /><ent r="6" t="1" w="272" /><ent r="6" t="1" w="288" /><ent r="6" t="1" w="295" /><ent r="6" t="1" w="299" /><ent r="6" t="1" w="360" /><ent r="6" t="1" w="367" /><ent r="6" t="1" w="371" /><ent r="6" t="1" w="433" /><ent r="6" t="1" w="449" /><ent r="6" t="1" w="456" /><ent r="6" t="1" w="460" /><ent r="64" t="27" w="31" /><ent r="3" t="28" w="141" /><ent r="4" t="31" w="838" /><ent r="4" t="31" w="899" /><ent r="3" t="33" w="52" /><ent r="1000" t="34" w="3" /><ent r="102" t="34" w="7" /><ent r="100" t="34" w="11" /><ent r="3" t="34" w="16" /><ent r="5" t="34" w="22" /><ent r="4" t="34" w="122" /><ent r="4" t="34" w="234" /><ent r="4" t="34" w="257" /><ent r="5" t="34" w="312" /><ent r="5" t="34" w="322" /><ent r="4" t="34" w="453" /><ent r="4" t="34" w="477" /><ent r="64" t="34" w="504" /><ent r="1000" t="35" w="3" /><ent r="102" t="35" w="8" /><ent r="100" t="35" w="13" /><ent r="100" t="35" w="19" /><ent r="3" t="35" w="24" /><ent r="3" t="35" w="36" /><ent r="3" t="35" w="45" /><ent r="5" t="35" w="88" /><ent r="4" t="35" w="93" /><ent r="92" t="35" w="123" /><ent r="3" t="35" w="140" /><ent r="4" t="35" w="147" /><ent r="3" t="35" w="160" /><ent r="3" t="35" w="173" /><ent r="3" t="35" w="216" /><ent r="3" t="35" w="351" /><ent r="64" t="35" w="409" /><ent r="100" t="36" w="11" /><ent r="64" t="36" w="19" /><ent r="5" t="36" w="26" /><ent r="4" t="36" w="72" /><ent r="4" t="36" w="95" /><ent r="4" t="36" w="194" /><ent r="5" t="36" w="434" /><ent r="3" t="36" w="440" /><ent r="4" t="36" w="470" /><ent r="5" t="36" w="480" /><ent r="4" t="36" w="493" /><ent r="4" t="36" w="532" /><ent r="5" t="36" w="548" /><ent r="4" t="36" w="560" /><ent r="4" t="36" w="721" /><ent r="3" t="36" w="765" /><ent r="4" t="36" w="791" /><ent r="4" t="36" w="810" /><ent r="3" t="36" w="828" /><ent r="64" t="36" w="841" /><ent r="100" t="37" w="11" /><ent r="64" t="37" w="19" /><ent r="5" t="37" w="26" /><ent r="5" t="37" w="58" /><ent r="5" t="37" w="68" /><ent r="4" t="37" w="200" /><ent r="4" t="37" w="224" /><ent r="65" t="37" w="314" /><ent r="3" t="59" w="158" /><ent r="3" t="62" w="16" /></phr><phr n="matches"><ent r="6" t="1" w="229" /><ent r="6" t="1" w="256" /><ent r="6" t="1" w="320" /><ent r="6" t="1" w="331" /><ent r="6" t="1" w="392" /><ent r="6" t="1" w="403" /><ent r="3" t="28" w="91" /><ent r="3" t="32" w="95" /><ent r="3" t="33" w="208" /><ent r="3" t="33" w="212" /><ent r="4" t="34" w="61" /><ent r="4" t="34" w="72" /><ent r="4" t="34" w="85" /><ent r="4" t="34" w="105" /><ent r="4" t="34" w="114" /><ent r="4" t="34" w="269" /><ent r="4" t="34" w="341" /><ent r="4" t="34" w="364" /><ent r="4" t="34" w="376" /><ent r="4" t="34" w="391" /><ent r="4" t="34" w="414" /><ent r="4" t="34" w="429" /><ent r="4" t="34" w="461" /><ent r="3" t="35" w="185" /><ent r="3" t="35" w="206" /><ent r="3" t="35" w="374" /><ent r="4" t="36" w="107" /><ent r="4" t="36" w="581" /><ent r="3" t="36" w="589" /><ent r="4" t="36" w="595" /><ent r="3" t="36" w="617" /><ent r="4" t="36" w="627" /><ent r="3" t="36" w="756" /><ent r="4" t="37" w="88" /><ent r="4" t="37" w="111" /><ent r="4" t="37" w="123" /><ent r="4" t="37" w="138" /><ent r="4" t="37" w="161" /><ent r="4" t="37" w="176" /><ent r="4" t="37" w="208" /><ent r="4" t="37" w="295" /><ent r="4" t="37" w="306" /><ent r="4" t="37" w="331" /><ent r="3" t="57" w="174" /><ent r="3" t="61" w="28" /><ent r="3" t="61" w="63" /></phr><phr n="matched"><ent r="6" t="1" w="284" /><ent r="6" t="1" w="356" /><ent r="6" t="1" w="445" /><ent r="3" t="31" w="52" /><ent r="3" t="33" w="241" /><ent r="92" t="35" w="331" /><ent r="3" t="37" w="373" /><ent r="3" t="57" w="114" /></phr><phr n="matching"><ent r="3" t="28" w="81" /><ent r="3" t="31" w="123" /><ent r="4" t="31" w="912" /><ent r="3" t="32" w="83" /><ent r="4" t="36" w="221" /><ent r="3" t="36" w="737" /></phr></stem><stem n="result"><phr n="Results"><ent r="6" t="1" w="207" /><ent r="6" t="1" w="219" /><ent r="6" t="1" w="296" /><ent r="6" t="1" w="368" /><ent r="6" t="1" w="457" /><ent r="4" t="12" w="426" /><ent r="3" t="21" w="54" /><ent r="3" t="24" w="151" /><ent r="3" t="28" w="213" /><ent r="3" t="29" w="67" /><ent r="4" t="30" w="319" /><ent r="4" t="30" w="324" /><ent r="3" t="31" w="49" /><ent r="3" t="31" w="155" /><ent r="4" t="31" w="548" /><ent r="4" t="31" w="553" /><ent r="3" t="31" w="789" /><ent r="5" t="31" w="841" /><ent r="4" t="31" w="857" /><ent r="4" t="32" w="516" /><ent r="4" t="32" w="521" /><ent r="5" t="34" w="306" /><ent r="5" t="34" w="313" /><ent r="4" t="34" w="383" /><ent r="4" t="34" w="483" /><ent r="4" t="34" w="496" /><ent r="3" t="35" w="233" /><ent r="3" t="35" w="243" /><ent r="3" t="35" w="248" /><ent r="4" t="35" w="255" /><ent r="3" t="35" w="265" /><ent r="3" t="35" w="274" /><ent r="3" t="35" w="288" /><ent r="3" t="35" w="302" /><ent r="3" t="35" w="311" /><ent r="3" t="36" w="766" /><ent r="3" t="36" w="771" /><ent r="4" t="36" w="792" /><ent r="4" t="36" w="811" /><ent r="3" t="36" w="829" /><ent r="5" t="37" w="52" /><ent r="5" t="37" w="59" /><ent r="4" t="37" w="130" /><ent r="4" t="37" w="230" /><ent r="4" t="37" w="243" /><ent r="4" t="37" w="459" /><ent r="3" t="38" w="489" /><ent r="3" t="38" w="508" /><ent r="3" t="38" w="655" /><ent r="3" t="38" w="668" /><ent r="3" t="40" w="210" /><ent r="3" t="40" w="253" /><ent r="3" t="40" w="263" /><ent r="3" t="40" w="332" /><ent r="4" t="40" w="338" /><ent r="3" t="40" w="344" /><ent r="3" t="40" w="351" /><ent r="3" t="40" w="408" /><ent r="3" t="40" w="417" /><ent r="3" t="40" w="428" /><ent r="3" t="40" w="444" /><ent r="3" t="40" w="466" /><ent r="3" t="40" w="475" /><ent r="3" t="40" w="500" /><ent r="82" t="40" w="507" /><ent r="3" t="40" w="550" /><ent r="3" t="52" w="85" /><ent r="3" t="59" w="152" /><ent r="3" t="59" w="375" /><ent r="3" t="61" w="46" /><ent r="3" t="61" w="77" /><ent r="3" t="61" w="105" /></phr><phr n="result"><ent r="3" t="24" w="71" /><ent r="4" t="30" w="369" /><ent r="4" t="31" w="605" /><ent r="4" t="32" w="562" /><ent r="3" t="59" w="145" /><ent r="3" t="59" w="307" /></phr><phr n="resulting"><ent r="4" t="29" w="111" /></phr></stem><stem n="advanc"><phr n="Advanced"><ent r="67" t="1" w="223" /><ent r="67" t="1" w="314" /><ent r="67" t="1" w="386" /><ent r="67" t="1" w="475" /><ent r="3" t="2" w="20" /><ent r="92" t="34" w="278" /><ent r="64" t="34" w="291" /><ent r="64" t="35" w="416" /><ent r="64" t="36" w="836" /><ent r="1000" t="37" w="2" /><ent r="102" t="37" w="6" /><ent r="100" t="37" w="12" /><ent r="3" t="37" w="37" /><ent r="3" t="37" w="72" /><ent r="92" t="37" w="251" /><ent r="3" t="37" w="259" /></phr></stem><stem n="find"><phr n="Find"><ent r="6" t="1" w="226" /><ent r="6" t="1" w="237" /><ent r="6" t="1" w="317" /><ent r="6" t="1" w="328" /><ent r="6" t="1" w="389" /><ent r="6" t="1" w="400" /><ent r="4" t="34" w="56" /><ent r="4" t="34" w="67" /><ent r="4" t="34" w="80" /><ent r="4" t="34" w="229" /><ent r="4" t="34" w="266" /><ent r="4" t="34" w="336" /><ent r="4" t="34" w="386" /><ent r="4" t="34" w="426" /><ent r="4" t="36" w="67" /><ent r="4" t="36" w="104" /><ent r="4" t="37" w="83" /><ent r="4" t="37" w="133" /><ent r="4" t="37" w="173" /><ent r="4" t="37" w="279" /><ent r="4" t="37" w="303" /><ent r="4" t="37" w="328" /></phr><phr n="finds"><ent r="6" t="1" w="253" /></phr><phr n="finding"><ent r="3" t="35" w="347" /></phr></stem><stem n="depress"><phr n="depressed"><ent r="6" t="1" w="244" /></phr></stem><stem n="left"><phr n="left"><ent r="6" t="1" w="246" /><ent r="4" t="11" w="302" /><ent r="4" t="30" w="85" /><ent r="4" t="33" w="286" /><ent r="4" t="33" w="349" /><ent r="4" t="35" w="74" /><ent r="3" t="35" w="167" /><ent r="4" t="43" w="51" /><ent r="4" t="46" w="58" /><ent r="3" t="53" w="75" /></phr></stem><stem n="spatial"><phr n="spatial"><ent r="6" t="1" w="250" /><ent r="6" t="1" w="344" /><ent r="6" t="1" w="417" /><ent r="3" t="7" w="55" /><ent r="3" t="8" w="66" /><ent r="3" t="8" w="72" /><ent r="3" t="23" w="15" /><ent r="3" t="23" w="35" /><ent r="3" t="25" w="586" /><ent r="3" t="26" w="113" /><ent r="4" t="34" w="351" /><ent r="4" t="34" w="402" /><ent r="4" t="34" w="441" /><ent r="4" t="34" w="473" /><ent r="3" t="36" w="749" /><ent r="4" t="37" w="98" /><ent r="4" t="37" w="149" /><ent r="4" t="37" w="188" /><ent r="4" t="37" w="220" /><ent r="3" t="41" w="31" /><ent r="3" t="42" w="57" /><ent r="3" t="43" w="34" /><ent r="4" t="43" w="58" /><ent r="3" t="45" w="42" /><ent r="4" t="47" w="342" /><ent r="4" t="63" w="30" /></phr></stem><stem n="data"><phr n="data"><ent r="6" t="1" w="251" /><ent r="6" t="1" w="345" /><ent r="6" t="1" w="418" /><ent r="3" t="2" w="34" /><ent r="3" t="2" w="76" /><ent r="3" t="2" w="81" /><ent r="5" t="2" w="153" /><ent r="3" t="3" w="28" /><ent r="5" t="3" w="64" /><ent r="3" t="4" w="67" /><ent r="3" t="5" w="32" /><ent r="5" t="5" w="48" /><ent r="4" t="6" w="58" /><ent r="3" t="6" w="77" /><ent r="3" t="7" w="34" /><ent r="3" t="7" w="77" /><ent r="3" t="7" w="92" /><ent r="6" t="7" w="301" /><ent r="3" t="7" w="314" /><ent r="3" t="7" w="334" /><ent r="5" t="7" w="361" /><ent r="4" t="7" w="408" /><ent r="3" t="7" w="416" /><ent r="3" t="8" w="32" /><ent r="3" t="8" w="59" /><ent r="3" t="8" w="95" /><ent r="3" t="8" w="110" /><ent r="3" t="8" w="269" /><ent r="3" t="8" w="289" /><ent r="5" t="8" w="314" /><ent r="3" t="8" w="363" /><ent r="3" t="11" w="32" /><ent r="3" t="11" w="79" /><ent r="3" t="11" w="82" /><ent r="4" t="11" w="149" /><ent r="3" t="11" w="181" /><ent r="4" t="12" w="112" /><ent r="5" t="12" w="364" /><ent r="4" t="12" w="369" /><ent r="3" t="13" w="102" /><ent r="3" t="13" w="125" /><ent r="4" t="15" w="60" /><ent r="4" t="21" w="173" /><ent r="92" t="22" w="22" /><ent r="5" t="22" w="29" /><ent r="3" t="23" w="27" /><ent r="4" t="23" w="54" /><ent r="3" t="24" w="50" /><ent r="3" t="24" w="64" /><ent r="3" t="24" w="106" /><ent r="3" t="24" w="114" /><ent r="3" t="24" w="130" /><ent r="3" t="24" w="160" /><ent r="3" t="24" w="169" /><ent r="5" t="25" w="83" /><ent r="4" t="25" w="91" /><ent r="4" t="25" w="124" /><ent r="4" t="25" w="136" /><ent r="6" t="25" w="185" /><ent r="3" t="25" w="458" /><ent r="64" t="25" w="504" /><ent r="64" t="25" w="510" /><ent r="3" t="25" w="556" /><ent r="3" t="25" w="571" /><ent r="3" t="25" w="587" /><ent r="4" t="26" w="89" /><ent r="3" t="26" w="114" /><ent r="3" t="26" w="125" /><ent r="3" t="26" w="144" /><ent r="3" t="28" w="86" /><ent r="4" t="30" w="54" /><ent r="4" t="30" w="412" /><ent r="4" t="30" w="418" /><ent r="3" t="31" w="70" /><ent r="3" t="31" w="116" /><ent r="3" t="31" w="135" /><ent r="3" t="31" w="148" /><ent r="3" t="31" w="163" /><ent r="4" t="31" w="187" /><ent r="3" t="31" w="213" /><ent r="3" t="31" w="255" /><ent r="4" t="31" w="653" /><ent r="4" t="31" w="659" /><ent r="3" t="32" w="88" /><ent r="3" t="32" w="121" /><ent r="3" t="32" w="145" /><ent r="3" t="32" w="154" /><ent r="3" t="32" w="175" /><ent r="4" t="32" w="232" /><ent r="4" t="32" w="594" /><ent r="4" t="32" w="600" /><ent r="3" t="34" w="147" /><ent r="3" t="34" w="181" /><ent r="4" t="34" w="352" /><ent r="4" t="34" w="403" /><ent r="4" t="34" w="442" /><ent r="4" t="34" w="474" /><ent r="3" t="35" w="236" /><ent r="4" t="36" w="141" /><ent r="3" t="36" w="750" /><ent r="4" t="37" w="99" /><ent r="4" t="37" w="150" /><ent r="4" t="37" w="189" /><ent r="4" t="37" w="221" /><ent r="3" t="38" w="37" /><ent r="4" t="38" w="532" /><ent r="3" t="39" w="34" /><ent r="3" t="39" w="55" /><ent r="3" t="39" w="70" /><ent r="4" t="40" w="63" /><ent r="4" t="40" w="70" /><ent r="4" t="40" w="81" /><ent r="3" t="40" w="207" /><ent r="3" t="40" w="436" /><ent r="3" t="40" w="460" /><ent r="3" t="41" w="32" /><ent r="3" t="42" w="58" /><ent r="3" t="43" w="35" /><ent r="4" t="43" w="59" /><ent r="3" t="45" w="43" /><ent r="3" t="45" w="210" /><ent r="3" t="45" w="230" /><ent r="3" t="46" w="248" /><ent r="3" t="47" w="46" /><ent r="3" t="47" w="60" /><ent r="4" t="47" w="299" /><ent r="5" t="47" w="316" /><ent r="4" t="47" w="343" /><ent r="4" t="47" w="361" /><ent r="4" t="47" w="377" /><ent r="3" t="49" w="75" /><ent r="4" t="51" w="13" /><ent r="4" t="51" w="26" /><ent r="3" t="51" w="51" /><ent r="3" t="51" w="101" /><ent r="1000" t="52" w="3" /><ent r="92" t="52" w="7" /><ent r="5" t="55" w="38" /><ent r="3" t="57" w="59" /><ent r="3" t="57" w="118" /><ent r="3" t="57" w="317" /><ent r="3" t="59" w="360" /><ent r="4" t="60" w="41" /><ent r="3" t="61" w="12" /><ent r="3" t="61" w="90" /><ent r="3" t="62" w="15" /><ent r="3" t="62" w="251" /><ent r="4" t="63" w="33" /></phr></stem><stem n="view"><phr n="view"><ent r="6" t="1" w="252" /><ent r="6" t="1" w="346" /><ent r="6" t="1" w="419" /><ent r="92" t="22" w="62" /><ent r="4" t="34" w="353" /><ent r="4" t="34" w="404" /><ent r="4" t="34" w="443" /><ent r="4" t="34" w="475" /><ent r="4" t="37" w="100" /><ent r="4" t="37" w="151" /><ent r="3" t="38" w="487" /><ent r="3" t="38" w="503" /><ent r="4" t="41" w="41" /><ent r="3" t="42" w="59" /><ent r="3" t="42" w="73" /><ent r="3" t="43" w="36" /><ent r="4" t="43" w="60" /><ent r="3" t="43" w="86" /><ent r="3" t="45" w="44" /><ent r="3" t="45" w="107" /><ent r="3" t="45" w="128" /><ent r="3" t="45" w="139" /><ent r="3" t="45" w="157" /><ent r="4" t="47" w="344" /><ent r="4" t="47" w="350" /><ent r="4" t="50" w="361" /></phr><phr n="viewing"><ent r="3" t="21" w="75" /></phr><phr n="views"><ent r="3" t="41" w="33" /></phr></stem><stem n="locat"><phr n="location"><ent r="6" t="1" w="263" /><ent r="3" t="11" w="104" /><ent r="3" t="11" w="136" /><ent r="5" t="12" w="390" /><ent r="4" t="12" w="395" /><ent r="3" t="23" w="84" /><ent r="4" t="36" w="349" /><ent r="4" t="36" w="356" /><ent r="4" t="36" w="369" /></phr><phr n="locations"><ent r="3" t="28" w="55" /><ent r="3" t="32" w="56" /><ent r="3" t="62" w="299" /></phr><phr n="located"><ent r="3" t="28" w="62" /><ent r="3" t="32" w="64" /></phr><phr n="Locate"><ent r="4" t="34" w="116" /><ent r="4" t="34" w="467" /><ent r="92" t="35" w="330" /><ent r="4" t="35" w="360" /><ent r="3" t="35" w="386" /><ent r="4" t="35" w="397" /><ent r="4" t="37" w="214" /><ent r="5" t="37" w="354" /><ent r="3" t="37" w="367" /><ent r="3" t="37" w="372" /><ent r="4" t="37" w="399" /><ent r="4" t="37" w="423" /></phr></stem><stem n="best"><phr n="best"><ent r="6" t="1" w="270" /><ent r="6" t="1" w="330" /><ent r="6" t="1" w="402" /><ent r="6" t="1" w="431" /><ent r="3" t="12" w="58" /><ent r="4" t="34" w="58" /><ent r="4" t="34" w="69" /><ent r="4" t="34" w="82" /><ent r="4" t="34" w="103" /><ent r="4" t="34" w="112" /><ent r="4" t="34" w="231" /><ent r="4" t="34" w="256" /><ent r="4" t="34" w="268" /><ent r="4" t="34" w="338" /><ent r="4" t="34" w="363" /><ent r="4" t="34" w="375" /><ent r="4" t="34" w="388" /><ent r="4" t="34" w="413" /><ent r="4" t="34" w="428" /><ent r="4" t="34" w="452" /><ent r="4" t="34" w="460" /><ent r="4" t="36" w="69" /><ent r="4" t="36" w="94" /><ent r="4" t="36" w="106" /><ent r="4" t="37" w="85" /><ent r="4" t="37" w="110" /><ent r="4" t="37" w="122" /><ent r="4" t="37" w="135" /><ent r="4" t="37" w="160" /><ent r="4" t="37" w="175" /><ent r="4" t="37" w="199" /><ent r="4" t="37" w="207" /><ent r="3" t="59" w="157" /></phr></stem><stem n="list"><phr n="list"><ent r="6" t="1" w="281" /><ent r="6" t="1" w="353" /><ent r="6" t="1" w="442" /><ent r="4" t="2" w="242" /><ent r="4" t="2" w="299" /><ent r="4" t="6" w="50" /><ent r="4" t="7" w="375" /><ent r="4" t="8" w="326" /><ent r="4" t="9" w="159" /><ent r="4" t="9" w="217" /><ent r="4" t="10" w="215" /><ent r="4" t="10" w="270" /><ent r="4" t="11" w="266" /><ent r="65" t="13" w="198" /><ent r="4" t="16" w="60" /><ent r="4" t="16" w="161" /><ent r="4" t="16" w="176" /><ent r="4" t="16" w="219" /><ent r="4" t="16" w="240" /><ent r="3" t="18" w="33" /><ent r="4" t="18" w="84" /><ent r="4" t="19" w="53" /><ent r="4" t="20" w="46" /><ent r="4" t="20" w="78" /><ent r="5" t="25" w="178" /><ent r="4" t="25" w="268" /><ent r="4" t="30" w="81" /><ent r="3" t="30" w="132" /><ent r="3" t="30" w="170" /><ent r="3" t="30" w="180" /><ent r="4" t="30" w="433" /><ent r="3" t="31" w="324" /><ent r="3" t="31" w="340" /><ent r="3" t="31" w="511" /><ent r="4" t="31" w="673" /><ent r="4" t="32" w="279" /><ent r="4" t="32" w="289" /><ent r="4" t="32" w="329" /><ent r="4" t="32" w="334" /><ent r="4" t="32" w="494" /><ent r="4" t="32" w="615" /><ent r="3" t="33" w="42" /><ent r="3" t="33" w="61" /><ent r="4" t="33" w="283" /><ent r="4" t="33" w="346" /><ent r="4" t="34" w="109" /><ent r="4" t="34" w="372" /><ent r="4" t="34" w="408" /><ent r="4" t="34" w="457" /><ent r="3" t="35" w="271" /><ent r="4" t="36" w="229" /><ent r="3" t="36" w="754" /><ent r="4" t="37" w="119" /><ent r="4" t="37" w="155" /><ent r="4" t="37" w="204" /><ent r="3" t="38" w="192" /><ent r="4" t="38" w="569" /><ent r="4" t="38" w="626" /><ent r="3" t="39" w="181" /><ent r="5" t="47" w="133" /><ent r="5" t="47" w="143" /><ent r="4" t="49" w="265" /><ent r="3" t="49" w="570" /><ent r="4" t="51" w="23" /><ent r="3" t="52" w="29" /></phr><phr n="listed"><ent r="3" t="16" w="267" /><ent r="3" t="40" w="522" /><ent r="3" t="40" w="535" /></phr></stem><stem n="algorithm"><phr n="algorithm"><ent r="6" t="1" w="289" /><ent r="6" t="1" w="300" /><ent r="6" t="1" w="361" /><ent r="6" t="1" w="372" /><ent r="6" t="1" w="450" /><ent r="6" t="1" w="461" /><ent r="3" t="11" w="26" /><ent r="64" t="11" w="435" /><ent r="3" t="12" w="12" /><ent r="3" t="12" w="26" /><ent r="4" t="12" w="486" /><ent r="64" t="13" w="215" /><ent r="1000" t="21" w="4" /><ent r="102" t="21" w="10" /><ent r="3" t="27" w="19" /><ent r="3" t="28" w="30" /><ent r="4" t="30" w="406" /><ent r="4" t="30" w="459" /><ent r="4" t="31" w="647" /><ent r="4" t="31" w="739" /><ent r="64" t="31" w="919" /><ent r="3" t="32" w="28" /><ent r="64" t="32" w="189" /><ent r="3" t="32" w="228" /><ent r="4" t="32" w="588" /><ent r="4" t="32" w="631" /><ent r="4" t="32" w="637" /><ent r="4" t="35" w="129" /><ent r="3" t="35" w="134" /><ent r="4" t="35" w="338" /><ent r="3" t="35" w="343" /><ent r="3" t="35" w="390" /><ent r="5" t="36" w="549" /><ent r="4" t="36" w="554" /><ent r="4" t="37" w="400" /><ent r="5" t="37" w="409" /><ent r="4" t="37" w="424" /><ent r="3" t="38" w="33" /><ent r="3" t="38" w="166" /><ent r="64" t="38" w="207" /><ent r="3" t="38" w="222" /><ent r="3" t="38" w="224" /><ent r="3" t="38" w="271" /><ent r="3" t="38" w="273" /><ent r="3" t="38" w="297" /><ent r="3" t="38" w="301" /><ent r="4" t="38" w="335" /><ent r="3" t="38" w="353" /><ent r="4" t="38" w="465" /><ent r="92" t="38" w="513" /><ent r="3" t="38" w="522" /><ent r="3" t="38" w="586" /><ent r="3" t="38" w="591" /><ent r="4" t="38" w="635" /><ent r="3" t="39" w="30" /><ent r="3" t="39" w="155" /><ent r="4" t="39" w="260" /><ent r="100" t="40" w="9" /><ent r="3" t="40" w="14" /><ent r="3" t="40" w="47" /><ent r="4" t="40" w="59" /><ent r="3" t="40" w="227" /><ent r="3" t="40" w="380" /><ent r="4" t="40" w="396" /><ent r="3" t="40" w="420" /><ent r="3" t="40" w="424" /><ent r="3" t="40" w="453" /><ent r="3" t="40" w="489" /><ent r="1000" t="57" w="2" /><ent r="102" t="57" w="6" /><ent r="3" t="57" w="15" /><ent r="3" t="57" w="57" /><ent r="3" t="57" w="77" /><ent r="3" t="57" w="122" /><ent r="1000" t="59" w="2" /><ent r="102" t="59" w="6" /><ent r="3" t="59" w="127" /><ent r="1000" t="62" w="2" /><ent r="102" t="62" w="6" /></phr><phr n="algorithms"><ent r="3" t="21" w="45" /><ent r="3" t="21" w="58" /><ent r="4" t="36" w="564" /><ent r="3" t="47" w="596" /></phr></stem><stem n="valu"><phr n="values"><ent r="6" t="1" w="290" /><ent r="6" t="1" w="362" /><ent r="6" t="1" w="451" /><ent r="4" t="25" w="366" /><ent r="3" t="26" w="93" /><ent r="3" t="28" w="158" /><ent r="3" t="28" w="164" /><ent r="3" t="28" w="194" /><ent r="3" t="31" w="245" /><ent r="4" t="31" w="583" /><ent r="4" t="31" w="816" /><ent r="4" t="31" w="872" /><ent r="4" t="34" w="380" /><ent r="4" t="34" w="418" /><ent r="4" t="34" w="465" /><ent r="4" t="37" w="127" /><ent r="4" t="37" w="165" /><ent r="4" t="37" w="212" /><ent r="3" t="38" w="100" /><ent r="3" t="39" w="102" /><ent r="3" t="40" w="236" /><ent r="3" t="47" w="589" /><ent r="3" t="47" w="600" /><ent r="3" t="53" w="91" /><ent r="3" t="59" w="212" /><ent r="3" t="59" w="222" /><ent r="3" t="62" w="237" /><ent r="3" t="62" w="243" /><ent r="3" t="62" w="372" /></phr><phr n="value"><ent r="5" t="12" w="235" /><ent r="4" t="12" w="285" /><ent r="4" t="30" w="354" /><ent r="4" t="30" w="370" /><ent r="4" t="30" w="397" /><ent r="4" t="31" w="606" /><ent r="4" t="31" w="638" /><ent r="4" t="31" w="829" /><ent r="4" t="32" w="551" /><ent r="4" t="32" w="563" /><ent r="4" t="32" w="579" /><ent r="3" t="33" w="57" /><ent r="4" t="33" w="191" /><ent r="3" t="37" w="564" /><ent r="3" t="47" w="497" /><ent r="3" t="47" w="520" /><ent r="3" t="47" w="545" /><ent r="3" t="47" w="553" /><ent r="3" t="47" w="557" /><ent r="3" t="49" w="76" /><ent r="3" t="49" w="307" /><ent r="3" t="52" w="90" /><ent r="4" t="53" w="46" /><ent r="3" t="53" w="68" /><ent r="3" t="57" w="355" /><ent r="3" t="59" w="363" /><ent r="3" t="59" w="414" /><ent r="3" t="62" w="75" /></phr></stem><stem n="execut"><phr n="executed"><ent r="6" t="1" w="302" /><ent r="6" t="1" w="374" /><ent r="6" t="1" w="463" /><ent r="3" t="2" w="162" /><ent r="3" t="9" w="80" /><ent r="3" t="10" w="136" /><ent r="3" t="28" w="95" /><ent r="3" t="31" w="146" /><ent r="3" t="32" w="99" /><ent r="3" t="32" w="138" /><ent r="3" t="32" w="172" /><ent r="3" t="34" w="218" /><ent r="3" t="35" w="392" /><ent r="3" t="36" w="56" /></phr><phr n="executing"><ent r="6" t="1" w="349" /><ent r="6" t="1" w="422" /></phr><phr n="execute"><ent r="3" t="30" w="118" /><ent r="4" t="30" w="446" /><ent r="3" t="31" w="497" /><ent r="4" t="31" w="686" /><ent r="3" t="32" w="225" /><ent r="4" t="32" w="480" /><ent r="4" t="32" w="628" /><ent r="4" t="37" w="421" /></phr></stem><stem n="user"><phr n="user"><ent r="6" t="1" w="306" /><ent r="6" t="1" w="378" /><ent r="6" t="1" w="467" /><ent r="3" t="36" w="447" /><ent r="4" t="36" w="665" /><ent r="3" t="37" w="362" /><ent r="4" t="37" w="395" /></phr></stem><stem n="set"><phr n="settings"><ent r="6" t="1" w="307" /><ent r="6" t="1" w="379" /><ent r="6" t="1" w="468" /><ent r="3" t="35" w="387" /><ent r="3" t="36" w="448" /><ent r="4" t="36" w="650" /><ent r="5" t="36" w="660" /><ent r="4" t="36" w="666" /><ent r="3" t="37" w="375" /><ent r="4" t="37" w="387" /><ent r="4" t="37" w="396" /><ent r="5" t="37" w="412" /><ent r="64" t="41" w="113" /><ent r="3" t="42" w="126" /><ent r="64" t="42" w="132" /><ent r="64" t="43" w="151" /><ent r="64" t="44" w="177" /><ent r="64" t="45" w="289" /><ent r="1000" t="46" w="4" /><ent r="100" t="46" w="7" /><ent r="102" t="46" w="18" /><ent r="100" t="46" w="23" /></phr><phr n="sets"><ent r="4" t="7" w="387" /><ent r="4" t="8" w="338" /><ent r="3" t="10" w="28" /><ent r="4" t="15" w="90" /><ent r="3" t="21" w="113" /><ent r="4" t="30" w="308" /><ent r="4" t="30" w="340" /><ent r="4" t="31" w="537" /><ent r="4" t="31" w="569" /><ent r="4" t="32" w="505" /><ent r="4" t="32" w="537" /><ent r="4" t="40" w="82" /><ent r="3" t="40" w="124" /><ent r="3" t="46" w="358" /></phr><phr n="set"><ent r="3" t="8" w="364" /><ent r="4" t="12" w="113" /><ent r="4" t="20" w="114" /><ent r="3" t="23" w="28" /><ent r="4" t="23" w="55" /><ent r="3" t="24" w="107" /><ent r="3" t="24" w="170" /><ent r="5" t="25" w="218" /><ent r="4" t="25" w="330" /><ent r="3" t="35" w="29" /><ent r="3" t="35" w="237" /><ent r="4" t="36" w="142" /><ent r="4" t="36" w="173" /><ent r="3" t="36" w="607" /><ent r="3" t="36" w="638" /><ent r="3" t="38" w="157" /><ent r="4" t="38" w="533" /><ent r="4" t="40" w="64" /><ent r="4" t="40" w="71" /><ent r="3" t="40" w="145" /><ent r="3" t="40" w="223" /><ent r="3" t="40" w="234" /><ent r="3" t="40" w="437" /><ent r="3" t="40" w="461" /><ent r="3" t="40" w="485" /><ent r="3" t="42" w="66" /><ent r="3" t="42" w="97" /><ent r="3" t="43" w="90" /><ent r="3" t="43" w="123" /><ent r="3" t="45" w="100" /><ent r="3" t="45" w="196" /><ent r="3" t="45" w="204" /><ent r="3" t="45" w="211" /><ent r="3" t="45" w="221" /><ent r="3" t="45" w="231" /><ent r="3" t="46" w="249" /><ent r="3" t="46" w="665" /><ent r="3" t="46" w="670" /><ent r="3" t="46" w="687" /><ent r="3" t="46" w="727" /><ent r="3" t="47" w="47" /><ent r="3" t="47" w="61" /><ent r="4" t="47" w="404" /><ent r="3" t="47" w="416" /><ent r="4" t="48" w="14" /><ent r="4" t="53" w="34" /><ent r="4" t="53" w="103" /><ent r="3" t="59" w="415" /></phr><phr n="setting"><ent r="3" t="35" w="276" /><ent r="3" t="35" w="298" /><ent r="3" t="35" w="328" /><ent r="3" t="37" w="363" /><ent r="3" t="42" w="111" /><ent r="3" t="43" w="141" /><ent r="3" t="44" w="167" /><ent r="3" t="45" w="278" /><ent r="3" t="46" w="766" /><ent r="4" t="46" w="804" /></phr></stem></index>