<?xml version="1.0" encoding="utf-8"?><index><stem n="move"><phr n="move"><ent r="4" t="22" w="123" /></phr><phr n="moving"><ent r="3" t="53" w="79" /></phr></stem><stem n="up"><phr n="up"><ent r="4" t="22" w="128" /><ent r="3" t="24" w="88" /><ent r="4" t="25" w="155" /><ent r="4" t="36" w="174" /></phr></stem><stem n="possibl"><phr n="possible"><ent r="4" t="22" w="132" /><ent r="3" t="28" w="34" /><ent r="3" t="28" w="74" /><ent r="3" t="28" w="89" /><ent r="3" t="32" w="35" /><ent r="3" t="32" w="76" /><ent r="3" t="32" w="93" /><ent r="3" t="62" w="210" /></phr></stem><stem n="still"><phr n="still"><ent r="4" t="22" w="139" /><ent r="3" t="40" w="176" /></phr></stem><stem n="automat"><phr n="automatically"><ent r="3" t="23" w="65" /><ent r="3" t="25" w="592" /><ent r="3" t="44" w="87" /><ent r="3" t="46" w="211" /><ent r="3" t="46" w="335" /><ent r="4" t="47" w="321" /><ent r="4" t="47" w="353" /><ent r="3" t="49" w="495" /><ent r="3" t="49" w="577" /></phr></stem><stem n="rgb"><phr n="RGB"><ent r="3" t="23" w="68" /></phr></stem><stem n="color"><phr n="color"><ent r="3" t="23" w="77" /><ent r="4" t="34" w="249" /><ent r="4" t="36" w="87" /><ent r="3" t="43" w="133" /><ent r="3" t="43" w="140" /><ent r="3" t="43" w="145" /><ent r="3" t="44" w="166" /><ent r="3" t="44" w="171" /><ent r="3" t="45" w="269" /><ent r="3" t="45" w="277" /><ent r="3" t="45" w="283" /><ent r="92" t="46" w="77" /><ent r="3" t="46" w="89" /><ent r="3" t="46" w="92" /><ent r="3" t="46" w="103" /><ent r="3" t="46" w="108" /><ent r="3" t="46" w="112" /><ent r="92" t="46" w="118" /><ent r="3" t="46" w="129" /><ent r="3" t="46" w="132" /><ent r="3" t="46" w="143" /><ent r="3" t="46" w="148" /><ent r="3" t="46" w="152" /><ent r="92" t="46" w="158" /><ent r="3" t="46" w="167" /><ent r="3" t="46" w="171" /></phr><phr n="colors"><ent r="3" t="40" w="440" /><ent r="3" t="44" w="159" /><ent r="3" t="46" w="36" /></phr></stem><stem n="grayscal"><phr n="grayscale"><ent r="3" t="23" w="92" /></phr></stem><stem n="dockabl"><phr n="dockable"><ent r="3" t="23" w="105" /><ent r="3" t="41" w="70" /></phr></stem><stem n="mnf"><phr n="MNF"><ent r="1000" t="24" w="1" /><ent r="102" t="24" w="4" /><ent r="100" t="24" w="12" /><ent r="65" t="24" w="20" /><ent r="3" t="24" w="96" /><ent r="3" t="24" w="116" /><ent r="3" t="24" w="142" /><ent r="64" t="24" w="191" /><ent r="64" t="24" w="195" /><ent r="1000" t="25" w="1" /><ent r="102" t="25" w="4" /><ent r="100" t="25" w="8" /><ent r="66" t="25" w="38" /><ent r="5" t="25" w="220" /><ent r="5" t="25" w="227" /><ent r="5" t="25" w="234" /><ent r="3" t="25" w="285" /><ent r="3" t="25" w="311" /><ent r="3" t="25" w="391" /><ent r="3" t="25" w="445" /><ent r="3" t="25" w="550" /><ent r="3" t="25" w="576" /><ent r="3" t="25" w="578" /><ent r="64" t="25" w="603" /><ent r="1000" t="26" w="1" /><ent r="102" t="26" w="5" /><ent r="100" t="26" w="9" /><ent r="66" t="26" w="49" /><ent r="4" t="26" w="88" /><ent r="3" t="26" w="124" /><ent r="3" t="26" w="143" /><ent r="64" t="26" w="158" /><ent r="66" t="51" w="116" /><ent r="65" t="52" w="76" /><ent r="3" t="52" w="101" /><ent r="65" t="54" w="24" /><ent r="3" t="54" w="57" /></phr></stem><stem n="transform"><phr n="Transform"><ent r="1000" t="24" w="2" /><ent r="102" t="24" w="5" /><ent r="100" t="24" w="10" /><ent r="100" t="24" w="13" /><ent r="3" t="24" w="26" /><ent r="3" t="24" w="97" /><ent r="3" t="24" w="112" /><ent r="3" t="24" w="123" /><ent r="3" t="24" w="143" /><ent r="64" t="24" w="193" /><ent r="64" t="24" w="197" /><ent r="1000" t="25" w="2" /><ent r="102" t="25" w="6" /><ent r="100" t="25" w="10" /><ent r="4" t="25" w="19" /><ent r="5" t="25" w="34" /><ent r="4" t="25" w="44" /><ent r="5" t="25" w="53" /><ent r="5" t="25" w="228" /><ent r="3" t="25" w="286" /><ent r="3" t="25" w="312" /><ent r="4" t="25" w="436" /><ent r="3" t="25" w="463" /><ent r="3" t="25" w="546" /><ent r="64" t="25" w="601" /><ent r="64" t="25" w="605" /><ent r="1000" t="26" w="3" /><ent r="102" t="26" w="7" /><ent r="100" t="26" w="11" /><ent r="4" t="26" w="20" /><ent r="5" t="26" w="35" /><ent r="4" t="26" w="55" /><ent r="4" t="26" w="62" /><ent r="4" t="26" w="76" /><ent r="64" t="26" w="156" /><ent r="64" t="26" w="160" /></phr><phr n="transformed"><ent r="3" t="24" w="49" /><ent r="3" t="24" w="63" /><ent r="3" t="24" w="129" /><ent r="4" t="25" w="369" /></phr><phr n="Transforms"><ent r="5" t="25" w="29" /><ent r="5" t="26" w="30" /></phr></stem><stem n="minimum"><phr n="Minimum"><ent r="100" t="24" w="7" /><ent r="3" t="24" w="16" /><ent r="5" t="24" w="22" /><ent r="4" t="25" w="15" /><ent r="5" t="25" w="30" /><ent r="6" t="25" w="40" /><ent r="64" t="25" w="598" /><ent r="4" t="26" w="16" /><ent r="5" t="26" w="31" /><ent r="6" t="26" w="51" /><ent r="64" t="26" w="153" /><ent r="3" t="39" w="188" /><ent r="3" t="39" w="221" /><ent r="3" t="46" w="576" /><ent r="3" t="46" w="591" /><ent r="3" t="46" w="608" /><ent r="3" t="46" w="623" /><ent r="6" t="51" w="118" /><ent r="5" t="52" w="78" /><ent r="3" t="52" w="82" /><ent r="5" t="54" w="26" /></phr></stem><stem n="nois"><phr n="Noise"><ent r="100" t="24" w="8" /><ent r="3" t="24" w="17" /><ent r="5" t="24" w="23" /><ent r="3" t="24" w="28" /><ent r="3" t="24" w="37" /><ent r="5" t="24" w="44" /><ent r="3" t="24" w="85" /><ent r="3" t="24" w="103" /><ent r="4" t="25" w="16" /><ent r="5" t="25" w="31" /><ent r="6" t="25" w="41" /><ent r="5" t="25" w="73" /><ent r="4" t="25" w="88" /><ent r="4" t="25" w="105" /><ent r="4" t="25" w="121" /><ent r="4" t="25" w="168" /><ent r="6" t="25" w="363" /><ent r="3" t="25" w="400" /><ent r="3" t="25" w="485" /><ent r="64" t="25" w="599" /><ent r="4" t="26" w="17" /><ent r="5" t="26" w="32" /><ent r="6" t="26" w="52" /><ent r="64" t="26" w="154" /><ent r="3" t="51" w="86" /><ent r="3" t="51" w="94" /><ent r="6" t="51" w="119" /><ent r="3" t="52" w="35" /><ent r="3" t="52" w="71" /><ent r="5" t="52" w="79" /><ent r="3" t="52" w="83" /><ent r="5" t="53" w="23" /><ent r="3" t="53" w="96" /><ent r="5" t="54" w="27" /><ent r="3" t="54" w="30" /><ent r="3" t="54" w="33" /><ent r="3" t="54" w="49" /></phr></stem><stem n="fraction"><phr n="Fraction"><ent r="100" t="24" w="9" /><ent r="3" t="24" w="18" /><ent r="5" t="24" w="24" /><ent r="4" t="25" w="17" /><ent r="5" t="25" w="32" /><ent r="6" t="25" w="42" /><ent r="64" t="25" w="600" /><ent r="4" t="26" w="18" /><ent r="5" t="26" w="33" /><ent r="6" t="26" w="53" /><ent r="64" t="26" w="155" /><ent r="6" t="51" w="120" /><ent r="5" t="52" w="80" /><ent r="3" t="52" w="84" /><ent r="5" t="54" w="28" /></phr></stem><stem n="signal"><phr n="signal"><ent r="3" t="24" w="31" /><ent r="3" t="24" w="35" /><ent r="5" t="24" w="42" /><ent r="6" t="25" w="361" /><ent r="5" t="53" w="21" /></phr></stem><stem n="compon"><phr n="components"><ent r="3" t="24" w="32" /><ent r="3" t="24" w="54" /><ent r="3" t="24" w="75" /><ent r="3" t="24" w="86" /><ent r="3" t="24" w="138" /><ent r="5" t="25" w="326" /><ent r="4" t="25" w="370" /><ent r="3" t="25" w="392" /><ent r="3" t="25" w="396" /><ent r="3" t="25" w="410" /><ent r="3" t="26" w="120" /><ent r="3" t="26" w="140" /><ent r="3" t="26" w="148" /><ent r="3" t="38" w="277" /><ent r="3" t="38" w="287" /><ent r="3" t="39" w="211" /><ent r="3" t="53" w="15" /><ent r="5" t="53" w="39" /><ent r="3" t="53" w="64" /><ent r="3" t="53" w="88" /><ent r="4" t="53" w="107" /></phr><phr n="Component"><ent r="4" t="39" w="217" /><ent r="3" t="39" w="228" /><ent r="3" t="39" w="237" /><ent r="4" t="53" w="56" /><ent r="3" t="53" w="71" /></phr></stem><stem n="maxim"><phr n="maximizing"><ent r="3" t="24" w="33" /></phr><phr n="maximize"><ent r="3" t="57" w="125" /></phr></stem><stem n="ratio"><phr n="ratio"><ent r="3" t="24" w="38" /><ent r="5" t="24" w="45" /><ent r="6" t="25" w="364" /><ent r="3" t="28" w="116" /><ent r="5" t="53" w="24" /></phr></stem><stem n="snr"><phr n="SNR"><ent r="65" t="24" w="40" /><ent r="3" t="24" w="57" /><ent r="3" t="24" w="137" /><ent r="66" t="25" w="359" /><ent r="5" t="25" w="376" /><ent r="4" t="25" w="521" /><ent r="4" t="25" w="541" /><ent r="1000" t="53" w="1" /><ent r="92" t="53" w="4" /><ent r="65" t="53" w="19" /><ent r="3" t="53" w="28" /><ent r="3" t="53" w="67" /><ent r="3" t="53" w="90" /></phr></stem><stem n="order"><phr n="orders"><ent r="3" t="24" w="52" /><ent r="3" t="24" w="61" /></phr><phr n="order"><ent r="3" t="32" w="90" /></phr></stem><stem n="base"><phr n="based"><ent r="3" t="24" w="55" /><ent r="3" t="24" w="65" /><ent r="3" t="24" w="146" /><ent r="3" t="30" w="183" /><ent r="3" t="31" w="59" /><ent r="3" t="31" w="90" /><ent r="3" t="31" w="343" /><ent r="4" t="32" w="292" /><ent r="4" t="32" w="337" /><ent r="3" t="33" w="44" /><ent r="4" t="36" w="232" /><ent r="3" t="39" w="56" /><ent r="5" t="47" w="146" /><ent r="3" t="62" w="43" /></phr></stem><stem n="essenc"><phr n="essence"><ent r="3" t="24" w="59" /></phr></stem><stem n="qualiti"><phr n="quality"><ent r="3" t="24" w="68" /><ent r="3" t="24" w="74" /><ent r="3" t="24" w="135" /><ent r="3" t="24" w="148" /><ent r="3" t="24" w="157" /><ent r="3" t="25" w="383" /><ent r="3" t="35" w="141" /><ent r="4" t="36" w="561" /></phr></stem><stem n="few"><phr n="few"><ent r="3" t="24" w="80" /><ent r="3" t="24" w="92" /></phr></stem><stem n="mainli"><phr n="mainly"><ent r="3" t="24" w="84" /><ent r="3" t="25" w="398" /><ent r="3" t="53" w="95" /></phr></stem><stem n="end"><phr n="end"><ent r="3" t="24" w="87" /></phr></stem><stem n="last"><phr n="last"><ent r="3" t="24" w="91" /></phr></stem><stem n="forward"><phr n="forward"><ent r="3" t="24" w="111" /><ent r="64" t="24" w="192" /><ent r="102" t="25" w="5" /><ent r="100" t="25" w="9" /><ent r="4" t="25" w="18" /><ent r="5" t="25" w="33" /><ent r="64" t="26" w="159" /></phr></stem><stem n="(convert"><phr n="(converting"><ent r="3" t="24" w="113" /></phr></stem><stem n="space"><phr n="space"><ent r="3" t="24" w="117" /><ent r="3" t="59" w="45" /><ent r="4" t="60" w="59" /></phr></stem><stem n="invers"><phr n="inverse"><ent r="3" t="24" w="122" /><ent r="64" t="24" w="196" /><ent r="64" t="25" w="604" /><ent r="1000" t="26" w="2" /><ent r="102" t="26" w="6" /><ent r="100" t="26" w="10" /><ent r="4" t="26" w="19" /><ent r="5" t="26" w="34" /><ent r="4" t="26" w="61" /><ent r="4" t="26" w="81" /><ent r="3" t="26" w="92" /><ent r="3" t="26" w="104" /><ent r="3" t="26" w="131" /><ent r="3" t="28" w="150" /><ent r="3" t="57" w="349" /></phr><phr n="inversion"><ent r="3" t="57" w="373" /></phr></stem><stem n="subset"><phr n="subset"><ent r="3" t="24" w="126" /></phr></stem><stem n="exclud"><phr n="excludes"><ent r="3" t="24" w="132" /></phr><phr n="exclude"><ent r="3" t="26" w="136" /></phr></stem><stem n="low"><phr n="low"><ent r="3" t="24" w="134" /><ent r="3" t="24" w="136" /></phr></stem><stem n="(low"><phr n="(low"><ent r="3" t="24" w="136" /></phr></stem><stem n="statist"><phr n="statistically"><ent r="3" t="24" w="145" /></phr><phr n="Statistics"><ent r="6" t="25" w="191" /><ent r="3" t="25" w="486" /><ent r="64" t="25" w="514" /><ent r="64" t="28" w="224" /><ent r="1000" t="29" w="3" /><ent r="102" t="29" w="7" /><ent r="3" t="29" w="21" /><ent r="3" t="29" w="50" /><ent r="3" t="29" w="60" /><ent r="3" t="29" w="84" /><ent r="64" t="30" w="49" /><ent r="64" t="30" w="148" /><ent r="1000" t="54" w="3" /><ent r="92" t="54" w="7" /><ent r="3" t="54" w="18" /><ent r="3" t="54" w="31" /><ent r="3" t="57" w="60" /></phr></stem><stem n="greatli"><phr n="greatly"><ent r="3" t="24" w="153" /></phr></stem><stem n="affect"><phr n="affected"><ent r="3" t="24" w="154" /></phr><phr n="affect"><ent r="3" t="29" w="47" /></phr><phr n="affecting"><ent r="3" t="62" w="116" /></phr></stem><stem n="blank"><phr n="blank"><ent r="3" t="24" w="175" /><ent r="3" t="24" w="182" /><ent r="3" t="38" w="453" /><ent r="3" t="45" w="224" /><ent r="3" t="45" w="239" /></phr></stem><stem n="(all"><phr n="(all"><ent r="3" t="24" w="177" /></phr></stem><stem n="zero"><phr n="zeros"><ent r="3" t="24" w="178" /></phr><phr n="zero"><ent r="3" t="40" w="225" /></phr></stem><stem n="often"><phr n="often"><ent r="3" t="24" w="179" /></phr></stem><stem n="out"><phr n="out"><ent r="3" t="24" w="183" /><ent r="3" t="31" w="296" /><ent r="4" t="36" w="527" /><ent r="3" t="38" w="454" /><ent r="3" t="49" w="37" /></phr></stem><stem n="absorpt"><phr n="absorption"><ent r="3" t="24" w="185" /><ent r="3" t="57" w="199" /></phr></stem><stem n=")."><phr n=")."><ent r="3" t="24" w="187" /><ent r="4" t="29" w="108" /><ent r="3" t="31" w="87" /><ent r="3" t="38" w="310" /><ent r="4" t="40" w="77" /><ent r="3" t="52" w="40" /><ent r="3" t="57" w="288" /><ent r="3" t="57" w="311" /><ent r="3" t="57" w="340" /><ent r="3" t="62" w="161" /><ent r="3" t="62" w="203" /></phr></stem><stem n="covari"><phr n="covariance"><ent r="5" t="25" w="74" /><ent r="4" t="25" w="157" /><ent r="4" t="25" w="169" /><ent r="3" t="28" w="124" /><ent r="3" t="28" w="151" /><ent r="3" t="29" w="26" /><ent r="4" t="29" w="188" /><ent r="5" t="29" w="193" /><ent r="3" t="38" w="56" /><ent r="4" t="38" w="323" /><ent r="4" t="38" w="339" /><ent r="4" t="38" w="356" /><ent r="3" t="38" w="370" /><ent r="4" t="38" w="378" /><ent r="4" t="38" w="395" /><ent r="3" t="38" w="428" /><ent r="4" t="38" w="605" /><ent r="4" t="38" w="613" /><ent r="3" t="51" w="87" /><ent r="3" t="51" w="95" /><ent r="3" t="54" w="34" /><ent r="3" t="54" w="50" /></phr></stem><stem n="adjac"><phr n="adjacent"><ent r="4" t="25" w="93" /></phr></stem><stem n="homogen"><phr n="homogenous"><ent r="4" t="25" w="98" /><ent r="3" t="52" w="45" /></phr><phr n="homogeneous"><ent r="3" t="62" w="208" /></phr></stem><stem n="should"><phr n="should"><ent r="4" t="25" w="100" /><ent r="4" t="25" w="106" /><ent r="4" t="30" w="335" /><ent r="3" t="31" w="106" /><ent r="3" t="31" w="173" /><ent r="4" t="31" w="564" /><ent r="3" t="32" w="135" /><ent r="3" t="32" w="170" /><ent r="4" t="32" w="532" /><ent r="3" t="40" w="291" /><ent r="3" t="52" w="42" /><ent r="3" t="62" w="205" /></phr></stem><stem n="similar"><phr n="similar"><ent r="4" t="25" w="103" /><ent r="3" t="34" w="198" /><ent r="3" t="36" w="36" /><ent r="3" t="38" w="226" /></phr><phr n="similarity"><ent r="3" t="59" w="93" /><ent r="3" t="59" w="186" /></phr></stem><stem n="fairli"><phr n="fairly"><ent r="4" t="25" w="108" /></phr></stem><stem n="random"><phr n="random"><ent r="4" t="25" w="109" /><ent r="3" t="40" w="257" /></phr></stem><stem n="could"><phr n="could"><ent r="4" t="25" w="115" /><ent r="3" t="40" w="228" /></phr></stem><stem n="gener"><phr n="generates"><ent r="4" t="25" w="127" /><ent r="3" t="31" w="521" /><ent r="4" t="44" w="56" /><ent r="4" t="45" w="74" /></phr><phr n="generate"><ent r="3" t="25" w="406" /><ent r="4" t="34" w="127" /><ent r="4" t="34" w="486" /><ent r="4" t="37" w="233" /><ent r="3" t="38" w="253" /><ent r="3" t="40" w="261" /><ent r="4" t="53" w="42" /></phr><phr n="generalized"><ent r="3" t="28" w="114" /></phr><phr n="generated"><ent r="4" t="36" w="543" /><ent r="3" t="37" w="269" /><ent r="4" t="37" w="487" /><ent r="3" t="49" w="441" /><ent r="3" t="50" w="491" /></phr><phr n="generally"><ent r="3" t="50" w="304" /><ent r="3" t="53" w="87" /><ent r="3" t="57" w="343" /></phr><phr n="generating"><ent r="3" t="52" w="36" /></phr></stem><stem n="region"><phr n="region"><ent r="4" t="25" w="133" /><ent r="4" t="25" w="143" /><ent r="5" t="25" w="254" /><ent r="3" t="25" w="293" /><ent r="4" t="31" w="677" /><ent r="4" t="32" w="619" /><ent r="3" t="39" w="62" /></phr></stem><stem n="differenc"><phr n="differencing"><ent r="4" t="25" w="138" /></phr></stem><stem n="deriv"><phr n="Derive"><ent r="6" t="25" w="181" /><ent r="64" t="25" w="506" /><ent r="1000" t="51" w="1" /><ent r="92" t="51" w="5" /></phr><phr n="derived"><ent r="3" t="62" w="229" /></phr></stem><stem n="dark"><phr n="Dark"><ent r="6" t="25" w="183" /><ent r="64" t="25" w="508" /><ent r="3" t="46" w="695" /><ent r="1000" t="51" w="3" /><ent r="92" t="51" w="7" /><ent r="4" t="51" w="11" /><ent r="3" t="62" w="159" /><ent r="3" t="62" w="194" /></phr></stem><stem n="coeffici"><phr n="coefficients"><ent r="5" t="25" w="205" /><ent r="5" t="25" w="221" /><ent r="3" t="25" w="446" /><ent r="3" t="25" w="551" /><ent r="4" t="26" w="82" /><ent r="4" t="51" w="122" /><ent r="3" t="52" w="102" /><ent r="3" t="54" w="58" /></phr></stem><stem n=".mnf."><phr n=".mnf."><ent r="5" t="25" w="235" /></phr></stem><stem n="roi"><phr n="ROI"><ent r="5" t="25" w="257" /><ent r="4" t="25" w="263" /><ent r="3" t="25" w="271" /><ent r="3" t="25" w="306" /></phr></stem><stem n="(roi)"><phr n="(ROI)"><ent r="5" t="25" w="258" /></phr></stem><stem n="checkbox"><phr n="checkbox"><ent r="4" t="25" w="259" /><ent r="4" t="25" w="379" /><ent r="4" t="25" w="523" /><ent r="3" t="33" w="157" /><ent r="3" t="33" w="160" /><ent r="3" t="35" w="145" /><ent r="3" t="35" w="165" /><ent r="3" t="35" w="197" /><ent r="3" t="35" w="224" /><ent r="3" t="35" w="257" /><ent r="3" t="35" w="402" /><ent r="3" t="36" w="600" /><ent r="3" t="36" w="631" /><ent r="3" t="38" w="307" /><ent r="3" t="38" w="688" /><ent r="3" t="40" w="289" /><ent r="3" t="40" w="340" /><ent r="3" t="40" w="365" /><ent r="3" t="40" w="545" /><ent r="3" t="46" w="312" /><ent r="3" t="46" w="331" /><ent r="3" t="46" w="424" /><ent r="3" t="46" w="650" /></phr><phr n="checkboxes"><ent r="3" t="33" w="204" /></phr></stem><stem n="limit"><phr n="limit"><ent r="3" t="25" w="276" /><ent r="3" t="35" w="181" /><ent r="4" t="35" w="193" /><ent r="3" t="35" w="204" /><ent r="4" t="35" w="220" /><ent r="3" t="36" w="584" /><ent r="4" t="36" w="594" /><ent r="3" t="36" w="615" /><ent r="4" t="36" w="625" /></phr><phr n="limited"><ent r="3" t="25" w="421" /></phr><phr n="limiting"><ent r="4" t="36" w="578" /></phr></stem><stem n="“area"><phr n="“Area"><ent r="3" t="25" w="301" /></phr></stem><stem n=".”"><phr n=".”"><ent r="3" t="25" w="304" /></phr></stem><stem n="initi"><phr n="initially"><ent r="4" t="25" w="329" /><ent r="3" t="46" w="667" /><ent r="4" t="47" w="312" /><ent r="3" t="47" w="412" /></phr><phr n="Initial"><ent r="3" t="40" w="254" /></phr></stem><stem n="manual"><phr n="manually"><ent r="4" t="25" w="345" /></phr><phr n="Manual"><ent r="4" t="52" w="11" /></phr></stem><stem n="highest"><phr n="highest"><ent r="3" t="25" w="382" /><ent r="3" t="25" w="408" /><ent r="4" t="53" w="54" /></phr></stem><stem n="lower"><phr n="lower"><ent r="3" t="25" w="389" /><ent r="4" t="30" w="360" /><ent r="4" t="31" w="589" /><ent r="4" t="31" w="636" /><ent r="4" t="32" w="577" /></phr></stem><stem n="reason"><phr n="reason"><ent r="3" t="25" w="404" /><ent r="3" t="57" w="312" /></phr></stem><stem n="maximum"><phr n="maximum"><ent r="3" t="25" w="418" /><ent r="3" t="35" w="188" /><ent r="3" t="36" w="609" /><ent r="3" t="40" w="164" /><ent r="3" t="40" w="199" /><ent r="3" t="40" w="219" /><ent r="3" t="46" w="593" /><ent r="3" t="46" w="610" /></phr></stem><stem n="begin"><phr n="begin"><ent r="4" t="25" w="434" /><ent r="4" t="36" w="684" /><ent r="4" t="51" w="111" /><ent r="3" t="52" w="97" /><ent r="3" t="54" w="53" /></phr></stem><stem n="be"><phr n="being"><ent r="3" t="25" w="465" /><ent r="3" t="28" w="195" /><ent r="3" t="38" w="101" /><ent r="3" t="39" w="103" /></phr></stem><stem n="vari"><phr n="vary"><ent r="3" t="25" w="476" /><ent r="4" t="48" w="52" /></phr></stem><stem n="below"><phr n="below"><ent r="3" t="25" w="491" /><ent r="3" t="33" w="68" /><ent r="4" t="36" w="628" /><ent r="3" t="46" w="698" /><ent r="3" t="49" w="493" /><ent r="3" t="53" w="92" /></phr></stem><stem n="addit"><phr n="additional"><ent r="4" t="25" w="528" /></phr><phr n="addition"><ent r="3" t="40" w="473" /><ent r="4" t="46" w="384" /><ent r="4" t="46" w="422" /></phr><phr n="additive"><ent r="3" t="62" w="129" /><ent r="3" t="62" w="146" /></phr></stem><stem n="here"><phr n="here"><ent r="65" t="25" w="533" /><ent r="64" t="33" w="227" /></phr></stem><stem n="onc"><phr n="Once"><ent r="3" t="25" w="544" /><ent r="3" t="30" w="273" /><ent r="3" t="31" w="434" /><ent r="3" t="32" w="426" /><ent r="4" t="36" w="328" /><ent r="5" t="47" w="237" /><ent r="3" t="49" w="425" /><ent r="3" t="50" w="475" /></phr></stem><stem n="raster"><phr n="raster"><ent r="3" t="25" w="562" /><ent r="3" t="25" w="579" /><ent r="3" t="26" w="100" /><ent r="3" t="26" w="105" /><ent r="3" t="46" w="247" /><ent r="3" t="47" w="29" /><ent r="4" t="47" w="298" /><ent r="4" t="47" w="332" /><ent r="4" t="47" w="346" /><ent r="4" t="47" w="368" /></phr></stem><stem n="origin"><phr n="original"><ent r="3" t="25" w="570" /><ent r="82" t="40" w="502" /><ent r="3" t="46" w="555" /></phr></stem><stem n="suffix"><phr n="suffix"><ent r="3" t="25" w="574" /><ent r="3" t="47" w="467" /></phr></stem><stem n="&quot;_mnf&quot;."><phr n="&quot;_mnf&quot;."><ent r="3" t="25" w="577" /></phr></stem><stem n="matrix"><phr n="matrix"><ent r="4" t="26" w="77" /><ent r="4" t="29" w="189" /><ent r="5" t="29" w="194" /><ent r="4" t="31" w="703" /><ent r="4" t="31" w="713" /><ent r="4" t="31" w="716" /><ent r="4" t="31" w="724" /><ent r="4" t="31" w="734" /><ent r="4" t="31" w="858" /><ent r="4" t="31" w="871" /><ent r="4" t="38" w="324" /><ent r="4" t="38" w="340" /><ent r="4" t="38" w="357" /><ent r="3" t="38" w="371" /><ent r="4" t="38" w="379" /><ent r="4" t="38" w="396" /><ent r="3" t="38" w="421" /><ent r="3" t="38" w="429" /><ent r="4" t="38" w="606" /><ent r="4" t="38" w="614" /><ent r="3" t="54" w="51" /><ent r="3" t="57" w="69" /><ent r="3" t="57" w="88" /><ent r="3" t="57" w="214" /><ent r="3" t="57" w="223" /><ent r="3" t="57" w="372" /><ent r="3" t="59" w="153" /></phr></stem><stem n="invert"><phr n="inverted"><ent r="4" t="26" w="78" /></phr><phr n="invert"><ent r="4" t="29" w="176" /></phr></stem><stem n="without"><phr n="without"><ent r="3" t="26" w="145" /></phr></stem><stem n="unwant"><phr n="unwanted"><ent r="3" t="26" w="147" /></phr></stem><stem n="id"><phr n="ID"><ent r="1000" t="27" w="2" /><ent r="102" t="27" w="7" /><ent r="3" t="27" w="18" /><ent r="5" t="30" w="67" /><ent r="5" t="31" w="205" /><ent r="5" t="32" w="248" /><ent r="5" t="33" w="100" /><ent r="5" t="33" w="276" /><ent r="5" t="33" w="339" /><ent r="5" t="36" w="431" /></phr></stem><stem n="-ins:"><phr n="-ins:"><ent r="3" t="27" w="22" /><ent r="3" t="27" w="22" /></phr></stem><stem n="ac"><phr n="ACE"><ent r="64" t="27" w="23" /><ent r="100" t="28" w="7" /><ent r="65" t="28" w="24" /><ent r="3" t="28" w="47" /><ent r="3" t="28" w="64" /><ent r="3" t="28" w="77" /><ent r="3" t="28" w="92" /><ent r="3" t="28" w="111" /><ent r="3" t="28" w="167" /><ent r="3" t="28" w="183" /><ent r="3" t="28" w="201" /><ent r="64" t="28" w="222" /><ent r="64" t="28" w="227" /><ent r="1000" t="29" w="1" /><ent r="102" t="29" w="5" /><ent r="65" t="29" w="9" /><ent r="3" t="29" w="66" /><ent r="4" t="29" w="182" /><ent r="64" t="29" w="219" /><ent r="1000" t="30" w="2" /><ent r="102" t="30" w="5" /><ent r="65" t="30" w="36" /><ent r="64" t="30" w="47" /><ent r="5" t="30" w="68" /><ent r="3" t="30" w="120" /><ent r="64" t="30" w="146" /><ent r="4" t="30" w="318" /><ent r="4" t="30" w="349" /><ent r="4" t="30" w="405" /><ent r="4" t="30" w="448" /><ent r="4" t="30" w="458" /><ent r="4" t="30" w="469" /></phr></stem><stem n="adapt"><phr n="Adaptive"><ent r="1000" t="28" w="3" /><ent r="100" t="28" w="9" /><ent r="102" t="28" w="15" /><ent r="3" t="28" w="20" /><ent r="5" t="28" w="26" /><ent r="5" t="29" w="11" /><ent r="64" t="29" w="214" /><ent r="5" t="30" w="38" /><ent r="3" t="30" w="72" /><ent r="3" t="30" w="210" /><ent r="3" t="30" w="261" /><ent r="3" t="30" w="302" /><ent r="64" t="30" w="491" /><ent r="4" t="58" w="20" /></phr></stem><stem n="cosin"><phr n="Cosine"><ent r="1000" t="28" w="4" /><ent r="100" t="28" w="10" /><ent r="102" t="28" w="16" /><ent r="3" t="28" w="21" /><ent r="5" t="28" w="27" /><ent r="5" t="29" w="12" /><ent r="64" t="29" w="215" /><ent r="5" t="30" w="39" /><ent r="3" t="30" w="73" /><ent r="3" t="30" w="211" /><ent r="3" t="30" w="262" /><ent r="3" t="30" w="303" /><ent r="64" t="30" w="492" /></phr></stem><stem n="aid"><phr n="aids"><ent r="3" t="28" w="31" /></phr><phr n="aid"><ent r="3" t="32" w="32" /></phr></stem><stem n="likelihood"><phr n="likelihood"><ent r="3" t="28" w="115" /></phr></stem><stem n="test"><phr n="test"><ent r="3" t="28" w="117" /><ent r="3" t="28" w="137" /></phr></stem><stem n="glrt"><phr n="GLRT"><ent r="3" t="28" w="118" /></phr></stem><stem n="(glrt)."><phr n="(GLRT)."><ent r="3" t="28" w="119" /></phr></stem><stem n="mean"><phr n="mean"><ent r="3" t="28" w="122" /><ent r="3" t="28" w="145" /><ent r="3" t="38" w="54" /><ent r="3" t="38" w="75" /><ent r="3" t="40" w="37" /><ent r="3" t="57" w="299" /><ent r="3" t="57" w="304" /></phr><phr n="means"><ent r="3" t="29" w="24" /><ent r="4" t="30" w="363" /><ent r="4" t="31" w="599" /><ent r="4" t="32" w="556" /><ent r="1000" t="40" w="2" /><ent r="102" t="40" w="5" /><ent r="100" t="40" w="8" /><ent r="3" t="40" w="13" /><ent r="3" t="40" w="46" /><ent r="4" t="40" w="58" /><ent r="5" t="40" w="114" /><ent r="4" t="40" w="118" /><ent r="4" t="40" w="395" /><ent r="82" t="40" w="506" /><ent r="92" t="40" w="510" /><ent r="3" t="40" w="519" /><ent r="3" t="57" w="106" /></phr></stem><stem n="goe"><phr n="goes"><ent r="3" t="28" w="130" /></phr></stem><stem n="angular"><phr n="angular"><ent r="3" t="28" w="136" /><ent r="3" t="59" w="106" /></phr></stem><stem n="="><phr n="="><ent r="3" t="28" w="144" /><ent r="3" t="28" w="150" /><ent r="3" t="28" w="156" /><ent r="3" t="28" w="162" /><ent r="3" t="28" w="168" /><ent r="3" t="46" w="519" /><ent r="4" t="57" w="235" /><ent r="3" t="59" w="210" /><ent r="3" t="59" w="214" /><ent r="3" t="59" w="220" /><ent r="3" t="59" w="224" /><ent r="3" t="59" w="229" /><ent r="3" t="59" w="240" /><ent r="3" t="59" w="251" /><ent r="3" t="62" w="52" /></phr></stem><stem n="dataset"><phr n="dataset"><ent r="3" t="28" w="147" /><ent r="3" t="28" w="153" /></phr></stem><stem n="c"><phr n="C"><ent r="3" t="28" w="149" /><ent r="3" t="28" w="170" /><ent r="3" t="28" w="175" /><ent r="3" t="28" w="179" /></phr></stem><stem n="t"><phr n="T"><ent r="3" t="28" w="155" /><ent r="3" t="28" w="169" /><ent r="3" t="28" w="174" /><ent r="3" t="28" w="176" /><ent r="3" t="38" w="436" /><ent r="3" t="38" w="443" /><ent r="3" t="43" w="95" /><ent r="4" t="57" w="187" /><ent r="3" t="59" w="194" /><ent r="3" t="59" w="208" /><ent r="3" t="59" w="234" /><ent r="3" t="59" w="236" /><ent r="3" t="59" w="254" /><ent r="4" t="60" w="18" /><ent r="4" t="63" w="79" /></phr></stem><stem n="target"><phr n="Target"><ent r="3" t="28" w="156" /><ent r="3" t="29" w="42" /><ent r="3" t="29" w="56" /><ent r="3" t="29" w="74" /><ent r="3" t="30" w="15" /><ent r="3" t="30" w="102" /><ent r="3" t="30" w="157" /><ent r="3" t="30" w="297" /><ent r="4" t="30" w="390" /><ent r="3" t="31" w="57" /><ent r="3" t="31" w="311" /><ent r="3" t="31" w="462" /><ent r="3" t="31" w="476" /><ent r="4" t="31" w="620" /><ent r="4" t="31" w="823" /><ent r="3" t="32" w="207" /><ent r="4" t="32" w="314" /><ent r="3" t="32" w="450" /><ent r="4" t="32" w="470" /><ent r="3" t="33" w="15" /><ent r="3" t="57" w="28" /><ent r="3" t="57" w="39" /><ent r="3" t="57" w="130" /><ent r="3" t="57" w="176" /><ent r="3" t="57" w="194" /><ent r="3" t="59" w="96" /><ent r="3" t="59" w="115" /><ent r="3" t="59" w="192" /><ent r="3" t="59" w="210" /><ent r="3" t="62" w="186" /><ent r="3" t="62" w="195" /></phr><phr n="targets"><ent r="3" t="62" w="217" /></phr></stem></index>