﻿<?xml version="1.0" encoding="utf-8"?><index><stem n="spectral"><phr n="Spectral"><ent r="1000" t="0" w="1" /><ent r="102" t="0" w="5" /><ent r="3" t="0" w="10" /><ent r="1000" t="1" w="1" /><ent r="102" t="1" w="4" /><ent r="100" t="1" w="7" /><ent r="6" t="1" w="185" /><ent r="6" t="1" w="197" /><ent r="6" t="1" w="204" /><ent r="6" t="1" w="216" /><ent r="6" t="1" w="238" /><ent r="6" t="1" w="293" /><ent r="6" t="1" w="365" /><ent r="6" t="1" w="454" /><ent r="1000" t="2" w="2" /><ent r="102" t="2" w="7" /><ent r="100" t="2" w="12" /><ent r="3" t="2" w="27" /><ent r="3" t="2" w="38" /><ent r="3" t="2" w="44" /><ent r="3" t="2" w="62" /><ent r="3" t="2" w="106" /><ent r="65" t="2" w="122" /><ent r="3" t="2" w="158" /><ent r="3" t="2" w="167" /><ent r="3" t="2" w="183" /><ent r="4" t="2" w="231" /><ent r="5" t="2" w="247" /><ent r="4" t="2" w="319" /><ent r="4" t="2" w="326" /><ent r="4" t="2" w="339" /><ent r="6" t="7" w="156" /><ent r="6" t="8" w="124" /><ent r="65" t="9" w="54" /><ent r="3" t="9" w="84" /><ent r="5" t="9" w="163" /><ent r="1000" t="10" w="1" /><ent r="102" t="10" w="6" /><ent r="100" t="10" w="13" /><ent r="3" t="10" w="19" /><ent r="3" t="10" w="76" /><ent r="3" t="10" w="96" /><ent r="65" t="10" w="108" /><ent r="3" t="10" w="131" /><ent r="3" t="10" w="140" /><ent r="3" t="10" w="155" /><ent r="4" t="10" w="203" /><ent r="5" t="10" w="219" /><ent r="4" t="10" w="289" /><ent r="4" t="10" w="296" /><ent r="4" t="10" w="309" /><ent r="65" t="11" w="156" /><ent r="5" t="11" w="163" /><ent r="65" t="12" w="118" /><ent r="1000" t="13" w="1" /><ent r="102" t="13" w="5" /><ent r="100" t="13" w="9" /><ent r="3" t="13" w="14" /><ent r="3" t="13" w="32" /><ent r="3" t="13" w="58" /><ent r="3" t="13" w="80" /><ent r="3" t="13" w="113" /><ent r="3" t="13" w="130" /><ent r="64" t="13" w="138" /><ent r="4" t="13" w="145" /><ent r="4" t="13" w="148" /><ent r="3" t="13" w="154" /><ent r="64" t="13" w="212" /><ent r="1000" t="14" w="4" /><ent r="100" t="14" w="7" /><ent r="102" t="14" w="17" /><ent r="65" t="14" w="24" /><ent r="5" t="14" w="31" /><ent r="5" t="14" w="35" /><ent r="3" t="14" w="41" /><ent r="4" t="14" w="58" /><ent r="65" t="14" w="87" /><ent r="4" t="14" w="94" /><ent r="65" t="14" w="99" /><ent r="64" t="14" w="106" /><ent r="64" t="14" w="112" /><ent r="64" t="14" w="117" /><ent r="1000" t="15" w="3" /><ent r="100" t="15" w="6" /><ent r="102" t="15" w="15" /><ent r="5" t="15" w="80" /><ent r="4" t="15" w="131" /><ent r="65" t="15" w="152" /><ent r="5" t="15" w="159" /><ent r="5" t="15" w="163" /><ent r="4" t="15" w="218" /><ent r="65" t="15" w="273" /><ent r="4" t="15" w="280" /><ent r="65" t="15" w="285" /><ent r="64" t="15" w="295" /><ent r="64" t="15" w="300" /><ent r="64" t="15" w="303" /><ent r="1000" t="16" w="5" /><ent r="100" t="16" w="8" /><ent r="102" t="16" w="18" /><ent r="4" t="16" w="50" /><ent r="3" t="16" w="270" /><ent r="64" t="16" w="280" /><ent r="64" t="16" w="286" /><ent r="64" t="16" w="302" /><ent r="64" t="16" w="305" /><ent r="100" t="17" w="8" /><ent r="4" t="17" w="25" /><ent r="64" t="17" w="82" /><ent r="64" t="17" w="87" /><ent r="64" t="17" w="93" /><ent r="64" t="17" w="96" /><ent r="1000" t="18" w="3" /><ent r="100" t="18" w="6" /><ent r="102" t="18" w="14" /><ent r="3" t="18" w="39" /><ent r="4" t="18" w="52" /><ent r="64" t="18" w="108" /><ent r="64" t="18" w="111" /><ent r="100" t="19" w="5" /><ent r="4" t="19" w="28" /><ent r="64" t="19" w="128" /><ent r="64" t="19" w="138" /><ent r="1000" t="20" w="3" /><ent r="100" t="20" w="6" /><ent r="102" t="20" w="16" /><ent r="4" t="20" w="21" /><ent r="4" t="20" w="98" /><ent r="64" t="20" w="165" /><ent r="64" t="20" w="171" /><ent r="64" t="20" w="177" /><ent r="64" t="20" w="184" /><ent r="1000" t="21" w="1" /><ent r="102" t="21" w="7" /><ent r="64" t="21" w="15" /><ent r="3" t="21" w="36" /><ent r="3" t="21" w="88" /><ent r="3" t="21" w="108" /><ent r="3" t="21" w="121" /><ent r="3" t="21" w="132" /><ent r="65" t="21" w="197" /><ent r="65" t="21" w="203" /><ent r="4" t="21" w="253" /><ent r="4" t="23" w="40" /><ent r="65" t="25" w="24" /><ent r="65" t="26" w="25" /><ent r="65" t="27" w="194" /><ent r="5" t="27" w="201" /><ent r="4" t="29" w="53" /><ent r="5" t="29" w="58" /><ent r="1000" t="30" w="1" /><ent r="102" t="30" w="6" /><ent r="100" t="30" w="11" /><ent r="3" t="30" w="18" /><ent r="5" t="30" w="24" /><ent r="92" t="30" w="195" /><ent r="65" t="30" w="239" /><ent r="5" t="30" w="246" /><ent r="4" t="30" w="252" /><ent r="3" t="30" w="365" /><ent r="3" t="30" w="414" /><ent r="5" t="31" w="29" /><ent r="65" t="31" w="93" /><ent r="65" t="31" w="269" /><ent r="65" t="31" w="332" /><ent r="1000" t="32" w="1" /><ent r="102" t="32" w="5" /><ent r="100" t="32" w="9" /><ent r="3" t="32" w="14" /><ent r="5" t="32" w="20" /><ent r="66" t="32" w="302" /><ent r="64" t="32" w="502" /><ent r="1000" t="33" w="1" /><ent r="102" t="33" w="6" /><ent r="100" t="33" w="11" /><ent r="100" t="33" w="17" /><ent r="3" t="33" w="22" /><ent r="3" t="33" w="34" /><ent r="3" t="33" w="43" /><ent r="5" t="33" w="86" /><ent r="4" t="33" w="91" /><ent r="92" t="33" w="121" /><ent r="3" t="33" w="241" /><ent r="64" t="33" w="407" /><ent r="100" t="34" w="9" /><ent r="64" t="34" w="17" /><ent r="5" t="34" w="24" /><ent r="65" t="34" w="159" /><ent r="5" t="34" w="168" /><ent r="4" t="34" w="192" /><ent r="3" t="34" w="199" /><ent r="4" t="34" w="219" /><ent r="4" t="34" w="256" /><ent r="4" t="34" w="391" /><ent r="4" t="34" w="402" /><ent r="4" t="34" w="424" /><ent r="5" t="34" w="429" /><ent r="5" t="34" w="432" /><ent r="3" t="34" w="438" /><ent r="4" t="34" w="564" /><ent r="4" t="34" w="715" /><ent r="3" t="34" w="759" /><ent r="64" t="34" w="776" /><ent r="4" t="34" w="782" /><ent r="4" t="34" w="785" /><ent r="3" t="34" w="797" /><ent r="4" t="34" w="804" /><ent r="3" t="34" w="822" /><ent r="64" t="34" w="835" /><ent r="100" t="35" w="9" /><ent r="64" t="35" w="17" /><ent r="5" t="35" w="24" /><ent r="66" t="35" w="48" /><ent r="65" t="35" w="312" /><ent r="6" t="35" w="436" /><ent r="5" t="35" w="542" /><ent r="65" t="36" w="116" /><ent r="5" t="36" w="123" /><ent r="4" t="36" w="537" /><ent r="5" t="36" w="541" /><ent r="65" t="37" w="115" /><ent r="5" t="37" w="122" /><ent r="64" t="38" w="50" /><ent r="64" t="39" w="39" /><ent r="65" t="40" w="41" /><ent r="65" t="41" w="52" /><ent r="65" t="42" w="70" /><ent r="64" t="43" w="688" /><ent r="64" t="43" w="713" /><ent r="3" t="44" w="92" /><ent r="64" t="44" w="163" /><ent r="3" t="44" w="178" /><ent r="65" t="44" w="223" /><ent r="4" t="44" w="255" /><ent r="3" t="44" w="284" /><ent r="4" t="44" w="562" /><ent r="3" t="44" w="587" /><ent r="1000" t="45" w="1" /><ent r="102" t="45" w="6" /><ent r="100" t="45" w="13" /><ent r="3" t="45" w="19" /><ent r="3" t="45" w="62" /><ent r="3" t="45" w="77" /><ent r="3" t="45" w="96" /><ent r="92" t="45" w="148" /><ent r="3" t="45" w="175" /><ent r="64" t="45" w="201" /><ent r="4" t="45" w="241" /><ent r="3" t="45" w="254" /><ent r="3" t="54" w="9" /><ent r="5" t="54" w="15" /><ent r="4" t="55" w="29" /></phr><phr n="spectral"><ent r="6" t="1" w="23" /><ent r="6" t="1" w="227" /><ent r="6" t="1" w="318" /><ent r="6" t="1" w="390" /><ent r="3" t="8" w="62" /><ent r="3" t="9" w="25" /><ent r="3" t="10" w="31" /><ent r="3" t="10" w="38" /><ent r="3" t="10" w="52" /><ent r="3" t="10" w="70" /><ent r="3" t="10" w="231" /><ent r="4" t="10" w="249" /><ent r="4" t="10" w="260" /><ent r="4" t="10" w="275" /><ent r="3" t="11" w="113" /><ent r="3" t="13" w="29" /><ent r="65" t="13" w="170" /><ent r="65" t="13" w="175" /><ent r="65" t="13" w="182" /><ent r="65" t="13" w="194" /><ent r="65" t="13" w="206" /><ent r="3" t="15" w="29" /><ent r="4" t="15" w="46" /><ent r="4" t="15" w="58" /><ent r="4" t="15" w="93" /><ent r="4" t="15" w="100" /><ent r="3" t="15" w="145" /><ent r="4" t="15" w="185" /><ent r="3" t="15" w="235" /><ent r="3" t="16" w="29" /><ent r="4" t="16" w="128" /><ent r="3" t="18" w="24" /><ent r="3" t="19" w="23" /><ent r="100" t="20" w="11" /><ent r="3" t="21" w="65" /><ent r="3" t="21" w="78" /><ent r="4" t="21" w="154" /><ent r="4" t="21" w="161" /><ent r="4" t="21" w="215" /><ent r="4" t="21" w="222" /><ent r="3" t="27" w="394" /><ent r="3" t="30" w="144" /><ent r="3" t="31" w="147" /><ent r="4" t="32" w="59" /><ent r="4" t="32" w="70" /><ent r="4" t="32" w="83" /><ent r="4" t="32" w="142" /><ent r="3" t="32" w="170" /><ent r="3" t="32" w="176" /><ent r="4" t="32" w="232" /><ent r="4" t="32" w="339" /><ent r="4" t="32" w="389" /><ent r="3" t="33" w="353" /><ent r="4" t="34" w="70" /><ent r="4" t="34" w="176" /><ent r="4" t="34" w="381" /><ent r="4" t="34" w="687" /><ent r="4" t="35" w="86" /><ent r="4" t="35" w="136" /><ent r="4" t="35" w="534" /><ent r="3" t="38" w="28" /><ent r="3" t="44" w="158" /><ent r="3" t="45" w="30" /><ent r="3" t="45" w="37" /><ent r="3" t="45" w="105" /><ent r="92" t="45" w="144" /><ent r="3" t="52" w="13" /><ent r="3" t="52" w="63" /><ent r="3" t="52" w="131" /><ent r="3" t="52" w="151" /><ent r="3" t="54" w="54" /><ent r="3" t="54" w="59" /><ent r="3" t="54" w="188" /><ent r="3" t="54" w="262" /><ent r="3" t="54" w="311" /><ent r="3" t="54" w="346" /><ent r="3" t="54" w="349" /><ent r="3" t="54" w="404" /><ent r="3" t="57" w="19" /><ent r="3" t="57" w="306" /></phr><phr n="spectrally"><ent r="4" t="25" w="97" /><ent r="4" t="25" w="102" /><ent r="3" t="47" w="44" /></phr></stem><stem n="extens"><phr n="Extension"><ent r="1000" t="0" w="2" /><ent r="102" t="0" w="6" /><ent r="3" t="44" w="582" /></phr><phr n="extension"><ent r="3" t="0" w="11" /><ent r="3" t="9" w="35" /><ent r="4" t="15" w="128" /><ent r="3" t="21" w="109" /><ent r="4" t="21" w="250" /><ent r="5" t="25" w="232" /><ent r="3" t="44" w="47" /><ent r="3" t="44" w="293" /><ent r="3" t="44" w="326" /><ent r="3" t="44" w="574" /><ent r="3" t="45" w="262" /><ent r="3" t="45" w="300" /><ent r="3" t="45" w="310" /><ent r="3" t="49" w="37" /></phr><phr n="extensions"><ent r="4" t="15" w="65" /><ent r="4" t="21" w="180" /></phr></stem><stem n="help"><phr n="Help"><ent r="1000" t="0" w="3" /><ent r="102" t="0" w="7" /></phr><phr n="help"><ent r="3" t="32" w="32" /></phr></stem><stem n="optick"><phr n="Opticks"><ent r="3" t="0" w="13" /><ent r="6" t="1" w="139" /><ent r="3" t="2" w="41" /><ent r="4" t="2" w="192" /><ent r="4" t="4" w="30" /><ent r="3" t="4" w="70" /><ent r="4" t="6" w="33" /><ent r="4" t="7" w="346" /><ent r="3" t="7" w="421" /><ent r="4" t="8" w="300" /><ent r="3" t="8" w="368" /><ent r="3" t="9" w="22" /><ent r="4" t="9" w="108" /><ent r="3" t="10" w="34" /><ent r="4" t="10" w="165" /><ent r="4" t="11" w="429" /><ent r="3" t="13" w="55" /><ent r="3" t="13" w="74" /><ent r="4" t="15" w="97" /><ent r="3" t="21" w="48" /><ent r="3" t="21" w="101" /><ent r="3" t="21" w="105" /><ent r="4" t="21" w="219" /><ent r="3" t="22" w="93" /><ent r="3" t="27" w="18" /><ent r="3" t="27" w="492" /><ent r="4" t="27" w="536" /><ent r="4" t="27" w="568" /><ent r="4" t="27" w="782" /><ent r="3" t="28" w="106" /><ent r="4" t="29" w="291" /><ent r="4" t="29" w="323" /><ent r="4" t="29" w="468" /><ent r="3" t="30" w="110" /><ent r="4" t="30" w="504" /><ent r="4" t="30" w="536" /><ent r="4" t="30" w="666" /><ent r="3" t="31" w="213" /><ent r="4" t="33" w="51" /><ent r="4" t="34" w="263" /><ent r="3" t="43" w="43" /><ent r="3" t="44" w="51" /><ent r="3" t="44" w="147" /><ent r="4" t="44" w="196" /><ent r="3" t="44" w="494" /><ent r="4" t="44" w="520" /><ent r="3" t="45" w="33" /><ent r="4" t="45" w="158" /></phr></stem><stem n="contain"><phr n="contains"><ent r="3" t="0" w="14" /><ent r="3" t="7" w="87" /><ent r="3" t="8" w="105" /><ent r="3" t="10" w="48" /><ent r="3" t="11" w="63" /><ent r="4" t="15" w="109" /><ent r="4" t="21" w="231" /><ent r="3" t="43" w="561" /><ent r="3" t="45" w="47" /></phr><phr n="contain"><ent r="3" t="2" w="72" /><ent r="3" t="24" w="173" /><ent r="3" t="25" w="399" /><ent r="3" t="25" w="413" /></phr><phr n="contained"><ent r="3" t="10" w="62" /><ent r="3" t="10" w="84" /><ent r="4" t="15" w="121" /><ent r="3" t="21" w="46" /><ent r="4" t="21" w="243" /><ent r="3" t="27" w="349" /><ent r="3" t="29" w="171" /><ent r="4" t="30" w="296" /><ent r="4" t="30" w="341" /><ent r="4" t="34" w="236" /><ent r="3" t="45" w="56" /></phr><phr n="containing"><ent r="4" t="34" w="147" /><ent r="3" t="52" w="192" /><ent r="3" t="52" w="248" /></phr></stem><stem n="multipl"><phr n="multiple"><ent r="3" t="0" w="15" /><ent r="4" t="16" w="133" /><ent r="4" t="16" w="193" /><ent r="4" t="27" w="849" /><ent r="92" t="44" w="471" /><ent r="3" t="44" w="480" /><ent r="3" t="54" w="378" /></phr><phr n="multiplicative"><ent r="3" t="57" w="113" /><ent r="3" t="57" w="133" /></phr></stem><stem n="-in"><phr n="-ins"><ent r="3" t="0" w="16" /><ent r="3" t="0" w="16" /><ent r="3" t="0" w="43" /><ent r="3" t="0" w="43" /></phr><phr n="-In"><ent r="67" t="1" w="97" /><ent r="67" t="1" w="97" /><ent r="4" t="2" w="126" /><ent r="4" t="2" w="126" /><ent r="1000" t="38" w="3" /><ent r="1000" t="38" w="3" /><ent r="102" t="38" w="8" /><ent r="102" t="38" w="8" /><ent r="64" t="39" w="140" /><ent r="64" t="39" w="140" /><ent r="64" t="40" w="164" /><ent r="64" t="40" w="164" /><ent r="64" t="41" w="190" /><ent r="64" t="41" w="190" /><ent r="64" t="42" w="302" /><ent r="64" t="42" w="302" /><ent r="64" t="43" w="710" /><ent r="64" t="43" w="710" /></phr><phr n="-in"><ent r="4" t="9" w="58" /><ent r="4" t="9" w="58" /><ent r="4" t="10" w="112" /><ent r="4" t="10" w="112" /><ent r="4" t="27" w="697" /><ent r="4" t="27" w="697" /><ent r="4" t="27" w="762" /><ent r="4" t="27" w="762" /><ent r="3" t="32" w="24" /><ent r="3" t="32" w="24" /><ent r="3" t="32" w="49" /><ent r="3" t="32" w="49" /><ent r="3" t="32" w="188" /><ent r="3" t="32" w="188" /><ent r="3" t="32" w="284" /><ent r="3" t="32" w="284" /><ent r="3" t="34" w="28" /><ent r="3" t="34" w="28" /><ent r="3" t="35" w="28" /><ent r="3" t="35" w="28" /><ent r="100" t="38" w="13" /><ent r="100" t="38" w="13" /></phr></stem><stem n="plug"><phr n="plug"><ent r="3" t="0" w="16" /><ent r="3" t="0" w="43" /><ent r="6" t="1" w="24" /><ent r="6" t="1" w="310" /><ent r="6" t="1" w="382" /><ent r="6" t="1" w="471" /><ent r="4" t="9" w="58" /><ent r="4" t="10" w="112" /><ent r="4" t="27" w="689" /><ent r="4" t="27" w="697" /><ent r="4" t="27" w="762" /><ent r="3" t="29" w="42" /><ent r="3" t="29" w="114" /><ent r="4" t="30" w="483" /><ent r="3" t="32" w="24" /><ent r="3" t="32" w="49" /><ent r="3" t="32" w="188" /><ent r="3" t="32" w="284" /><ent r="3" t="33" w="37" /><ent r="3" t="34" w="28" /><ent r="4" t="34" w="195" /><ent r="3" t="35" w="28" /><ent r="4" t="35" w="448" /><ent r="3" t="52" w="89" /></phr><phr n="Plug"><ent r="67" t="1" w="97" /><ent r="4" t="2" w="126" /><ent r="3" t="27" w="500" /><ent r="4" t="27" w="704" /><ent r="4" t="29" w="433" /><ent r="1000" t="38" w="3" /><ent r="102" t="38" w="8" /><ent r="100" t="38" w="13" /><ent r="3" t="38" w="21" /><ent r="64" t="39" w="140" /><ent r="64" t="40" w="164" /><ent r="64" t="41" w="190" /><ent r="64" t="42" w="302" /><ent r="64" t="43" w="710" /></phr></stem><stem n="plug-in"><phr n="plug-ins"><ent r="3" t="0" w="16" /><ent r="3" t="0" w="43" /><ent r="6" t="1" w="24" /><ent r="4" t="35" w="448" /></phr><phr n="Plug-In"><ent r="67" t="1" w="97" /><ent r="4" t="2" w="126" /><ent r="3" t="27" w="500" /><ent r="4" t="27" w="704" /><ent r="1000" t="38" w="3" /><ent r="102" t="38" w="8" /><ent r="3" t="38" w="21" /><ent r="64" t="39" w="140" /><ent r="64" t="40" w="164" /><ent r="64" t="41" w="190" /><ent r="64" t="42" w="302" /><ent r="64" t="43" w="710" /></phr><phr n="plug-in"><ent r="6" t="1" w="310" /><ent r="6" t="1" w="382" /><ent r="6" t="1" w="471" /><ent r="4" t="9" w="58" /><ent r="4" t="10" w="112" /><ent r="4" t="27" w="689" /><ent r="4" t="27" w="697" /><ent r="4" t="27" w="762" /><ent r="3" t="29" w="42" /><ent r="3" t="29" w="114" /><ent r="4" t="30" w="483" /><ent r="3" t="32" w="24" /><ent r="3" t="32" w="49" /><ent r="3" t="32" w="188" /><ent r="3" t="32" w="284" /><ent r="3" t="33" w="37" /><ent r="3" t="34" w="28" /><ent r="4" t="34" w="195" /><ent r="3" t="35" w="28" /><ent r="3" t="52" w="89" /></phr><phr n="Plug-in"><ent r="4" t="29" w="433" /><ent r="100" t="38" w="13" /></phr></stem><stem n="in"><phr n="ins"><ent r="3" t="0" w="17" /><ent r="3" t="0" w="44" /><ent r="6" t="1" w="25" /><ent r="4" t="35" w="449" /></phr></stem><stem n="provid"><phr n="provide"><ent r="3" t="0" w="19" /><ent r="3" t="27" w="95" /><ent r="3" t="44" w="20" /><ent r="3" t="45" w="185" /><ent r="3" t="47" w="68" /></phr><phr n="Provides"><ent r="6" t="1" w="19" /></phr><phr n="provides"><ent r="3" t="13" w="17" /><ent r="3" t="21" w="19" /><ent r="3" t="27" w="29" /><ent r="3" t="28" w="54" /><ent r="3" t="30" w="55" /><ent r="3" t="32" w="26" /><ent r="3" t="32" w="51" /><ent r="3" t="32" w="190" /><ent r="3" t="32" w="287" /><ent r="3" t="34" w="30" /><ent r="3" t="35" w="30" /><ent r="3" t="38" w="23" /></phr><phr n="providing"><ent r="3" t="52" w="166" /></phr></stem><stem n="varieti"><phr n="variety"><ent r="3" t="0" w="21" /></phr></stem><stem n="function"><phr n="functionality"><ent r="3" t="0" w="23" /><ent r="3" t="0" w="36" /><ent r="5" t="32" w="315" /><ent r="5" t="35" w="61" /></phr><phr n="functional"><ent r="3" t="13" w="46" /><ent r="3" t="13" w="91" /></phr></stem><stem n="includ"><phr n="including"><ent r="3" t="0" w="24" /><ent r="3" t="7" w="131" /><ent r="4" t="45" w="369" /></phr><phr n="included"><ent r="3" t="6" w="85" /><ent r="3" t="56" w="101" /></phr><phr n="includes"><ent r="3" t="32" w="174" /></phr></stem><stem n=":"><phr n=":"><ent r="3" t="0" w="25" /><ent r="3" t="2" w="114" /><ent r="3" t="2" w="186" /><ent r="3" t="3" w="34" /><ent r="3" t="4" w="28" /><ent r="3" t="5" w="99" /><ent r="3" t="9" w="102" /><ent r="3" t="10" w="159" /><ent r="3" t="11" w="146" /><ent r="4" t="12" w="107" /><ent r="3" t="13" w="133" /><ent r="3" t="13" w="166" /><ent r="3" t="15" w="31" /><ent r="5" t="17" w="61" /><ent r="5" t="18" w="89" /><ent r="3" t="19" w="25" /><ent r="3" t="21" w="124" /><ent r="4" t="25" w="20" /><ent r="4" t="25" w="56" /><ent r="5" t="25" w="180" /><ent r="3" t="25" w="501" /><ent r="4" t="26" w="21" /><ent r="4" t="26" w="118" /><ent r="3" t="27" w="184" /><ent r="4" t="29" w="8" /><ent r="3" t="32" w="55" /><ent r="3" t="32" w="228" /><ent r="3" t="32" w="335" /><ent r="3" t="33" w="48" /><ent r="3" t="34" w="66" /><ent r="4" t="34" w="117" /><ent r="3" t="34" w="138" /><ent r="5" t="34" w="180" /><ent r="5" t="34" w="406" /><ent r="5" t="34" w="684" /><ent r="3" t="34" w="771" /><ent r="3" t="35" w="82" /><ent r="3" t="36" w="111" /><ent r="4" t="36" w="148" /><ent r="3" t="36" w="526" /><ent r="3" t="37" w="110" /><ent r="4" t="37" w="147" /><ent r="4" t="38" w="45" /><ent r="100" t="40" w="17" /><ent r="100" t="41" w="27" /><ent r="100" t="42" w="23" /><ent r="4" t="42" w="199" /><ent r="3" t="43" w="406" /><ent r="3" t="43" w="418" /><ent r="3" t="52" w="184" /><ent r="3" t="52" w="229" /><ent r="3" t="54" w="206" /><ent r="3" t="56" w="22" /><ent r="3" t="56" w="41" /><ent r="3" t="56" w="72" /><ent r="3" t="57" w="47" /><ent r="4" t="58" w="20" /></phr></stem><stem n="preprocess"><phr n="preprocessing"><ent r="4" t="0" w="26" /></phr><phr n="Preprocessing"><ent r="5" t="11" w="164" /><ent r="5" t="12" w="124" /></phr></stem><stem n="exploit"><phr n="exploitation"><ent r="4" t="0" w="28" /><ent r="3" t="9" w="26" /><ent r="3" t="13" w="94" /></phr></stem><stem n="identif"><phr n="identification"><ent r="4" t="0" w="30" /><ent r="3" t="27" w="35" /><ent r="3" t="27" w="101" /><ent r="3" t="28" w="76" /><ent r="3" t="30" w="78" /></phr></stem><stem n="anomali"><phr n="anomaly"><ent r="4" t="0" w="32" /><ent r="3" t="36" w="31" /><ent r="3" t="37" w="28" /></phr><phr n="Anomaly"><ent r="1000" t="36" w="2" /><ent r="102" t="36" w="6" /><ent r="100" t="36" w="10" /><ent r="100" t="36" w="13" /><ent r="3" t="36" w="20" /><ent r="3" t="36" w="109" /><ent r="5" t="36" w="126" /><ent r="4" t="36" w="146" /><ent r="5" t="36" w="544" /><ent r="1000" t="37" w="2" /><ent r="102" t="37" w="6" /><ent r="100" t="37" w="12" /><ent r="3" t="37" w="17" /><ent r="5" t="37" w="23" /><ent r="5" t="37" w="125" /><ent r="4" t="37" w="145" /></phr></stem><stem n="detect"><phr n="detection"><ent r="4" t="0" w="33" /><ent r="3" t="27" w="177" /><ent r="3" t="36" w="32" /><ent r="3" t="37" w="29" /></phr><phr n="detects"><ent r="3" t="11" w="172" /><ent r="3" t="27" w="88" /><ent r="3" t="28" w="48" /><ent r="3" t="30" w="49" /><ent r="3" t="36" w="39" /><ent r="3" t="37" w="36" /></phr><phr n="detecting"><ent r="3" t="28" w="33" /><ent r="3" t="30" w="34" /></phr><phr n="Detection"><ent r="5" t="36" w="127" /><ent r="5" t="36" w="545" /><ent r="5" t="37" w="126" /></phr><phr n="detected"><ent r="3" t="52" w="206" /></phr></stem><stem n="avail"><phr n="available"><ent r="3" t="0" w="37" /><ent r="3" t="7" w="95" /><ent r="3" t="8" w="113" /><ent r="3" t="10" w="24" /><ent r="3" t="11" w="133" /><ent r="5" t="12" w="189" /><ent r="3" t="21" w="118" /><ent r="3" t="28" w="71" /><ent r="3" t="30" w="73" /><ent r="4" t="34" w="567" /><ent r="3" t="36" w="345" /><ent r="3" t="36" w="404" /><ent r="3" t="44" w="277" /><ent r="3" t="45" w="24" /><ent r="3" t="47" w="18" /></phr></stem><stem n="depend"><phr n="depends"><ent r="3" t="0" w="40" /><ent r="3" t="21" w="59" /></phr><phr n="depending"><ent r="3" t="25" w="477" /><ent r="3" t="27" w="790" /></phr><phr n="Depending"><ent r="4" t="36" w="318" /><ent r="4" t="36" w="600" /></phr></stem><stem n="'re"><phr n="'re"><ent r="3" t="0" w="47" /></phr></stem><stem n="you'r"><phr n="you're"><ent r="3" t="0" w="47" /><ent r="3" t="0" w="46" /></phr></stem><stem n="re"><phr n="re"><ent r="3" t="0" w="47" /></phr></stem><stem n="current"><phr n="currently"><ent r="3" t="0" w="48" /><ent r="6" t="1" w="337" /><ent r="6" t="1" w="342" /><ent r="6" t="1" w="410" /><ent r="6" t="1" w="415" /><ent r="3" t="18" w="31" /><ent r="4" t="32" w="397" /><ent r="4" t="32" w="436" /><ent r="4" t="32" w="471" /><ent r="4" t="35" w="144" /><ent r="4" t="35" w="183" /><ent r="4" t="35" w="218" /><ent r="3" t="41" w="114" /></phr><phr n="current"><ent r="6" t="1" w="305" /><ent r="6" t="1" w="377" /><ent r="6" t="1" w="466" /><ent r="4" t="11" w="326" /><ent r="3" t="35" w="581" /><ent r="3" t="39" w="90" /><ent r="3" t="39" w="120" /><ent r="3" t="40" w="116" /><ent r="3" t="41" w="144" /><ent r="3" t="42" w="95" /><ent r="3" t="42" w="189" /><ent r="3" t="43" w="548" /><ent r="3" t="43" w="610" /><ent r="3" t="43" w="635" /><ent r="3" t="43" w="652" /><ent r="4" t="46" w="12" /><ent r="3" t="57" w="160" /></phr><phr n="Current"><ent r="5" t="11" w="250" /><ent r="6" t="25" w="184" /><ent r="64" t="25" w="509" /></phr><phr n="Currently"><ent r="4" t="34" w="562" /><ent r="3" t="47" w="9" /></phr></stem><stem n="us"><phr n="using"><ent r="3" t="0" w="49" /><ent r="6" t="1" w="303" /><ent r="6" t="1" w="375" /><ent r="6" t="1" w="464" /><ent r="4" t="16" w="136" /><ent r="4" t="16" w="196" /><ent r="3" t="23" w="133" /><ent r="3" t="23" w="142" /><ent r="3" t="27" w="36" /><ent r="3" t="27" w="81" /><ent r="3" t="27" w="243" /><ent r="3" t="27" w="260" /><ent r="3" t="27" w="490" /><ent r="3" t="28" w="39" /><ent r="3" t="28" w="104" /><ent r="3" t="28" w="134" /><ent r="3" t="30" w="40" /><ent r="3" t="30" w="108" /><ent r="3" t="30" w="115" /><ent r="3" t="30" w="161" /><ent r="5" t="32" w="296" /><ent r="3" t="34" w="134" /><ent r="5" t="35" w="42" /><ent r="3" t="35" w="270" /><ent r="3" t="40" w="131" /><ent r="3" t="41" w="157" /><ent r="3" t="42" w="267" /><ent r="3" t="43" w="41" /><ent r="3" t="43" w="86" /><ent r="3" t="43" w="126" /><ent r="3" t="43" w="676" /><ent r="3" t="44" w="96" /><ent r="3" t="44" w="106" /><ent r="92" t="45" w="146" /><ent r="3" t="52" w="353" /><ent r="3" t="54" w="202" /><ent r="3" t="57" w="367" /></phr><phr n="useful"><ent r="6" t="7" w="196" /><ent r="6" t="8" w="164" /><ent r="3" t="25" w="415" /><ent r="3" t="28" w="79" /><ent r="3" t="30" w="81" /><ent r="3" t="43" w="348" /></phr><phr n="uses"><ent r="3" t="10" w="74" /><ent r="3" t="12" w="76" /><ent r="3" t="31" w="69" /><ent r="3" t="52" w="58" /><ent r="3" t="54" w="128" /></phr><phr n="used"><ent r="3" t="11" w="28" /><ent r="3" t="11" w="122" /><ent r="3" t="12" w="27" /><ent r="5" t="12" w="197" /><ent r="5" t="12" w="230" /><ent r="4" t="12" w="371" /><ent r="4" t="15" w="39" /><ent r="4" t="15" w="86" /><ent r="4" t="21" w="147" /><ent r="4" t="21" w="209" /><ent r="3" t="24" w="100" /><ent r="3" t="24" w="180" /><ent r="5" t="25" w="69" /><ent r="4" t="25" w="117" /><ent r="4" t="25" w="165" /><ent r="3" t="26" w="128" /><ent r="3" t="27" w="108" /><ent r="3" t="27" w="175" /><ent r="3" t="28" w="66" /><ent r="3" t="30" w="30" /><ent r="3" t="30" w="68" /><ent r="3" t="32" w="226" /><ent r="3" t="32" w="333" /><ent r="3" t="34" w="64" /><ent r="4" t="34" w="188" /><ent r="3" t="35" w="80" /><ent r="3" t="35" w="550" /><ent r="3" t="36" w="34" /><ent r="3" t="36" w="251" /><ent r="3" t="37" w="31" /><ent r="3" t="52" w="369" /><ent r="3" t="57" w="326" /></phr><phr n="Using"><ent r="4" t="12" w="265" /><ent r="92" t="35" w="248" /></phr><phr n="us"><ent r="3" t="52" w="359" /></phr></stem><stem n="."><phr n="."><ent r="3" t="0" w="50" /><ent r="6" t="1" w="30" /><ent r="6" t="1" w="37" /><ent r="6" t="1" w="45" /><ent r="6" t="1" w="52" /><ent r="6" t="1" w="60" /><ent r="6" t="1" w="75" /><ent r="6" t="1" w="83" /><ent r="6" t="1" w="94" /><ent r="6" t="1" w="109" /><ent r="6" t="1" w="117" /><ent r="6" t="1" w="126" /><ent r="6" t="1" w="149" /><ent r="6" t="1" w="162" /><ent r="6" t="1" w="177" /><ent r="6" t="1" w="187" /><ent r="6" t="1" w="199" /><ent r="6" t="1" w="209" /><ent r="6" t="1" w="221" /><ent r="6" t="1" w="233" /><ent r="6" t="1" w="243" /><ent r="6" t="1" w="298" /><ent r="6" t="1" w="326" /><ent r="6" t="1" w="347" /><ent r="6" t="1" w="370" /><ent r="6" t="1" w="398" /><ent r="6" t="1" w="420" /><ent r="6" t="1" w="423" /><ent r="6" t="1" w="459" /><ent r="3" t="2" w="42" /><ent r="3" t="2" w="59" /><ent r="3" t="2" w="70" /><ent r="3" t="2" w="82" /><ent r="3" t="2" w="97" /><ent r="3" t="2" w="109" /><ent r="4" t="2" w="130" /><ent r="4" t="2" w="141" /><ent r="4" t="2" w="155" /><ent r="3" t="2" w="178" /><ent r="4" t="2" w="217" /><ent r="3" t="2" w="226" /><ent r="4" t="2" w="253" /><ent r="3" t="2" w="271" /><ent r="4" t="2" w="288" /><ent r="4" t="2" w="300" /><ent r="4" t="2" w="315" /><ent r="4" t="2" w="322" /><ent r="4" t="2" w="344" /><ent r="4" t="2" w="350" /><ent r="3" t="3" w="54" /><ent r="4" t="3" w="66" /><ent r="4" t="3" w="83" /><ent r="4" t="3" w="92" /><ent r="4" t="3" w="97" /><ent r="4" t="4" w="37" /><ent r="4" t="4" w="44" /><ent r="3" t="4" w="75" /><ent r="3" t="4" w="87" /><ent r="4" t="4" w="92" /><ent r="4" t="4" w="101" /><ent r="4" t="4" w="106" /><ent r="3" t="5" w="38" /><ent r="4" t="5" w="50" /><ent r="4" t="5" w="69" /><ent r="4" t="5" w="78" /><ent r="4" t="5" w="83" /><ent r="4" t="5" w="107" /><ent r="4" t="5" w="116" /><ent r="3" t="5" w="136" /><ent r="3" t="5" w="146" /><ent r="3" t="6" w="31" /><ent r="4" t="6" w="44" /><ent r="4" t="6" w="56" /><ent r="4" t="6" w="65" /><ent r="4" t="6" w="73" /><ent r="3" t="6" w="89" /><ent r="4" t="6" w="98" /><ent r="3" t="7" w="35" /><ent r="3" t="7" w="70" /><ent r="3" t="7" w="82" /><ent r="3" t="7" w="101" /><ent r="3" t="7" w="151" /><ent r="6" t="7" w="183" /><ent r="6" t="7" w="201" /><ent r="6" t="7" w="214" /><ent r="6" t="7" w="230" /><ent r="6" t="7" w="251" /><ent r="6" t="7" w="268" /><ent r="6" t="7" w="287" /><ent r="6" t="7" w="302" /><ent r="3" t="7" w="322" /><ent r="3" t="7" w="336" /><ent r="4" t="7" w="363" /><ent r="4" t="7" w="384" /><ent r="4" t="7" w="410" /><ent r="4" t="7" w="414" /><ent r="3" t="7" w="422" /><ent r="3" t="8" w="33" /><ent r="3" t="8" w="55" /><ent r="3" t="8" w="88" /><ent r="3" t="8" w="100" /><ent r="3" t="8" w="119" /><ent r="6" t="8" w="151" /><ent r="6" t="8" w="169" /><ent r="6" t="8" w="182" /><ent r="6" t="8" w="198" /><ent r="6" t="8" w="219" /><ent r="6" t="8" w="236" /><ent r="6" t="8" w="255" /><ent r="3" t="8" w="277" /><ent r="3" t="8" w="290" /><ent r="4" t="8" w="316" /><ent r="4" t="8" w="335" /><ent r="4" t="8" w="357" /><ent r="4" t="8" w="361" /><ent r="3" t="8" w="369" /><ent r="3" t="9" w="36" /><ent r="3" t="9" w="46" /><ent r="4" t="9" w="62" /><ent r="4" t="9" w="75" /><ent r="3" t="9" w="96" /><ent r="4" t="9" w="119" /><ent r="4" t="9" w="134" /><ent r="3" t="9" w="143" /><ent r="4" t="9" w="170" /><ent r="3" t="9" w="190" /><ent r="4" t="9" w="207" /><ent r="4" t="9" w="218" /><ent r="4" t="9" w="237" /><ent r="4" t="9" w="242" /><ent r="4" t="9" w="260" /><ent r="4" t="9" w="266" /><ent r="3" t="10" w="37" /><ent r="3" t="10" w="66" /><ent r="3" t="10" w="88" /><ent r="3" t="10" w="100" /><ent r="4" t="10" w="116" /><ent r="4" t="10" w="129" /><ent r="3" t="10" w="151" /><ent r="4" t="10" w="190" /><ent r="3" t="10" w="199" /><ent r="4" t="10" w="225" /><ent r="3" t="10" w="243" /><ent r="4" t="10" w="259" /><ent r="4" t="10" w="271" /><ent r="4" t="10" w="286" /><ent r="4" t="10" w="293" /><ent r="4" t="10" w="315" /><ent r="4" t="10" w="321" /><ent r="3" t="11" w="39" /><ent r="3" t="11" w="70" /><ent r="3" t="11" w="86" /><ent r="3" t="11" w="92" /><ent r="3" t="11" w="117" /><ent r="3" t="11" w="142" /><ent r="4" t="11" w="151" /><ent r="4" t="11" w="161" /><ent r="4" t="11" w="169" /><ent r="3" t="11" w="192" /><ent r="3" t="11" w="203" /><ent r="4" t="11" w="207" /><ent r="3" t="11" w="237" /><ent r="3" t="11" w="249" /><ent r="5" t="11" w="252" /><ent r="4" t="11" w="262" /><ent r="4" t="11" w="272" /><ent r="4" t="11" w="284" /><ent r="5" t="11" w="286" /><ent r="4" t="11" w="309" /><ent r="5" t="11" w="311" /><ent r="4" t="11" w="329" /><ent r="4" t="11" w="339" /><ent r="3" t="11" w="354" /><ent r="3" t="11" w="368" /><ent r="3" t="11" w="384" /><ent r="3" t="11" w="397" /><ent r="3" t="11" w="407" /><ent r="4" t="11" w="416" /><ent r="4" t="11" w="430" /><ent r="3" t="12" w="37" /><ent r="3" t="12" w="56" /><ent r="3" t="12" w="65" /><ent r="3" t="12" w="82" /><ent r="3" t="12" w="103" /><ent r="4" t="12" w="127" /><ent r="3" t="12" w="134" /><ent r="4" t="12" w="146" /><ent r="6" t="12" w="155" /><ent r="5" t="12" w="161" /><ent r="5" t="12" w="174" /><ent r="6" t="12" w="178" /><ent r="5" t="12" w="190" /><ent r="5" t="12" w="202" /><ent r="5" t="12" w="219" /><ent r="6" t="12" w="222" /><ent r="5" t="12" w="241" /><ent r="4" t="12" w="265" /><ent r="4" t="12" w="270" /><ent r="4" t="12" w="289" /><ent r="4" t="12" w="304" /><ent r="4" t="12" w="317" /><ent r="4" t="12" w="345" /><ent r="4" t="12" w="361" /><ent r="4" t="12" w="376" /><ent r="4" t="12" w="400" /><ent r="4" t="12" w="430" /><ent r="4" t="12" w="443" /><ent r="3" t="12" w="456" /><ent r="4" t="12" w="468" /><ent r="4" t="12" w="483" /><ent r="4" t="12" w="488" /><ent r="4" t="12" w="496" /><ent r="3" t="12" w="507" /><ent r="3" t="12" w="517" /><ent r="3" t="13" w="31" /><ent r="3" t="13" w="57" /><ent r="3" t="13" w="75" /><ent r="3" t="13" w="100" /><ent r="3" t="13" w="127" /><ent r="3" t="13" w="143" /><ent r="3" t="13" w="152" /><ent r="3" t="13" w="160" /><ent r="4" t="14" w="29" /><ent r="4" t="14" w="39" /><ent r="3" t="14" w="47" /><ent r="4" t="14" w="54" /><ent r="4" t="14" w="74" /><ent r="4" t="14" w="90" /><ent r="4" t="14" w="102" /><ent r="4" t="15" w="49" /><ent r="4" t="15" w="62" /><ent r="4" t="15" w="99" /><ent r="4" t="15" w="125" /><ent r="3" t="15" w="147" /><ent r="4" t="15" w="157" /><ent r="4" t="15" w="167" /><ent r="4" t="15" w="174" /><ent r="4" t="15" w="192" /><ent r="4" t="15" w="198" /><ent r="4" t="15" w="205" /><ent r="4" t="15" w="216" /><ent r="4" t="15" w="231" /><ent r="3" t="15" w="260" /><ent r="4" t="15" w="276" /><ent r="4" t="15" w="288" /><ent r="3" t="16" w="31" /><ent r="3" t="16" w="47" /><ent r="4" t="16" w="73" /><ent r="3" t="16" w="81" /><ent r="4" t="16" w="100" /><ent r="4" t="16" w="115" /><ent r="4" t="16" w="130" /><ent r="4" t="16" w="151" /><ent r="4" t="16" w="162" /><ent r="4" t="16" w="171" /><ent r="4" t="16" w="190" /><ent r="4" t="16" w="211" /><ent r="4" t="16" w="220" /><ent r="4" t="16" w="230" /><ent r="4" t="16" w="236" /><ent r="4" t="16" w="256" /><ent r="3" t="16" w="263" /><ent r="3" t="16" w="274" /><ent r="4" t="17" w="39" /><ent r="4" t="17" w="45" /><ent r="4" t="17" w="52" /><ent r="4" t="17" w="59" /><ent r="4" t="17" w="74" /><ent r="3" t="18" w="42" /><ent r="3" t="18" w="49" /><ent r="4" t="18" w="66" /><ent r="4" t="18" w="71" /><ent r="4" t="18" w="78" /><ent r="4" t="18" w="87" /><ent r="4" t="18" w="102" /><ent r="4" t="19" w="42" /><ent r="4" t="19" w="56" /><ent r="3" t="19" w="63" /><ent r="4" t="19" w="75" /><ent r="3" t="19" w="94" /><ent r="4" t="19" w="101" /><ent r="4" t="19" w="108" /><ent r="4" t="19" w="120" /><ent r="4" t="20" w="35" /><ent r="4" t="20" w="49" /><ent r="3" t="20" w="56" /><ent r="4" t="20" w="68" /><ent r="4" t="20" w="79" /><ent r="4" t="20" w="93" /><ent r="4" t="20" w="131" /><ent r="4" t="20" w="135" /><ent r="4" t="20" w="142" /><ent r="4" t="20" w="149" /><ent r="4" t="20" w="161" /><ent r="3" t="21" w="35" /><ent r="3" t="21" w="68" /><ent r="3" t="21" w="87" /><ent r="3" t="21" w="103" /><ent r="3" t="21" w="138" /><ent r="4" t="21" w="157" /><ent r="4" t="21" w="177" /><ent r="4" t="21" w="221" /><ent r="4" t="21" w="247" /><ent r="3" t="22" w="18" /><ent r="4" t="22" w="31" /><ent r="4" t="22" w="46" /><ent r="4" t="22" w="54" /><ent r="4" t="22" w="61" /><ent r="3" t="22" w="81" /><ent r="3" t="22" w="95" /><ent r="4" t="22" w="114" /><ent r="4" t="22" w="133" /><ent r="4" t="22" w="141" /><ent r="4" t="22" w="149" /><ent r="3" t="23" w="37" /><ent r="4" t="23" w="47" /><ent r="4" t="23" w="56" /><ent r="3" t="23" w="67" /><ent r="3" t="23" w="78" /><ent r="3" t="23" w="90" /><ent r="3" t="23" w="100" /><ent r="3" t="23" w="106" /><ent r="3" t="23" w="125" /><ent r="3" t="23" w="149" /><ent r="3" t="24" w="58" /><ent r="3" t="24" w="69" /><ent r="3" t="24" w="94" /><ent r="3" t="24" w="139" /><ent r="3" t="24" w="161" /><ent r="4" t="25" w="36" /><ent r="4" t="25" w="49" /><ent r="5" t="25" w="59" /><ent r="5" t="25" w="75" /><ent r="4" t="25" w="92" /><ent r="4" t="25" w="125" /><ent r="4" t="25" w="156" /><ent r="4" t="25" w="170" /><ent r="5" t="25" w="193" /><ent r="5" t="25" w="206" /><ent r="5" t="25" w="211" /><ent r="5" t="25" w="225" /><ent r="5" t="25" w="248" /><ent r="4" t="25" w="251" /><ent r="4" t="25" w="269" /><ent r="3" t="25" w="290" /><ent r="3" t="25" w="321" /><ent r="4" t="25" w="340" /><ent r="4" t="25" w="380" /><ent r="3" t="25" w="393" /><ent r="3" t="25" w="401" /><ent r="3" t="25" w="417" /><ent r="3" t="25" w="428" /><ent r="4" t="25" w="437" /><ent r="3" t="25" w="459" /><ent r="3" t="25" w="473" /><ent r="3" t="25" w="487" /><ent r="4" t="25" w="531" /><ent r="4" t="25" w="543" /><ent r="3" t="25" w="589" /><ent r="3" t="25" w="594" /><ent r="4" t="26" w="37" /><ent r="4" t="26" w="44" /><ent r="4" t="26" w="63" /><ent r="4" t="26" w="90" /><ent r="3" t="26" w="102" /><ent r="3" t="26" w="116" /><ent r="3" t="26" w="132" /><ent r="3" t="26" w="149" /><ent r="3" t="27" w="43" /><ent r="3" t="27" w="64" /><ent r="3" t="27" w="105" /><ent r="3" t="27" w="128" /><ent r="3" t="27" w="161" /><ent r="3" t="27" w="178" /><ent r="4" t="27" w="189" /><ent r="4" t="27" w="199" /><ent r="4" t="27" w="210" /><ent r="3" t="27" w="232" /><ent r="3" t="27" w="268" /><ent r="3" t="27" w="286" /><ent r="3" t="27" w="299" /><ent r="5" t="27" w="304" /><ent r="3" t="27" w="325" /><ent r="3" t="27" w="335" /><ent r="3" t="27" w="353" /><ent r="3" t="27" w="360" /><ent r="3" t="27" w="372" /><ent r="3" t="27" w="379" /><ent r="3" t="27" w="396" /><ent r="3" t="27" w="426" /><ent r="3" t="27" w="443" /><ent r="3" t="27" w="452" /><ent r="3" t="27" w="469" /><ent r="3" t="27" w="520" /><ent r="3" t="27" w="535" /><ent r="4" t="27" w="549" /><ent r="4" t="27" w="561" /><ent r="4" t="27" w="567" /><ent r="4" t="27" w="579" /><ent r="4" t="27" w="598" /><ent r="4" t="27" w="632" /><ent r="4" t="27" w="639" /><ent r="4" t="27" w="669" /><ent r="4" t="27" w="684" /><ent r="4" t="27" w="695" /><ent r="4" t="27" w="725" /><ent r="4" t="27" w="737" /><ent r="4" t="27" w="758" /><ent r="4" t="27" w="770" /><ent r="4" t="27" w="783" /><ent r="3" t="27" w="795" /><ent r="5" t="27" w="798" /><ent r="4" t="27" w="825" /><ent r="4" t="27" w="839" /><ent r="5" t="27" w="842" /><ent r="4" t="27" w="864" /><ent r="4" t="27" w="881" /><ent r="4" t="27" w="914" /><ent r="3" t="28" w="47" /><ent r="3" t="28" w="63" /><ent r="3" t="28" w="77" /><ent r="3" t="28" w="92" /><ent r="3" t="28" w="109" /><ent r="3" t="28" w="142" /><ent r="3" t="28" w="201" /><ent r="3" t="28" w="218" /><ent r="4" t="29" w="49" /><ent r="4" t="29" w="63" /><ent r="3" t="29" w="71" /><ent r="4" t="29" w="88" /><ent r="3" t="29" w="134" /><ent r="3" t="29" w="155" /><ent r="3" t="29" w="160" /><ent r="3" t="29" w="175" /><ent r="3" t="29" w="182" /><ent r="3" t="29" w="193" /><ent r="3" t="29" w="200" /><ent r="3" t="29" w="213" /><ent r="3" t="29" w="227" /><ent r="3" t="29" w="233" /><ent r="3" t="29" w="249" /><ent r="3" t="29" w="258" /><ent r="3" t="29" w="264" /><ent r="3" t="29" w="272" /><ent r="3" t="29" w="290" /><ent r="4" t="29" w="304" /><ent r="4" t="29" w="316" /><ent r="4" t="29" w="322" /><ent r="4" t="29" w="334" /><ent r="4" t="29" w="346" /><ent r="4" t="29" w="376" /><ent r="4" t="29" w="382" /><ent r="4" t="29" w="413" /><ent r="4" t="29" w="428" /><ent r="4" t="29" w="441" /><ent r="4" t="29" w="456" /><ent r="4" t="29" w="469" /><ent r="3" t="30" w="48" /><ent r="3" t="30" w="65" /><ent r="3" t="30" w="79" /><ent r="3" t="30" w="96" /><ent r="3" t="30" w="113" /><ent r="3" t="30" w="133" /><ent r="3" t="30" w="153" /><ent r="3" t="30" w="163" /><ent r="3" t="30" w="183" /><ent r="3" t="30" w="192" /><ent r="3" t="30" w="229" /><ent r="4" t="30" w="234" /><ent r="4" t="30" w="244" /><ent r="4" t="30" w="251" /><ent r="4" t="30" w="258" /><ent r="5" t="30" w="263" /><ent r="4" t="30" w="280" /><ent r="4" t="30" w="285" /><ent r="4" t="30" w="300" /><ent r="4" t="30" w="307" /><ent r="4" t="30" w="330" /><ent r="4" t="30" w="345" /><ent r="4" t="30" w="352" /><ent r="3" t="30" w="364" /><ent r="3" t="30" w="371" /><ent r="3" t="30" w="385" /><ent r="3" t="30" w="399" /><ent r="3" t="30" w="403" /><ent r="3" t="30" w="418" /><ent r="3" t="30" w="433" /><ent r="3" t="30" w="441" /><ent r="3" t="30" w="457" /><ent r="4" t="30" w="503" /><ent r="4" t="30" w="517" /><ent r="4" t="30" w="529" /><ent r="4" t="30" w="535" /><ent r="4" t="30" w="547" /><ent r="4" t="30" w="573" /><ent r="4" t="30" w="580" /><ent r="4" t="30" w="611" /><ent r="4" t="30" w="626" /><ent r="4" t="30" w="636" /><ent r="4" t="30" w="654" /><ent r="4" t="30" w="667" /><ent r="3" t="31" w="58" /><ent r="3" t="31" w="65" /><ent r="3" t="31" w="81" /><ent r="4" t="31" w="103" /><ent r="4" t="31" w="111" /><ent r="4" t="31" w="127" /><ent r="3" t="31" w="138" /><ent r="3" t="31" w="158" /><ent r="3" t="31" w="174" /><ent r="3" t="31" w="193" /><ent r="3" t="31" w="213" /><ent r="3" t="31" w="229" /><ent r="4" t="31" w="236" /><ent r="3" t="31" w="247" /><ent r="3" t="31" w="259" /><ent r="4" t="31" w="279" /><ent r="4" t="31" w="298" /><ent r="4" t="31" w="306" /><ent r="4" t="31" w="317" /><ent r="4" t="31" w="324" /><ent r="4" t="31" w="342" /><ent r="4" t="31" w="361" /><ent r="4" t="31" w="386" /><ent r="4" t="31" w="394" /><ent r="3" t="31" w="401" /><ent r="3" t="32" w="48" /><ent r="4" t="32" w="66" /><ent r="4" t="32" w="79" /><ent r="4" t="32" w="93" /><ent r="4" t="32" w="106" /><ent r="4" t="32" w="115" /><ent r="4" t="32" w="126" /><ent r="4" t="32" w="135" /><ent r="4" t="32" w="144" /><ent r="3" t="32" w="182" /><ent r="3" t="32" w="207" /><ent r="3" t="32" w="222" /><ent r="4" t="32" w="265" /><ent r="4" t="32" w="277" /><ent r="5" t="32" w="324" /><ent r="4" t="32" w="385" /><ent r="4" t="32" w="425" /><ent r="4" t="32" w="466" /><ent r="4" t="32" w="485" /><ent r="4" t="32" w="498" /><ent r="4" t="33" w="67" /><ent r="4" t="33" w="84" /><ent r="4" t="33" w="90" /><ent r="4" t="33" w="97" /><ent r="4" t="33" w="111" /><ent r="3" t="33" w="120" /><ent r="3" t="33" w="142" /><ent r="3" t="33" w="163" /><ent r="3" t="33" w="179" /><ent r="3" t="33" w="202" /><ent r="3" t="33" w="229" /><ent r="3" t="33" w="258" /><ent r="3" t="33" w="275" /><ent r="3" t="33" w="292" /><ent r="3" t="33" w="304" /><ent r="3" t="33" w="329" /><ent r="3" t="33" w="356" /><ent r="3" t="33" w="378" /><ent r="3" t="33" w="403" /><ent r="3" t="34" w="45" /><ent r="3" t="34" w="60" /><ent r="4" t="34" w="103" /><ent r="4" t="34" w="115" /><ent r="3" t="34" w="130" /><ent r="4" t="34" w="143" /><ent r="4" t="34" w="154" /><ent r="4" t="34" w="164" /><ent r="4" t="34" w="178" /><ent r="3" t="34" w="206" /><ent r="4" t="34" w="224" /><ent r="4" t="34" w="240" /><ent r="4" t="34" w="247" /><ent r="4" t="34" w="275" /><ent r="4" t="34" w="289" /><ent r="4" t="34" w="302" /><ent r="4" t="34" w="308" /><ent r="4" t="34" w="320" /><ent r="4" t="34" w="335" /><ent r="4" t="34" w="343" /><ent r="4" t="34" w="361" /><ent r="4" t="34" w="383" /><ent r="4" t="34" w="404" /><ent r="4" t="34" w="420" /><ent r="4" t="34" w="436" /><ent r="3" t="34" w="449" /><ent r="4" t="34" w="468" /><ent r="4" t="34" w="489" /><ent r="4" t="34" w="500" /><ent r="4" t="34" w="518" /><ent r="4" t="34" w="544" /><ent r="4" t="34" w="562" /><ent r="4" t="34" w="568" /><ent r="4" t="34" w="578" /><ent r="3" t="34" w="609" /><ent r="3" t="34" w="639" /><ent r="4" t="34" w="659" /><ent r="4" t="34" w="672" /><ent r="4" t="34" w="682" /><ent r="4" t="34" w="722" /><ent r="3" t="34" w="734" /><ent r="3" t="34" w="764" /><ent r="3" t="34" w="791" /><ent r="5" t="34" w="811" /><ent r="3" t="34" w="827" /><ent r="5" t="35" w="70" /><ent r="4" t="35" w="132" /><ent r="4" t="35" w="172" /><ent r="4" t="35" w="213" /><ent r="4" t="35" w="232" /><ent r="4" t="35" w="245" /><ent r="3" t="35" w="276" /><ent r="4" t="35" w="296" /><ent r="4" t="35" w="307" /><ent r="4" t="35" w="333" /><ent r="4" t="35" w="351" /><ent r="4" t="35" w="359" /><ent r="3" t="35" w="380" /><ent r="4" t="35" w="388" /><ent r="4" t="35" w="415" /><ent r="4" t="35" w="425" /><ent r="4" t="35" w="471" /><ent r="4" t="35" w="492" /><ent r="4" t="35" w="501" /><ent r="4" t="35" w="516" /><ent r="4" t="35" w="526" /><ent r="4" t="35" w="547" /><ent r="3" t="35" w="562" /><ent r="3" t="35" w="578" /><ent r="3" t="35" w="604" /><ent r="3" t="35" w="612" /><ent r="3" t="36" w="51" /><ent r="3" t="36" w="76" /><ent r="3" t="36" w="88" /><ent r="3" t="36" w="104" /><ent r="4" t="36" w="121" /><ent r="4" t="36" w="130" /><ent r="3" t="36" w="137" /><ent r="3" t="36" w="151" /><ent r="3" t="36" w="158" /><ent r="3" t="36" w="163" /><ent r="3" t="36" w="193" /><ent r="3" t="36" w="212" /><ent r="3" t="36" w="217" /><ent r="3" t="36" w="223" /><ent r="3" t="36" w="261" /><ent r="3" t="36" w="264" /><ent r="3" t="36" w="272" /><ent r="3" t="36" w="291" /><ent r="4" t="36" w="317" /><ent r="4" t="36" w="328" /><ent r="4" t="36" w="336" /><ent r="3" t="36" w="342" /><ent r="3" t="36" w="354" /><ent r="3" t="36" w="361" /><ent r="3" t="36" w="376" /><ent r="3" t="36" w="381" /><ent r="3" t="36" w="393" /><ent r="3" t="36" w="401" /><ent r="3" t="36" w="411" /><ent r="3" t="36" w="416" /><ent r="3" t="36" w="433" /><ent r="3" t="36" w="457" /><ent r="4" t="36" w="464" /><ent r="4" t="36" w="467" /><ent r="4" t="36" w="483" /><ent r="3" t="36" w="509" /><ent r="4" t="36" w="534" /><ent r="4" t="36" w="548" /><ent r="3" t="36" w="555" /><ent r="4" t="36" w="570" /><ent r="3" t="36" w="592" /><ent r="4" t="36" w="599" /><ent r="4" t="36" w="610" /><ent r="4" t="36" w="627" /><ent r="4" t="36" w="634" /><ent r="4" t="36" w="637" /><ent r="4" t="36" w="653" /><ent r="3" t="36" w="665" /><ent r="3" t="36" w="681" /><ent r="3" t="37" w="49" /><ent r="3" t="37" w="68" /><ent r="3" t="37" w="90" /><ent r="3" t="37" w="106" /><ent r="4" t="37" w="120" /><ent r="4" t="37" w="129" /><ent r="3" t="37" w="136" /><ent r="3" t="37" w="152" /><ent r="3" t="37" w="182" /><ent r="3" t="37" w="187" /><ent r="3" t="37" w="212" /><ent r="3" t="37" w="220" /><ent r="3" t="37" w="238" /><ent r="3" t="37" w="242" /><ent r="3" t="37" w="251" /><ent r="4" t="37" w="258" /><ent r="4" t="37" w="262" /><ent r="4" t="37" w="278" /><ent r="3" t="38" w="39" /><ent r="3" t="38" w="61" /><ent r="3" t="38" w="67" /><ent r="3" t="38" w="71" /><ent r="3" t="38" w="86" /><ent r="3" t="39" w="49" /><ent r="3" t="39" w="74" /><ent r="3" t="39" w="98" /><ent r="3" t="39" w="122" /><ent r="3" t="39" w="134" /><ent r="3" t="40" w="37" /><ent r="4" t="40" w="50" /><ent r="4" t="40" w="65" /><ent r="3" t="40" w="91" /><ent r="3" t="40" w="101" /><ent r="3" t="40" w="124" /><ent r="3" t="40" w="142" /><ent r="3" t="40" w="153" /><ent r="4" t="41" w="32" /><ent r="4" t="41" w="41" /><ent r="4" t="41" w="55" /><ent r="4" t="41" w="75" /><ent r="3" t="41" w="84" /><ent r="3" t="41" w="96" /><ent r="3" t="41" w="122" /><ent r="3" t="41" w="146" /><ent r="3" t="41" w="168" /><ent r="3" t="41" w="179" /><ent r="3" t="42" w="45" /><ent r="4" t="42" w="49" /><ent r="4" t="42" w="58" /><ent r="4" t="42" w="73" /><ent r="4" t="42" w="81" /><ent r="3" t="42" w="108" /><ent r="3" t="42" w="150" /><ent r="3" t="42" w="175" /><ent r="3" t="42" w="197" /><ent r="3" t="42" w="208" /><ent r="3" t="42" w="225" /><ent r="3" t="42" w="260" /><ent r="3" t="42" w="279" /><ent r="3" t="42" w="291" /><ent r="3" t="43" w="45" /><ent r="5" t="43" w="51" /><ent r="4" t="43" w="65" /><ent r="3" t="43" w="72" /><ent r="3" t="43" w="98" /><ent r="3" t="43" w="114" /><ent r="3" t="43" w="138" /><ent r="3" t="43" w="154" /><ent r="3" t="43" w="173" /><ent r="3" t="43" w="195" /><ent r="3" t="43" w="203" /><ent r="3" t="43" w="236" /><ent r="3" t="43" w="254" /><ent r="3" t="43" w="276" /><ent r="3" t="43" w="305" /><ent r="3" t="43" w="315" /><ent r="3" t="43" w="346" /><ent r="3" t="43" w="358" /><ent r="3" t="43" w="397" /><ent r="3" t="43" w="556" /><ent r="3" t="43" w="603" /><ent r="3" t="43" w="631" /><ent r="3" t="43" w="654" /><ent r="3" t="43" w="668" /><ent r="3" t="43" w="691" /><ent r="3" t="43" w="704" /><ent r="3" t="44" w="33" /><ent r="3" t="44" w="54" /><ent r="3" t="44" w="77" /><ent r="3" t="44" w="86" /><ent r="3" t="44" w="113" /><ent r="3" t="44" w="150" /><ent r="3" t="44" w="168" /><ent r="3" t="44" w="187" /><ent r="4" t="44" w="217" /><ent r="3" t="44" w="247" /><ent r="4" t="44" w="253" /><ent r="4" t="44" w="266" /><ent r="3" t="44" w="303" /><ent r="3" t="44" w="327" /><ent r="4" t="44" w="340" /><ent r="4" t="44" w="352" /><ent r="4" t="44" w="357" /><ent r="3" t="44" w="386" /><ent r="3" t="44" w="396" /><ent r="3" t="44" w="408" /><ent r="3" t="44" w="424" /><ent r="3" t="44" w="435" /><ent r="3" t="44" w="454" /><ent r="3" t="44" w="468" /><ent r="3" t="44" w="500" /><ent r="3" t="44" w="517" /><ent r="4" t="44" w="534" /><ent r="3" t="44" w="541" /><ent r="4" t="44" w="553" /><ent r="3" t="44" w="571" /><ent r="3" t="44" w="590" /><ent r="4" t="44" w="595" /><ent r="3" t="45" w="36" /><ent r="3" t="45" w="60" /><ent r="3" t="45" w="71" /><ent r="3" t="45" w="93" /><ent r="3" t="45" w="110" /><ent r="3" t="45" w="116" /><ent r="3" t="45" w="130" /><ent r="3" t="45" w="140" /><ent r="4" t="45" w="171" /><ent r="3" t="45" w="180" /><ent r="3" t="45" w="192" /><ent r="3" t="45" w="225" /><ent r="4" t="45" w="232" /><ent r="4" t="45" w="245" /><ent r="3" t="45" w="295" /><ent r="4" t="45" w="324" /><ent r="4" t="45" w="335" /><ent r="4" t="45" w="352" /><ent r="4" t="45" w="358" /><ent r="4" t="45" w="383" /><ent r="4" t="45" w="407" /><ent r="3" t="45" w="436" /><ent r="3" t="45" w="446" /><ent r="3" t="45" w="458" /><ent r="3" t="45" w="474" /><ent r="3" t="45" w="485" /><ent r="3" t="45" w="504" /><ent r="3" t="45" w="520" /><ent r="4" t="46" w="29" /><ent r="3" t="46" w="52" /><ent r="4" t="46" w="66" /><ent r="3" t="46" w="88" /><ent r="3" t="46" w="105" /><ent r="4" t="46" w="123" /><ent r="3" t="47" w="19" /><ent r="3" t="47" w="56" /><ent r="3" t="47" w="91" /><ent r="3" t="47" w="103" /><ent r="3" t="48" w="33" /><ent r="4" t="48" w="57" /><ent r="3" t="48" w="86" /><ent r="3" t="48" w="97" /><ent r="4" t="48" w="110" /><ent r="3" t="49" w="15" /><ent r="3" t="49" w="23" /><ent r="3" t="49" w="59" /><ent r="4" t="50" w="44" /><ent r="3" t="52" w="30" /><ent r="3" t="52" w="55" /><ent r="3" t="52" w="78" /><ent r="3" t="52" w="103" /><ent r="3" t="52" w="120" /><ent r="3" t="52" w="142" /><ent r="3" t="52" w="178" /><ent r="3" t="52" w="257" /><ent r="3" t="52" w="357" /><ent r="3" t="52" w="374" /><ent r="4" t="53" w="32" /><ent r="4" t="53" w="35" /><ent r="3" t="54" w="34" /><ent r="3" t="54" w="67" /><ent r="3" t="54" w="90" /><ent r="3" t="54" w="118" /><ent r="3" t="54" w="144" /><ent r="3" t="54" w="164" /><ent r="3" t="54" w="183" /><ent r="3" t="54" w="278" /><ent r="3" t="54" w="305" /><ent r="3" t="54" w="338" /><ent r="3" t="54" w="362" /><ent r="3" t="54" w="377" /><ent r="3" t="54" w="420" /><ent r="4" t="55" w="47" /><ent r="4" t="55" w="49" /><ent r="4" t="55" w="78" /><ent r="3" t="56" w="27" /><ent r="3" t="56" w="37" /><ent r="3" t="56" w="62" /><ent r="3" t="56" w="68" /><ent r="3" t="56" w="88" /><ent r="3" t="56" w="118" /><ent r="3" t="57" w="35" /><ent r="3" t="57" w="211" /><ent r="3" t="57" w="223" /><ent r="3" t="57" w="239" /><ent r="3" t="57" w="261" /><ent r="3" t="57" w="277" /><ent r="3" t="57" w="290" /><ent r="3" t="57" w="311" /><ent r="3" t="57" w="345" /><ent r="3" t="57" w="358" /><ent r="3" t="57" w="373" /><ent r="4" t="58" w="6" /><ent r="4" t="58" w="49" /><ent r="4" t="58" w="51" /><ent r="4" t="58" w="55" /><ent r="4" t="58" w="77" /><ent r="4" t="58" w="80" /></phr></stem></index>