﻿<?xml version="1.0" encoding="utf-8"?><index><stem n="cube"><phr n="cube"><ent r="3" t="7" w="315" /><ent r="3" t="7" w="335" /><ent r="4" t="7" w="409" /><ent r="3" t="7" w="417" /><ent r="3" t="11" w="33" /><ent r="4" t="11" w="150" /><ent r="3" t="11" w="182" /><ent r="3" t="13" w="103" /><ent r="3" t="13" w="126" /><ent r="3" t="28" w="38" /><ent r="3" t="28" w="52" /><ent r="4" t="30" w="55" /><ent r="4" t="30" w="413" /><ent r="4" t="30" w="419" /><ent r="4" t="31" w="188" /><ent r="3" t="31" w="214" /><ent r="3" t="31" w="248" /><ent r="3" t="31" w="285" /><ent r="4" t="31" w="654" /><ent r="4" t="31" w="660" /><ent r="3" t="32" w="39" /><ent r="3" t="32" w="53" /><ent r="4" t="32" w="233" /><ent r="4" t="32" w="595" /><ent r="4" t="32" w="601" /><ent r="3" t="59" w="100" /><ent r="3" t="59" w="361" /></phr><phr n="cubes"><ent r="3" t="57" w="119" /></phr></stem><stem n="structur"><phr n="structure"><ent r="3" t="7" w="321" /><ent r="3" t="8" w="276" /><ent r="3" t="21" w="34" /><ent r="4" t="35" w="70" /></phr></stem><stem n="will"><phr n="will"><ent r="3" t="7" w="327" /><ent r="3" t="8" w="282" /><ent r="3" t="11" w="347" /><ent r="3" t="11" w="359" /><ent r="3" t="11" w="398" /><ent r="4" t="12" w="301" /><ent r="4" t="12" w="314" /><ent r="4" t="12" w="334" /><ent r="3" t="12" w="453" /><ent r="3" t="25" w="287" /><ent r="3" t="25" w="313" /><ent r="3" t="25" w="385" /><ent r="3" t="25" w="397" /><ent r="3" t="25" w="447" /><ent r="3" t="25" w="470" /><ent r="3" t="25" w="475" /><ent r="3" t="25" w="499" /><ent r="4" t="25" w="525" /><ent r="4" t="26" w="71" /><ent r="4" t="26" w="83" /><ent r="3" t="26" w="94" /><ent r="3" t="26" w="107" /><ent r="3" t="26" w="126" /><ent r="3" t="29" w="44" /><ent r="3" t="29" w="61" /><ent r="4" t="30" w="460" /><ent r="4" t="30" w="466" /><ent r="3" t="31" w="241" /><ent r="3" t="31" w="413" /><ent r="3" t="31" w="444" /><ent r="3" t="31" w="457" /><ent r="4" t="31" w="740" /><ent r="4" t="31" w="749" /><ent r="4" t="32" w="638" /><ent r="4" t="32" w="646" /><ent r="3" t="35" w="159" /><ent r="3" t="35" w="266" /><ent r="3" t="35" w="294" /><ent r="4" t="36" w="524" /><ent r="4" t="36" w="541" /><ent r="4" t="36" w="663" /><ent r="4" t="36" w="694" /><ent r="3" t="37" w="377" /><ent r="4" t="37" w="472" /><ent r="4" t="37" w="485" /><ent r="4" t="40" w="74" /><ent r="3" t="40" w="153" /><ent r="3" t="40" w="468" /><ent r="3" t="42" w="60" /><ent r="3" t="43" w="98" /><ent r="3" t="43" w="111" /><ent r="3" t="43" w="128" /><ent r="3" t="44" w="154" /><ent r="3" t="45" w="159" /><ent r="3" t="45" w="170" /><ent r="3" t="45" w="222" /><ent r="3" t="46" w="653" /><ent r="3" t="46" w="730" /><ent r="4" t="47" w="320" /><ent r="4" t="47" w="351" /><ent r="4" t="47" w="389" /><ent r="3" t="47" w="454" /><ent r="3" t="47" w="485" /><ent r="3" t="47" w="521" /><ent r="3" t="47" w="533" /><ent r="3" t="47" w="558" /><ent r="3" t="51" w="96" /><ent r="3" t="52" w="67" /><ent r="3" t="52" w="86" /><ent r="3" t="53" w="30" /><ent r="3" t="54" w="13" /><ent r="3" t="61" w="47" /><ent r="3" t="61" w="78" /><ent r="3" t="61" w="98" /></phr></stem><stem n="ani"><phr n="any"><ent r="3" t="7" w="330" /><ent r="3" t="8" w="285" /><ent r="3" t="13" w="65" /><ent r="3" t="24" w="174" /><ent r="3" t="35" w="300" /><ent r="4" t="37" w="382" /><ent r="4" t="43" w="54" /><ent r="3" t="49" w="438" /><ent r="3" t="50" w="488" /></phr><phr n="Any"><ent r="3" t="47" w="473" /></phr></stem><stem n="main"><phr n="main"><ent r="4" t="7" w="347" /><ent r="4" t="8" w="301" /><ent r="4" t="35" w="52" /><ent r="3" t="57" w="93" /></phr></stem><stem n="applic"><phr n="application"><ent r="4" t="7" w="348" /><ent r="4" t="8" w="302" /><ent r="4" t="35" w="53" /></phr><phr n="Application"><ent r="4" t="40" w="100" /></phr></stem><stem n="hdr"><phr n="hdr"><ent r="4" t="7" w="392" /><ent r="4" t="8" w="343" /><ent r="4" t="15" w="76" /><ent r="4" t="21" w="193" /></phr></stem><stem n="*.hdr,"><phr n="*.hdr,"><ent r="4" t="7" w="393" /></phr></stem><stem n="htm"><phr n="htm"><ent r="4" t="7" w="393" /></phr></stem><stem n="htm.fst"><phr n="htm.fst"><ent r="4" t="7" w="394" /><ent r="4" t="7" w="393" /></phr></stem><stem n="fst"><phr n="fst"><ent r="4" t="7" w="394" /><ent r="4" t="7" w="396" /><ent r="4" t="7" w="399" /></phr></stem><stem n="htm.fst,"><phr n="htm.fst,"><ent r="4" t="7" w="394" /><ent r="4" t="7" w="393" /></phr></stem><stem n="*htm.fst,"><phr n="*htm.fst,"><ent r="4" t="7" w="395" /></phr></stem><stem n="hrf"><phr n="hrf"><ent r="4" t="7" w="395" /></phr></stem><stem n="hrf.fst"><phr n="hrf.fst"><ent r="4" t="7" w="396" /><ent r="4" t="7" w="395" /></phr></stem><stem n="hrf.fst,"><phr n="hrf.fst,"><ent r="4" t="7" w="396" /><ent r="4" t="7" w="395" /></phr></stem><stem n="*hrf.fst,"><phr n="*hrf.fst,"><ent r="4" t="7" w="397" /></phr></stem><stem n="hpn"><phr n="hpn"><ent r="4" t="7" w="398" /></phr></stem><stem n="hpn.fst"><phr n="hpn.fst"><ent r="4" t="7" w="399" /><ent r="4" t="7" w="398" /></phr></stem><stem n="hpn.fst."><phr n="hpn.fst."><ent r="4" t="7" w="399" /><ent r="4" t="7" w="398" /></phr></stem><stem n="*.hpn.fst."><phr n="*.hpn.fst."><ent r="4" t="7" w="400" /></phr></stem><stem n="refer"><phr n="References"><ent r="64" t="7" w="423" /><ent r="64" t="11" w="438" /><ent r="64" t="31" w="922" /><ent r="64" t="59" w="421" /><ent r="1000" t="60" w="2" /><ent r="1000" t="63" w="2" /></phr><phr n="Reference"><ent r="64" t="8" w="370" /><ent r="3" t="62" w="290" /></phr><phr n="reference"><ent r="3" t="12" w="80" /><ent r="3" t="12" w="95" /><ent r="3" t="59" w="341" /><ent r="3" t="59" w="398" /><ent r="3" t="62" w="283" /><ent r="3" t="62" w="320" /></phr></stem><stem n="(tm)"><phr n="(TM)"><ent r="3" t="8" w="25" /></phr></stem><stem n="scan"><phr n="scanning"><ent r="3" t="8" w="39" /></phr></stem><stem n="servic"><phr n="service"><ent r="3" t="8" w="45" /></phr></stem><stem n="sinc"><phr n="since"><ent r="3" t="8" w="46" /><ent r="3" t="25" w="411" /><ent r="3" t="59" w="124" /></phr><phr n="Since"><ent r="3" t="24" w="140" /><ent r="4" t="25" w="92" /></phr></stem><stem n="1984"><phr n="1984"><ent r="3" t="8" w="47" /></phr></stem><stem n="-dai"><phr n="-day"><ent r="3" t="8" w="51" /><ent r="3" t="8" w="51" /></phr></stem><stem n="16"><phr n="16"><ent r="3" t="8" w="51" /></phr></stem><stem n="16-dai"><phr n="16-day"><ent r="3" t="8" w="51" /></phr></stem><stem n="dai"><phr n="day"><ent r="3" t="8" w="52" /></phr></stem><stem n="repeat"><phr n="repeat"><ent r="3" t="8" w="53" /></phr><phr n="Repeat"><ent r="4" t="16" w="162" /></phr></stem><stem n="cycl"><phr n="cycle"><ent r="3" t="8" w="54" /></phr></stem><stem n="seven"><phr n="seven"><ent r="3" t="8" w="61" /></phr></stem><stem n="meter"><phr n="meters"><ent r="3" t="8" w="70" /><ent r="3" t="8" w="81" /></phr></stem><stem n="(the"><phr n="(the"><ent r="3" t="8" w="71" /><ent r="3" t="46" w="694" /></phr></stem><stem n="resampl"><phr n="resampled"><ent r="3" t="8" w="78" /><ent r="3" t="46" w="244" /><ent r="3" t="47" w="43" /><ent r="4" t="47" w="104" /><ent r="3" t="47" w="452" /><ent r="3" t="47" w="468" /><ent r="3" t="47" w="488" /><ent r="3" t="47" w="505" /><ent r="3" t="47" w="539" /><ent r="3" t="47" w="563" /><ent r="3" t="47" w="581" /><ent r="4" t="47" w="609" /><ent r="4" t="47" w="626" /><ent r="3" t="47" w="675" /></phr><phr n="Resample"><ent r="82" t="46" w="204" /><ent r="4" t="46" w="270" /><ent r="4" t="46" w="308" /></phr><phr n="resamples"><ent r="3" t="46" w="212" /></phr><phr n="resampling"><ent r="3" t="46" w="258" /><ent r="4" t="48" w="47" /></phr><phr n="Resampler"><ent r="1000" t="47" w="2" /><ent r="102" t="47" w="5" /><ent r="100" t="47" w="8" /><ent r="100" t="47" w="10" /><ent r="3" t="47" w="14" /><ent r="4" t="47" w="66" /><ent r="5" t="47" w="89" /><ent r="3" t="47" w="94" /><ent r="5" t="47" w="288" /><ent r="4" t="47" w="309" /><ent r="64" t="47" w="421" /><ent r="1000" t="48" w="1" /><ent r="102" t="48" w="4" /><ent r="100" t="48" w="7" /><ent r="100" t="48" w="11" /><ent r="4" t="48" w="16" /><ent r="5" t="48" w="36" /><ent r="64" t="48" w="70" /></phr><phr n="resample"><ent r="3" t="47" w="21" /><ent r="4" t="47" w="407" /><ent r="3" t="47" w="433" /></phr><phr n="Resampled"><ent r="92" t="47" w="603" /></phr><phr n="Resampling"><ent r="4" t="48" w="56" /></phr></stem><stem n="60-0"><phr n="60-0"><ent r="6" t="8" w="173" /></phr></stem><stem n=".60-0.69"><phr n=".60-0.69"><ent r="6" t="8" w="175" /></phr></stem><stem n="0.60-0.69"><phr n="0.60-0.69"><ent r="6" t="8" w="175" /><ent r="6" t="8" w="172" /></phr></stem><stem n="*.hdr"><phr n="*.hdr"><ent r="4" t="8" w="343" /></phr></stem><stem n="h"><phr n="h"><ent r="4" t="8" w="345" /></phr><phr n="H"><ent r="4" t="60" w="26" /></phr></stem><stem n="dat"><phr n="dat"><ent r="4" t="8" w="346" /><ent r="4" t="15" w="74" /><ent r="4" t="21" w="191" /></phr></stem><stem n="*.dat."><phr n="*.dat."><ent r="4" t="8" w="347" /></phr></stem><stem n="read"><phr n="reads"><ent r="3" t="9" w="15" /></phr><phr n="read"><ent r="3" t="13" w="72" /><ent r="3" t="25" w="449" /><ent r="4" t="26" w="73" /><ent r="3" t="54" w="46" /></phr></stem><stem n="(creat"><phr n="(created"><ent r="3" t="9" w="20" /></phr></stem><stem n="creat"><phr n="created"><ent r="3" t="9" w="20" /><ent r="3" t="11" w="175" /><ent r="3" t="12" w="455" /><ent r="4" t="31" w="812" /><ent r="3" t="35" w="291" /><ent r="4" t="37" w="522" /><ent r="3" t="43" w="100" /><ent r="3" t="45" w="161" /><ent r="3" t="47" w="456" /><ent r="3" t="57" w="72" /><ent r="3" t="57" w="82" /></phr><phr n="create"><ent r="4" t="11" w="273" /><ent r="3" t="13" w="22" /><ent r="100" t="14" w="10" /><ent r="64" t="16" w="42" /><ent r="3" t="23" w="139" /><ent r="3" t="25" w="299" /><ent r="3" t="30" w="28" /><ent r="3" t="30" w="112" /><ent r="3" t="31" w="486" /><ent r="3" t="32" w="220" /><ent r="4" t="32" w="474" /><ent r="3" t="33" w="35" /><ent r="3" t="36" w="120" /><ent r="3" t="40" w="250" /></phr><phr n="Create"><ent r="65" t="13" w="167" /><ent r="1000" t="14" w="1" /><ent r="102" t="14" w="14" /><ent r="4" t="14" w="56" /><ent r="64" t="15" w="292" /><ent r="64" t="16" w="283" /><ent r="64" t="17" w="90" /><ent r="64" t="20" w="174" /><ent r="5" t="33" w="107" /><ent r="4" t="33" w="114" /><ent r="4" t="36" w="144" /><ent r="4" t="37" w="297" /><ent r="5" t="37" w="465" /><ent r="4" t="38" w="527" /><ent r="4" t="44" w="29" /><ent r="4" t="45" w="46" /><ent r="3" t="50" w="173" /></phr><phr n="creating"><ent r="3" t="21" w="74" /></phr><phr n="Creating"><ent r="92" t="33" w="82" /></phr></stem><stem n="sig"><phr n="sig"><ent r="3" t="9" w="30" /><ent r="3" t="9" w="87" /><ent r="5" t="9" w="166" /><ent r="3" t="9" w="184" /><ent r="3" t="49" w="43" /><ent r="3" t="49" w="148" /><ent r="3" t="49" w="287" /><ent r="3" t="49" w="575" /></phr></stem><stem n=".sig,"><phr n=".sig,"><ent r="3" t="9" w="31" /><ent r="3" t="9" w="185" /></phr></stem><stem n="elm"><phr n="elm"><ent r="3" t="9" w="31" /><ent r="3" t="9" w="88" /><ent r="5" t="9" w="167" /><ent r="3" t="9" w="185" /></phr><phr n="ELM"><ent r="1000" t="11" w="4" /><ent r="102" t="11" w="10" /><ent r="100" t="11" w="13" /><ent r="65" t="11" w="20" /><ent r="3" t="11" w="39" /><ent r="3" t="11" w="71" /><ent r="3" t="11" w="87" /><ent r="3" t="11" w="145" /><ent r="5" t="11" w="167" /><ent r="3" t="11" w="171" /><ent r="4" t="11" w="332" /><ent r="3" t="11" w="341" /><ent r="4" t="11" w="409" /><ent r="64" t="11" w="434" /><ent r="65" t="31" w="262" /><ent r="64" t="32" w="168" /><ent r="1000" t="62" w="1" /><ent r="102" t="62" w="5" /><ent r="64" t="62" w="9" /><ent r="65" t="62" w="36" /><ent r="3" t="62" w="278" /><ent r="1000" t="63" w="1" /></phr></stem><stem n=".elm,"><phr n=".elm,"><ent r="3" t="9" w="32" /><ent r="3" t="9" w="186" /></phr></stem><stem n="(*.sig"><phr n="(*.sig"><ent r="3" t="9" w="87" /><ent r="5" t="9" w="166" /><ent r="3" t="49" w="287" /></phr></stem><stem n="*.elm"><phr n="*.elm"><ent r="3" t="9" w="88" /><ent r="5" t="9" w="167" /></phr></stem><stem n="*.txt)"><phr n="*.txt)"><ent r="3" t="9" w="90" /><ent r="5" t="9" w="169" /></phr></stem><stem n="’"><phr n="’"><ent r="3" t="10" w="35" /><ent r="3" t="50" w="34" /></phr></stem><stem n="slb"><phr n="slb"><ent r="3" t="10" w="41" /><ent r="3" t="10" w="144" /><ent r="5" t="10" w="223" /><ent r="3" t="10" w="240" /><ent r="4" t="15" w="136" /><ent r="4" t="21" w="260" /><ent r="3" t="50" w="40" /><ent r="3" t="50" w="258" /><ent r="3" t="50" w="277" /><ent r="3" t="50" w="311" /></phr></stem><stem n="(*.slb)"><phr n="(*.slb)"><ent r="3" t="10" w="42" /><ent r="3" t="10" w="145" /><ent r="5" t="10" w="224" /><ent r="3" t="50" w="41" /><ent r="3" t="50" w="259" /></phr></stem><stem n="insid"><phr n="inside"><ent r="3" t="10" w="85" /><ent r="3" t="33" w="145" /></phr></stem><stem n=".slb"><phr n=".slb"><ent r="3" t="10" w="240" /></phr></stem><stem n="empir"><phr n="Empirical"><ent r="1000" t="11" w="1" /><ent r="102" t="11" w="7" /><ent r="3" t="11" w="16" /><ent r="5" t="11" w="22" /><ent r="3" t="11" w="209" /><ent r="64" t="31" w="83" /><ent r="5" t="31" w="264" /><ent r="5" t="62" w="38" /><ent r="3" t="62" w="164" /></phr><phr n="empirical"><ent r="4" t="63" w="58" /></phr></stem><stem n="line"><phr n="Line"><ent r="1000" t="11" w="2" /><ent r="102" t="11" w="8" /><ent r="3" t="11" w="17" /><ent r="5" t="11" w="23" /><ent r="3" t="11" w="210" /><ent r="64" t="31" w="84" /><ent r="5" t="31" w="265" /><ent r="5" t="62" w="39" /><ent r="3" t="62" w="165" /></phr><phr n="line"><ent r="4" t="22" w="118" /><ent r="4" t="22" w="126" /><ent r="3" t="23" w="74" /><ent r="3" t="23" w="81" /><ent r="3" t="23" w="97" /><ent r="4" t="63" w="59" /></phr></stem><stem n="method"><phr n="Method"><ent r="1000" t="11" w="3" /><ent r="102" t="11" w="9" /><ent r="3" t="11" w="18" /><ent r="5" t="11" w="24" /><ent r="3" t="11" w="211" /><ent r="64" t="31" w="85" /><ent r="5" t="31" w="266" /><ent r="4" t="38" w="331" /><ent r="4" t="48" w="57" /><ent r="5" t="62" w="40" /></phr><phr n="method"><ent r="3" t="11" w="119" /><ent r="4" t="12" w="145" /><ent r="4" t="12" w="151" /><ent r="4" t="25" w="55" /><ent r="5" t="25" w="68" /><ent r="4" t="25" w="126" /><ent r="3" t="25" w="480" /><ent r="3" t="25" w="490" /><ent r="3" t="49" w="22" /><ent r="3" t="59" w="21" /><ent r="3" t="59" w="119" /><ent r="4" t="63" w="60" /></phr></stem><stem n="(elm)"><phr n="(ELM)"><ent r="1000" t="11" w="5" /><ent r="102" t="11" w="11" /></phr></stem><stem n="calibr"><phr n="Calibration"><ent r="1000" t="11" w="5" /><ent r="102" t="11" w="11" /><ent r="3" t="62" w="166" /></phr><phr n="calibration"><ent r="3" t="11" w="95" /><ent r="3" t="11" w="223" /><ent r="3" t="11" w="244" /><ent r="4" t="11" w="299" /><ent r="4" t="11" w="327" /></phr></stem><stem n="convert"><phr n="convert"><ent r="3" t="11" w="30" /><ent r="3" t="11" w="77" /><ent r="3" t="62" w="335" /></phr><phr n="converting"><ent r="3" t="24" w="113" /></phr><phr n="Convert"><ent r="4" t="29" w="109" /><ent r="5" t="29" w="135" /></phr><phr n="converted"><ent r="3" t="31" w="257" /><ent r="3" t="62" w="364" /></phr></stem><stem n="absolut"><phr n="absolute"><ent r="3" t="11" w="35" /></phr></stem><stem n="perform"><phr n="performs"><ent r="3" t="11" w="40" /></phr><phr n="perform"><ent r="3" t="11" w="144" /><ent r="3" t="21" w="94" /><ent r="4" t="25" w="13" /><ent r="4" t="26" w="14" /><ent r="3" t="31" w="33" /><ent r="3" t="31" w="180" /><ent r="3" t="57" w="113" /></phr><phr n="performed"><ent r="3" t="11" w="240" /><ent r="3" t="25" w="289" /></phr><phr n="performing"><ent r="3" t="24" w="109" /><ent r="3" t="24" w="120" /></phr><phr n="Perform"><ent r="92" t="32" w="194" /></phr></stem><stem n="linear"><phr n="linear"><ent r="3" t="11" w="42" /><ent r="3" t="57" w="110" /><ent r="3" t="62" w="323" /></phr></stem><stem n="regress"><phr n="regression"><ent r="3" t="11" w="43" /><ent r="3" t="62" w="324" /></phr><phr n="regressed"><ent r="3" t="62" w="232" /></phr></stem><stem n="calcul"><phr n="calculation"><ent r="3" t="11" w="44" /><ent r="4" t="12" w="144" /><ent r="4" t="12" w="263" /><ent r="4" t="12" w="333" /><ent r="4" t="12" w="473" /><ent r="4" t="51" w="112" /><ent r="3" t="52" w="98" /><ent r="3" t="54" w="54" /><ent r="3" t="59" w="166" /></phr><phr n="Calculate"><ent r="4" t="11" w="196" /><ent r="92" t="22" w="96" /><ent r="5" t="22" w="146" /><ent r="6" t="25" w="57" /><ent r="5" t="25" w="62" /><ent r="5" t="29" w="192" /><ent r="4" t="38" w="377" /><ent r="4" t="38" w="394" /></phr><phr n="calculates"><ent r="3" t="12" w="67" /><ent r="3" t="28" w="120" /><ent r="3" t="38" w="52" /><ent r="3" t="38" w="274" /><ent r="3" t="59" w="57" /></phr><phr n="calculated"><ent r="3" t="12" w="85" /><ent r="4" t="12" w="425" /><ent r="3" t="25" w="466" /></phr><phr n="Calculation"><ent r="5" t="12" w="139" /><ent r="4" t="38" w="330" /></phr><phr n="calculating"><ent r="5" t="12" w="232" /><ent r="4" t="12" w="282" /><ent r="3" t="29" w="82" /></phr><phr n="calculations"><ent r="3" t="29" w="51" /></phr><phr n="calculate"><ent r="4" t="29" w="186" /><ent r="4" t="31" w="721" /><ent r="4" t="38" w="611" /><ent r="3" t="62" w="328" /></phr></stem><stem n="basi"><phr n="basis"><ent r="3" t="11" w="50" /><ent r="3" t="62" w="257" /></phr></stem><stem n="known"><phr n="known"><ent r="3" t="11" w="53" /><ent r="3" t="11" w="98" /><ent r="3" t="11" w="110" /><ent r="3" t="11" w="116" /><ent r="3" t="11" w="222" /><ent r="3" t="11" w="243" /><ent r="4" t="11" w="296" /><ent r="3" t="12" w="52" /><ent r="3" t="28" w="82" /><ent r="3" t="32" w="84" /><ent r="3" t="49" w="139" /><ent r="3" t="59" w="29" /><ent r="3" t="62" w="298" /></phr></stem><stem n="'s"><phr n="'s"><ent r="3" t="11" w="59" /><ent r="3" t="12" w="34" /><ent r="4" t="15" w="226" /><ent r="3" t="15" w="237" /><ent r="4" t="16" w="64" /><ent r="4" t="18" w="69" /><ent r="3" t="38" w="71" /><ent r="4" t="38" w="469" /><ent r="4" t="38" w="639" /><ent r="3" t="39" w="63" /><ent r="4" t="39" w="264" /><ent r="3" t="57" w="23" /><ent r="3" t="57" w="268" /><ent r="3" t="57" w="296" /><ent r="3" t="59" w="111" /><ent r="3" t="61" w="8" /></phr></stem><stem n="sensor'"><phr n="sensor's"><ent r="3" t="11" w="59" /><ent r="3" t="11" w="58" /></phr></stem><stem n="sourc"><phr n="source"><ent r="3" t="11" w="65" /><ent r="4" t="47" w="295" /><ent r="4" t="47" w="358" /><ent r="4" t="47" w="373" /><ent r="3" t="47" w="449" /><ent r="3" t="47" w="484" /><ent r="3" t="47" w="515" /><ent r="3" t="47" w="670" /></phr><phr n="Source"><ent r="4" t="51" w="27" /></phr></stem><stem n="atmospher"><phr n="atmospheric"><ent r="3" t="11" w="67" /><ent r="3" t="24" w="184" /><ent r="3" t="62" w="139" /><ent r="3" t="62" w="151" /><ent r="3" t="62" w="259" /><ent r="3" t="62" w="355" /><ent r="4" t="63" w="63" /></phr><phr n="atmospherically"><ent r="3" t="31" w="74" /><ent r="3" t="31" w="113" /><ent r="3" t="31" w="139" /><ent r="3" t="31" w="166" /><ent r="3" t="32" w="127" /><ent r="3" t="32" w="148" /></phr><phr n="Atmospheric"><ent r="3" t="32" w="163" /></phr></stem><stem n="distort"><phr n="distortion"><ent r="3" t="11" w="68" /></phr></stem><stem n="effect"><phr n="effects"><ent r="3" t="11" w="69" /><ent r="3" t="59" w="337" /></phr><phr n="effective"><ent r="3" t="12" w="40" /></phr></stem><stem n="altern"><phr n="alternative"><ent r="3" t="11" w="74" /></phr><phr n="alternate"><ent r="3" t="40" w="188" /></phr></stem><stem n="solut"><phr n="solution"><ent r="3" t="11" w="75" /></phr></stem><stem n="hyperspectr"><phr n="hyperspectral"><ent r="3" t="11" w="84" /><ent r="3" t="31" w="69" /><ent r="3" t="31" w="115" /><ent r="3" t="38" w="36" /><ent r="3" t="39" w="33" /><ent r="4" t="40" w="73" /><ent r="3" t="57" w="117" /><ent r="3" t="59" w="324" /><ent r="4" t="63" w="32" /></phr><phr n="Hyperspectral"><ent r="4" t="60" w="74" /></phr></stem><stem n="process"><phr n="processing"><ent r="3" t="11" w="85" /><ent r="3" t="12" w="25" /><ent r="4" t="12" w="394" /><ent r="3" t="31" w="112" /><ent r="3" t="31" w="229" /><ent r="4" t="36" w="681" /><ent r="3" t="36" w="735" /><ent r="4" t="63" w="26" /></phr><phr n="processed"><ent r="4" t="12" w="303" /><ent r="4" t="12" w="316" /></phr><phr n="Processing"><ent r="5" t="12" w="389" /><ent r="4" t="60" w="31" /><ent r="5" t="63" w="12" /></phr><phr n="process"><ent r="3" t="31" w="240" /><ent r="4" t="36" w="153" /><ent r="4" t="36" w="458" /></phr></stem><stem n="requir"><phr n="requires"><ent r="3" t="11" w="88" /><ent r="3" t="29" w="15" /><ent r="3" t="62" w="279" /></phr></stem><stem n="ground"><phr n="ground"><ent r="3" t="11" w="89" /><ent r="3" t="11" w="99" /><ent r="3" t="11" w="127" /><ent r="3" t="12" w="46" /><ent r="3" t="57" w="331" /><ent r="3" t="62" w="222" /></phr></stem><stem n="truth"><phr n="truth"><ent r="3" t="11" w="90" /><ent r="3" t="11" w="100" /><ent r="3" t="11" w="128" /></phr></stem><stem n="measur"><phr n="measurements"><ent r="3" t="11" w="91" /><ent r="3" t="11" w="129" /><ent r="3" t="12" w="47" /><ent r="3" t="57" w="219" /><ent r="3" t="62" w="21" /><ent r="3" t="62" w="214" /></phr><phr n="measured"><ent r="3" t="57" w="250" /></phr><phr n="measurement"><ent r="3" t="59" w="266" /></phr></stem><stem n="two"><phr n="Two"><ent r="3" t="11" w="92" /></phr><phr n="two"><ent r="3" t="15" w="20" /><ent r="3" t="21" w="112" /><ent r="3" t="31" w="787" /><ent r="4" t="37" w="336" /><ent r="3" t="39" w="202" /><ent r="3" t="46" w="477" /><ent r="3" t="59" w="178" /><ent r="3" t="59" w="272" /><ent r="3" t="59" w="291" /><ent r="3" t="61" w="109" /><ent r="3" t="62" w="172" /></phr></stem><stem n="panel"><phr n="panels"><ent r="3" t="11" w="96" /><ent r="3" t="11" w="139" /><ent r="3" t="11" w="224" /></phr><phr n="panel"><ent r="3" t="11" w="245" /><ent r="4" t="46" w="59" /></phr></stem><stem n="site"><phr n="sites"><ent r="3" t="11" w="101" /></phr></stem><stem n="scene"><phr n="scene"><ent r="3" t="11" w="107" /><ent r="3" t="11" w="227" /><ent r="4" t="11" w="298" /><ent r="3" t="12" w="33" /><ent r="3" t="12" w="55" /><ent r="3" t="12" w="74" /><ent r="5" t="12" w="240" /><ent r="4" t="12" w="325" /><ent r="3" t="28" w="45" /><ent r="3" t="28" w="101" /><ent r="3" t="29" w="35" /><ent r="3" t="29" w="80" /><ent r="4" t="29" w="98" /><ent r="3" t="30" w="21" /><ent r="3" t="30" w="108" /><ent r="3" t="31" w="39" /><ent r="3" t="31" w="126" /><ent r="3" t="31" w="170" /><ent r="3" t="31" w="482" /><ent r="3" t="32" w="46" /><ent r="3" t="32" w="105" /><ent r="3" t="32" w="117" /><ent r="3" t="32" w="213" /><ent r="4" t="32" w="466" /><ent r="3" t="34" w="39" /><ent r="4" t="34" w="120" /><ent r="3" t="34" w="146" /><ent r="3" t="34" w="180" /><ent r="3" t="35" w="348" /><ent r="3" t="38" w="50" /><ent r="3" t="39" w="48" /><ent r="3" t="39" w="67" /><ent r="3" t="46" w="488" /><ent r="3" t="46" w="493" /><ent r="3" t="46" w="501" /><ent r="3" t="49" w="125" /><ent r="3" t="57" w="212" /><ent r="3" t="62" w="178" /></phr></stem><stem n="(their"><phr n="(their"><ent r="3" t="11" w="130" /></phr></stem><stem n="unknown"><phr n="unknown"><ent r="3" t="11" w="141" /><ent r="3" t="28" w="85" /><ent r="3" t="32" w="87" /><ent r="3" t="57" w="139" /><ent r="3" t="59" w="330" /></phr></stem><stem n="sure"><phr n="sure"><ent r="4" t="11" w="153" /><ent r="3" t="13" w="135" /><ent r="4" t="14" w="21" /><ent r="4" t="15" w="149" /><ent r="3" t="15" w="248" /><ent r="4" t="16" w="62" /><ent r="4" t="17" w="40" /><ent r="4" t="18" w="67" /><ent r="4" t="19" w="33" /><ent r="4" t="20" w="26" /><ent r="4" t="22" w="37" /><ent r="4" t="22" w="135" /><ent r="4" t="31" w="191" /><ent r="4" t="32" w="236" /><ent r="5" t="33" w="363" /><ent r="4" t="36" w="156" /><ent r="4" t="36" w="451" /><ent r="4" t="36" w="477" /><ent r="4" t="38" w="113" /><ent r="4" t="39" w="112" /><ent r="3" t="40" w="232" /><ent r="4" t="47" w="71" /></phr></stem><stem n="previous"><phr n="previously"><ent r="3" t="11" w="174" /></phr></stem><stem n="gain"><phr n="gain"><ent r="3" t="11" w="176" /><ent r="3" t="59" w="285" /><ent r="3" t="59" w="331" /><ent r="3" t="62" w="115" /><ent r="3" t="62" w="234" /><ent r="3" t="62" w="240" /><ent r="3" t="62" w="330" /><ent r="3" t="62" w="369" /></phr><phr n="Gains"><ent r="4" t="11" w="197" /></phr><phr n="gains"><ent r="3" t="11" w="351" /><ent r="3" t="11" w="377" /></phr></stem><stem n="/offset"><phr n="/offset"><ent r="3" t="11" w="177" /></phr><phr n="/Offsets"><ent r="4" t="11" w="198" /></phr><phr n="/offsets"><ent r="3" t="11" w="352" /></phr></stem><stem n="gain/offset"><phr n="gain/offset"><ent r="3" t="11" w="177" /><ent r="3" t="11" w="176" /></phr></stem><stem n="offset"><phr n="offset"><ent r="3" t="11" w="177" /><ent r="3" t="62" w="131" /><ent r="3" t="62" w="156" /><ent r="3" t="62" w="236" /><ent r="3" t="62" w="242" /><ent r="3" t="62" w="332" /><ent r="3" t="62" w="371" /></phr><phr n="Offsets"><ent r="4" t="11" w="198" /></phr><phr n="offsets"><ent r="3" t="11" w="352" /><ent r="3" t="11" w="379" /></phr></stem><stem n="gains/offset"><phr n="Gains/Offsets"><ent r="4" t="11" w="198" /><ent r="4" t="11" w="197" /></phr><phr n="gains/offsets"><ent r="3" t="11" w="352" /><ent r="3" t="11" w="351" /></phr></stem><stem n="forc"><phr n="force"><ent r="3" t="11" w="201" /></phr></stem><stem n="recomput"><phr n="recomputation"><ent r="3" t="11" w="202" /></phr></stem><stem n="element"><phr n="elements"><ent r="4" t="11" w="206" /><ent r="3" t="11" w="219" /><ent r="4" t="47" w="333" /></phr><phr n="element"><ent r="3" t="11" w="236" /><ent r="4" t="11" w="261" /><ent r="4" t="11" w="276" /><ent r="4" t="11" w="328" /><ent r="3" t="25" w="563" /><ent r="3" t="25" w="580" /><ent r="3" t="26" w="101" /><ent r="3" t="26" w="106" /><ent r="4" t="38" w="621" /><ent r="3" t="47" w="30" /><ent r="4" t="47" w="347" /><ent r="4" t="47" w="369" /></phr><phr n="Element"><ent r="5" t="11" w="251" /><ent r="5" t="11" w="281" /></phr><phr n="Elements"><ent r="4" t="47" w="620" /></phr></stem><stem n="allow"><phr n="allows"><ent r="3" t="11" w="213" /><ent r="5" t="25" w="212" /><ent r="3" t="25" w="273" /><ent r="4" t="31" w="707" /><ent r="3" t="40" w="345" /><ent r="3" t="46" w="469" /><ent r="3" t="57" w="358" /></phr><phr n="Allows"><ent r="3" t="38" w="163" /><ent r="3" t="39" w="152" /></phr></stem><stem n="assign"><phr n="assign"><ent r="3" t="11" w="229" /></phr><phr n="assigned"><ent r="4" t="11" w="258" /><ent r="4" t="31" w="884" /><ent r="3" t="47" w="523" /><ent r="3" t="59" w="367" /><ent r="3" t="59" w="391" /></phr></stem><stem n="appropri"><phr n="appropriate"><ent r="3" t="11" w="231" /><ent r="3" t="40" w="235" /></phr></stem><stem n="/reflect"><phr n="/reflectance"><ent r="3" t="11" w="246" /></phr></stem><stem n="panel/reflect"><phr n="panel/reflectance"><ent r="3" t="11" w="246" /><ent r="3" t="11" w="245" /></phr></stem><stem n="pair"><phr n="pair"><ent r="3" t="11" w="248" /></phr><phr n="pairs"><ent r="3" t="57" w="368" /></phr></stem></index>