﻿<?xml version="1.0" encoding="utf-8"?><index><stem n="convert"><phr n="convert"><ent r="3" t="11" w="30" /><ent r="3" t="11" w="77" /><ent r="3" t="60" w="335" /></phr><phr n="converting"><ent r="3" t="24" w="113" /></phr><phr n="Convert"><ent r="4" t="29" w="109" /><ent r="5" t="29" w="135" /></phr><phr n="converted"><ent r="3" t="31" w="257" /><ent r="3" t="60" w="364" /></phr></stem><stem n="absolut"><phr n="absolute"><ent r="3" t="11" w="35" /></phr></stem><stem n="perform"><phr n="performs"><ent r="3" t="11" w="40" /></phr><phr n="perform"><ent r="3" t="11" w="144" /><ent r="3" t="21" w="94" /><ent r="4" t="25" w="13" /><ent r="4" t="26" w="14" /><ent r="3" t="31" w="33" /><ent r="3" t="31" w="180" /><ent r="3" t="55" w="113" /></phr><phr n="performed"><ent r="3" t="11" w="240" /><ent r="3" t="25" w="289" /></phr><phr n="performing"><ent r="3" t="24" w="109" /><ent r="3" t="24" w="120" /></phr><phr n="Perform"><ent r="92" t="32" w="194" /></phr></stem><stem n="linear"><phr n="linear"><ent r="3" t="11" w="42" /><ent r="3" t="55" w="110" /><ent r="3" t="60" w="323" /></phr></stem><stem n="regress"><phr n="regression"><ent r="3" t="11" w="43" /><ent r="3" t="60" w="324" /></phr><phr n="regressed"><ent r="3" t="60" w="232" /></phr></stem><stem n="calcul"><phr n="calculation"><ent r="3" t="11" w="44" /><ent r="4" t="12" w="144" /><ent r="4" t="12" w="263" /><ent r="4" t="12" w="333" /><ent r="4" t="12" w="473" /><ent r="4" t="49" w="112" /><ent r="3" t="50" w="98" /><ent r="3" t="52" w="54" /><ent r="3" t="57" w="166" /></phr><phr n="Calculate"><ent r="4" t="11" w="196" /><ent r="92" t="22" w="96" /><ent r="5" t="22" w="146" /><ent r="6" t="25" w="57" /><ent r="5" t="25" w="62" /><ent r="5" t="29" w="192" /><ent r="4" t="38" w="377" /><ent r="4" t="38" w="394" /></phr><phr n="calculates"><ent r="3" t="12" w="67" /><ent r="3" t="28" w="120" /><ent r="3" t="38" w="52" /><ent r="3" t="38" w="274" /><ent r="3" t="57" w="57" /></phr><phr n="calculated"><ent r="3" t="12" w="85" /><ent r="4" t="12" w="425" /><ent r="3" t="25" w="466" /></phr><phr n="Calculation"><ent r="5" t="12" w="139" /><ent r="4" t="38" w="330" /></phr><phr n="calculating"><ent r="5" t="12" w="232" /><ent r="4" t="12" w="282" /><ent r="3" t="29" w="82" /></phr><phr n="calculations"><ent r="3" t="29" w="51" /></phr><phr n="calculate"><ent r="4" t="29" w="186" /><ent r="4" t="31" w="721" /><ent r="4" t="38" w="611" /><ent r="3" t="60" w="328" /></phr></stem><stem n="basi"><phr n="basis"><ent r="3" t="11" w="50" /><ent r="3" t="60" w="257" /></phr></stem><stem n="known"><phr n="known"><ent r="3" t="11" w="53" /><ent r="3" t="11" w="98" /><ent r="3" t="11" w="110" /><ent r="3" t="11" w="116" /><ent r="3" t="11" w="222" /><ent r="3" t="11" w="243" /><ent r="4" t="11" w="296" /><ent r="3" t="12" w="52" /><ent r="3" t="28" w="82" /><ent r="3" t="32" w="84" /><ent r="3" t="47" w="139" /><ent r="3" t="57" w="29" /><ent r="3" t="60" w="298" /></phr></stem><stem n="'s"><phr n="'s"><ent r="3" t="11" w="59" /><ent r="3" t="12" w="34" /><ent r="4" t="15" w="226" /><ent r="3" t="15" w="237" /><ent r="4" t="16" w="64" /><ent r="4" t="18" w="69" /><ent r="3" t="38" w="71" /><ent r="4" t="38" w="469" /><ent r="4" t="38" w="639" /><ent r="3" t="39" w="63" /><ent r="4" t="39" w="264" /><ent r="3" t="55" w="23" /><ent r="3" t="55" w="268" /><ent r="3" t="55" w="296" /><ent r="3" t="57" w="111" /><ent r="3" t="59" w="8" /></phr></stem><stem n="sensor'"><phr n="sensor's"><ent r="3" t="11" w="59" /><ent r="3" t="11" w="58" /></phr></stem><stem n="sourc"><phr n="source"><ent r="3" t="11" w="65" /></phr><phr n="Source"><ent r="4" t="49" w="27" /></phr></stem><stem n="atmospher"><phr n="atmospheric"><ent r="3" t="11" w="67" /><ent r="3" t="24" w="184" /><ent r="3" t="60" w="139" /><ent r="3" t="60" w="151" /><ent r="3" t="60" w="259" /><ent r="3" t="60" w="355" /><ent r="4" t="61" w="63" /></phr><phr n="atmospherically"><ent r="3" t="31" w="74" /><ent r="3" t="31" w="113" /><ent r="3" t="31" w="139" /><ent r="3" t="31" w="166" /><ent r="3" t="32" w="127" /><ent r="3" t="32" w="148" /></phr><phr n="Atmospheric"><ent r="3" t="32" w="163" /></phr></stem><stem n="distort"><phr n="distortion"><ent r="3" t="11" w="68" /></phr></stem><stem n="effect"><phr n="effects"><ent r="3" t="11" w="69" /><ent r="3" t="57" w="337" /></phr><phr n="effective"><ent r="3" t="12" w="40" /></phr></stem><stem n="altern"><phr n="alternative"><ent r="3" t="11" w="74" /></phr><phr n="alternate"><ent r="3" t="40" w="188" /></phr></stem><stem n="solut"><phr n="solution"><ent r="3" t="11" w="75" /></phr></stem><stem n="hyperspectr"><phr n="hyperspectral"><ent r="3" t="11" w="84" /><ent r="3" t="31" w="69" /><ent r="3" t="31" w="115" /><ent r="3" t="38" w="36" /><ent r="3" t="39" w="33" /><ent r="4" t="40" w="73" /><ent r="3" t="55" w="117" /><ent r="3" t="57" w="324" /><ent r="4" t="61" w="32" /></phr><phr n="Hyperspectral"><ent r="4" t="58" w="74" /></phr></stem><stem n="process"><phr n="processing"><ent r="3" t="11" w="85" /><ent r="3" t="12" w="25" /><ent r="4" t="12" w="394" /><ent r="3" t="31" w="112" /><ent r="3" t="31" w="229" /><ent r="4" t="36" w="681" /><ent r="3" t="36" w="735" /><ent r="4" t="61" w="26" /></phr><phr n="processed"><ent r="4" t="12" w="303" /><ent r="4" t="12" w="316" /></phr><phr n="Processing"><ent r="5" t="12" w="389" /><ent r="4" t="58" w="31" /><ent r="5" t="61" w="12" /></phr><phr n="process"><ent r="3" t="31" w="240" /><ent r="4" t="36" w="153" /><ent r="4" t="36" w="458" /></phr></stem><stem n="requir"><phr n="requires"><ent r="3" t="11" w="88" /><ent r="3" t="29" w="15" /><ent r="3" t="60" w="279" /></phr></stem><stem n="ground"><phr n="ground"><ent r="3" t="11" w="89" /><ent r="3" t="11" w="99" /><ent r="3" t="11" w="127" /><ent r="3" t="12" w="46" /><ent r="3" t="55" w="331" /><ent r="3" t="60" w="222" /></phr></stem><stem n="truth"><phr n="truth"><ent r="3" t="11" w="90" /><ent r="3" t="11" w="100" /><ent r="3" t="11" w="128" /></phr></stem><stem n="measur"><phr n="measurements"><ent r="3" t="11" w="91" /><ent r="3" t="11" w="129" /><ent r="3" t="12" w="47" /><ent r="3" t="55" w="219" /><ent r="3" t="60" w="21" /><ent r="3" t="60" w="214" /></phr><phr n="measured"><ent r="3" t="55" w="250" /></phr><phr n="measurement"><ent r="3" t="57" w="266" /></phr></stem><stem n="two"><phr n="Two"><ent r="3" t="11" w="92" /></phr><phr n="two"><ent r="3" t="15" w="20" /><ent r="3" t="21" w="112" /><ent r="3" t="31" w="787" /><ent r="4" t="37" w="336" /><ent r="3" t="39" w="202" /><ent r="3" t="46" w="367" /><ent r="3" t="57" w="178" /><ent r="3" t="57" w="272" /><ent r="3" t="57" w="291" /><ent r="3" t="59" w="109" /><ent r="3" t="60" w="172" /></phr></stem><stem n="panel"><phr n="panels"><ent r="3" t="11" w="96" /><ent r="3" t="11" w="139" /><ent r="3" t="11" w="224" /></phr><phr n="panel"><ent r="3" t="11" w="245" /><ent r="4" t="46" w="59" /></phr></stem><stem n="site"><phr n="sites"><ent r="3" t="11" w="101" /></phr></stem><stem n="scene"><phr n="scene"><ent r="3" t="11" w="107" /><ent r="3" t="11" w="227" /><ent r="4" t="11" w="298" /><ent r="3" t="12" w="33" /><ent r="3" t="12" w="55" /><ent r="3" t="12" w="74" /><ent r="5" t="12" w="240" /><ent r="4" t="12" w="325" /><ent r="3" t="28" w="45" /><ent r="3" t="28" w="101" /><ent r="3" t="29" w="35" /><ent r="3" t="29" w="80" /><ent r="4" t="29" w="98" /><ent r="3" t="30" w="21" /><ent r="3" t="30" w="108" /><ent r="3" t="31" w="39" /><ent r="3" t="31" w="126" /><ent r="3" t="31" w="170" /><ent r="3" t="31" w="482" /><ent r="3" t="32" w="46" /><ent r="3" t="32" w="105" /><ent r="3" t="32" w="117" /><ent r="3" t="32" w="213" /><ent r="4" t="32" w="466" /><ent r="3" t="34" w="39" /><ent r="4" t="34" w="120" /><ent r="3" t="34" w="146" /><ent r="3" t="34" w="180" /><ent r="3" t="35" w="348" /><ent r="3" t="38" w="50" /><ent r="3" t="39" w="48" /><ent r="3" t="39" w="67" /><ent r="3" t="46" w="378" /><ent r="3" t="46" w="383" /><ent r="3" t="46" w="391" /><ent r="3" t="47" w="125" /><ent r="3" t="55" w="212" /><ent r="3" t="60" w="178" /></phr></stem><stem n="(their"><phr n="(their"><ent r="3" t="11" w="130" /></phr></stem><stem n="unknown"><phr n="unknown"><ent r="3" t="11" w="141" /><ent r="3" t="28" w="85" /><ent r="3" t="32" w="87" /><ent r="3" t="55" w="139" /><ent r="3" t="57" w="330" /></phr></stem><stem n="sure"><phr n="sure"><ent r="4" t="11" w="153" /><ent r="3" t="13" w="135" /><ent r="4" t="14" w="21" /><ent r="4" t="15" w="149" /><ent r="3" t="15" w="248" /><ent r="4" t="16" w="62" /><ent r="4" t="17" w="40" /><ent r="4" t="18" w="67" /><ent r="4" t="19" w="33" /><ent r="4" t="20" w="26" /><ent r="4" t="22" w="37" /><ent r="4" t="22" w="135" /><ent r="4" t="31" w="191" /><ent r="4" t="32" w="236" /><ent r="5" t="33" w="363" /><ent r="4" t="36" w="156" /><ent r="4" t="36" w="451" /><ent r="4" t="36" w="477" /><ent r="4" t="38" w="113" /><ent r="4" t="39" w="112" /><ent r="3" t="40" w="232" /></phr></stem><stem n="previous"><phr n="previously"><ent r="3" t="11" w="174" /></phr></stem><stem n="gain"><phr n="gain"><ent r="3" t="11" w="176" /><ent r="3" t="57" w="285" /><ent r="3" t="57" w="331" /><ent r="3" t="60" w="115" /><ent r="3" t="60" w="234" /><ent r="3" t="60" w="240" /><ent r="3" t="60" w="330" /><ent r="3" t="60" w="369" /></phr><phr n="Gains"><ent r="4" t="11" w="197" /></phr><phr n="gains"><ent r="3" t="11" w="351" /><ent r="3" t="11" w="377" /></phr></stem><stem n="/offset"><phr n="/offset"><ent r="3" t="11" w="177" /></phr><phr n="/Offsets"><ent r="4" t="11" w="198" /></phr><phr n="/offsets"><ent r="3" t="11" w="352" /></phr></stem><stem n="gain/offset"><phr n="gain/offset"><ent r="3" t="11" w="177" /><ent r="3" t="11" w="176" /></phr></stem><stem n="offset"><phr n="offset"><ent r="3" t="11" w="177" /><ent r="3" t="60" w="131" /><ent r="3" t="60" w="156" /><ent r="3" t="60" w="236" /><ent r="3" t="60" w="242" /><ent r="3" t="60" w="332" /><ent r="3" t="60" w="371" /></phr><phr n="Offsets"><ent r="4" t="11" w="198" /></phr><phr n="offsets"><ent r="3" t="11" w="352" /><ent r="3" t="11" w="379" /></phr></stem><stem n="gains/offset"><phr n="Gains/Offsets"><ent r="4" t="11" w="198" /><ent r="4" t="11" w="197" /></phr><phr n="gains/offsets"><ent r="3" t="11" w="352" /><ent r="3" t="11" w="351" /></phr></stem><stem n="forc"><phr n="force"><ent r="3" t="11" w="201" /></phr></stem><stem n="recomput"><phr n="recomputation"><ent r="3" t="11" w="202" /></phr></stem><stem n="element"><phr n="elements"><ent r="4" t="11" w="206" /><ent r="3" t="11" w="219" /></phr><phr n="element"><ent r="3" t="11" w="236" /><ent r="4" t="11" w="261" /><ent r="4" t="11" w="276" /><ent r="4" t="11" w="328" /><ent r="3" t="25" w="563" /><ent r="3" t="25" w="580" /><ent r="3" t="26" w="101" /><ent r="3" t="26" w="106" /><ent r="4" t="38" w="621" /></phr><phr n="Element"><ent r="5" t="11" w="251" /><ent r="5" t="11" w="281" /></phr></stem><stem n="allow"><phr n="allows"><ent r="3" t="11" w="213" /><ent r="5" t="25" w="212" /><ent r="3" t="25" w="273" /><ent r="4" t="31" w="707" /><ent r="3" t="40" w="345" /><ent r="3" t="46" w="359" /><ent r="3" t="55" w="358" /></phr><phr n="Allows"><ent r="3" t="38" w="163" /><ent r="3" t="39" w="152" /></phr></stem><stem n="assign"><phr n="assign"><ent r="3" t="11" w="229" /></phr><phr n="assigned"><ent r="4" t="11" w="258" /><ent r="4" t="31" w="884" /><ent r="3" t="57" w="367" /><ent r="3" t="57" w="391" /></phr></stem><stem n="appropri"><phr n="appropriate"><ent r="3" t="11" w="231" /><ent r="3" t="40" w="235" /></phr></stem><stem n="/reflect"><phr n="/reflectance"><ent r="3" t="11" w="246" /></phr></stem><stem n="panel/reflect"><phr n="panel/reflectance"><ent r="3" t="11" w="246" /><ent r="3" t="11" w="245" /></phr></stem><stem n="pair"><phr n="pair"><ent r="3" t="11" w="248" /></phr><phr n="pairs"><ent r="3" t="55" w="368" /></phr></stem><stem n="uniqu"><phr n="unique"><ent r="4" t="11" w="254" /><ent r="4" t="34" w="248" /><ent r="4" t="36" w="86" /></phr></stem><stem n="new"><phr n="new"><ent r="4" t="11" w="275" /><ent r="3" t="11" w="350" /><ent r="3" t="11" w="376" /><ent r="3" t="11" w="405" /><ent r="65" t="13" w="169" /><ent r="100" t="14" w="11" /><ent r="4" t="14" w="67" /><ent r="3" t="15" w="258" /><ent r="64" t="16" w="44" /><ent r="3" t="19" w="80" /><ent r="3" t="25" w="462" /><ent r="3" t="25" w="561" /><ent r="3" t="25" w="585" /><ent r="3" t="26" w="99" /><ent r="3" t="26" w="112" /><ent r="4" t="29" w="154" /><ent r="4" t="30" w="330" /><ent r="4" t="31" w="559" /><ent r="4" t="31" w="723" /><ent r="4" t="32" w="527" /><ent r="3" t="35" w="247" /><ent r="3" t="35" w="264" /><ent r="3" t="35" w="287" /><ent r="3" t="40" w="407" /><ent r="3" t="40" w="411" /><ent r="3" t="47" w="384" /><ent r="3" t="48" w="190" /><ent r="3" t="48" w="434" /></phr><phr n="New"><ent r="5" t="11" w="280" /><ent r="1000" t="14" w="3" /><ent r="102" t="14" w="16" /><ent r="5" t="14" w="51" /><ent r="4" t="14" w="57" /><ent r="64" t="15" w="294" /><ent r="64" t="16" w="285" /><ent r="64" t="17" w="92" /><ent r="64" t="20" w="176" /><ent r="3" t="48" w="174" /></phr></stem><stem n="within"><phr n="within"><ent r="4" t="11" w="294" /><ent r="5" t="12" w="238" /><ent r="3" t="21" w="47" /><ent r="3" t="21" w="99" /><ent r="3" t="24" w="47" /><ent r="4" t="25" w="95" /><ent r="4" t="34" w="76" /><ent r="4" t="34" w="395" /><ent r="4" t="37" w="142" /><ent r="3" t="49" w="102" /><ent r="3" t="60" w="98" /></phr></stem><stem n="-scene"><phr n="-scene"><ent r="4" t="11" w="297" /><ent r="4" t="11" w="297" /><ent r="3" t="28" w="44" /><ent r="3" t="28" w="44" /><ent r="3" t="28" w="100" /><ent r="3" t="28" w="100" /><ent r="3" t="30" w="20" /><ent r="3" t="30" w="20" /><ent r="3" t="30" w="107" /><ent r="3" t="30" w="107" /><ent r="3" t="31" w="38" /><ent r="3" t="31" w="38" /><ent r="3" t="31" w="169" /><ent r="3" t="31" w="169" /><ent r="3" t="31" w="481" /><ent r="3" t="31" w="481" /><ent r="3" t="32" w="45" /><ent r="3" t="32" w="45" /><ent r="3" t="32" w="104" /><ent r="3" t="32" w="104" /><ent r="3" t="32" w="116" /><ent r="3" t="32" w="116" /><ent r="3" t="32" w="212" /><ent r="3" t="32" w="212" /><ent r="4" t="32" w="465" /><ent r="4" t="32" w="465" /><ent r="3" t="46" w="377" /><ent r="3" t="46" w="377" /><ent r="3" t="46" w="382" /><ent r="3" t="46" w="382" /><ent r="3" t="46" w="390" /><ent r="3" t="46" w="390" /><ent r="3" t="47" w="124" /><ent r="3" t="47" w="124" /><ent r="3" t="55" w="211" /><ent r="3" t="55" w="211" /></phr></stem><stem n="in-scen"><phr n="in-scene"><ent r="4" t="11" w="297" /><ent r="3" t="28" w="44" /><ent r="3" t="28" w="100" /><ent r="3" t="30" w="20" /><ent r="3" t="30" w="107" /><ent r="3" t="31" w="38" /><ent r="3" t="31" w="169" /><ent r="3" t="31" w="481" /><ent r="3" t="32" w="45" /><ent r="3" t="32" w="104" /><ent r="3" t="32" w="116" /><ent r="3" t="32" w="212" /><ent r="4" t="32" w="465" /><ent r="3" t="46" w="377" /><ent r="3" t="46" w="382" /><ent r="3" t="46" w="390" /><ent r="3" t="47" w="124" /><ent r="3" t="55" w="211" /></phr></stem><stem n="area"><phr n="area"><ent r="4" t="11" w="300" /><ent r="3" t="12" w="43" /><ent r="4" t="12" w="141" /><ent r="4" t="12" w="352" /><ent r="4" t="16" w="95" /><ent r="3" t="22" w="70" /><ent r="4" t="25" w="99" /><ent r="3" t="25" w="278" /><ent r="3" t="30" w="258" /><ent r="3" t="30" w="299" /><ent r="4" t="30" w="437" /><ent r="3" t="31" w="419" /><ent r="3" t="31" w="464" /><ent r="3" t="32" w="411" /><ent r="3" t="32" w="452" /><ent r="4" t="36" w="149" /><ent r="4" t="36" w="316" /><ent r="4" t="36" w="357" /><ent r="4" t="36" w="370" /><ent r="4" t="37" w="345" /><ent r="3" t="38" w="231" /><ent r="3" t="38" w="249" /><ent r="3" t="46" w="579" /><ent r="3" t="46" w="587" /><ent r="3" t="50" w="41" /><ent r="3" t="50" w="63" /><ent r="3" t="51" w="85" /></phr><phr n="areas"><ent r="3" t="12" w="61" /><ent r="3" t="60" w="175" /><ent r="3" t="60" w="204" /></phr><phr n="Area"><ent r="6" t="12" w="175" /><ent r="3" t="25" w="301" /><ent r="5" t="30" w="423" /><ent r="5" t="31" w="664" /><ent r="5" t="32" w="605" /><ent r="4" t="38" w="159" /><ent r="3" t="38" w="177" /><ent r="4" t="38" w="558" /><ent r="4" t="39" w="148" /><ent r="3" t="39" w="166" /><ent r="3" t="50" w="22" /></phr></stem><stem n="-click"><phr n="-clicking"><ent r="4" t="11" w="302" /><ent r="4" t="11" w="302" /><ent r="3" t="46" w="264" /><ent r="3" t="46" w="264" /></phr><phr n="-click"><ent r="3" t="22" w="71" /><ent r="3" t="22" w="71" /><ent r="4" t="22" w="141" /><ent r="4" t="22" w="141" /><ent r="4" t="29" w="126" /><ent r="4" t="29" w="126" /><ent r="4" t="29" w="150" /><ent r="4" t="29" w="150" /><ent r="3" t="35" w="313" /><ent r="3" t="35" w="313" /><ent r="4" t="37" w="340" /><ent r="4" t="37" w="340" /><ent r="4" t="37" w="451" /><ent r="4" t="37" w="451" /><ent r="4" t="43" w="51" /><ent r="4" t="43" w="51" /><ent r="3" t="46" w="572" /><ent r="3" t="46" w="572" /><ent r="4" t="47" w="206" /><ent r="4" t="47" w="206" /><ent r="4" t="47" w="523" /><ent r="4" t="47" w="523" /><ent r="4" t="48" w="161" /><ent r="4" t="48" w="161" /></phr></stem><stem n="left-click"><phr n="left-clicking"><ent r="4" t="11" w="302" /></phr><phr n="Left-click"><ent r="4" t="43" w="51" /></phr></stem><stem n="drag"><phr n="dragging"><ent r="4" t="11" w="305" /></phr></stem><stem n="rectangl"><phr n="rectangle"><ent r="4" t="11" w="308" /></phr></stem><stem n="correspond"><phr n="corresponding"><ent r="4" t="11" w="323" /></phr></stem><stem n="convers"><phr n="conversion"><ent r="3" t="11" w="345" /></phr></stem><stem n="alreadi"><phr n="already"><ent r="3" t="11" w="356" /><ent r="4" t="36" w="260" /><ent r="3" t="38" w="350" /><ent r="4" t="40" w="391" /><ent r="3" t="44" w="104" /><ent r="4" t="49" w="15" /></phr></stem><stem n="exist"><phr n="exists"><ent r="3" t="11" w="357" /><ent r="3" t="44" w="105" /><ent r="3" t="45" w="154" /></phr><phr n="existing"><ent r="3" t="11" w="372" /><ent r="5" t="12" w="159" /><ent r="3" t="15" w="144" /><ent r="64" t="16" w="37" /><ent r="3" t="19" w="92" /><ent r="5" t="25" w="217" /><ent r="4" t="31" w="712" /><ent r="3" t="35" w="301" /><ent r="3" t="35" w="310" /><ent r="4" t="38" w="338" /><ent r="3" t="47" w="367" /><ent r="3" t="47" w="380" /><ent r="3" t="48" w="417" /><ent r="3" t="48" w="430" /></phr><phr n="exist"><ent r="3" t="12" w="48" /><ent r="3" t="43" w="96" /></phr></stem><stem n="ask"><phr n="asked"><ent r="3" t="11" w="361" /></phr><phr n="asking"><ent r="3" t="31" w="223" /><ent r="3" t="47" w="373" /><ent r="3" t="48" w="423" /></phr></stem><stem n="whether"><phr n="whether"><ent r="3" t="11" w="362" /></phr></stem><stem n="overwrit"><phr n="overwrite"><ent r="3" t="11" w="366" /><ent r="3" t="11" w="370" /><ent r="3" t="11" w="390" /><ent r="3" t="47" w="378" /><ent r="3" t="47" w="390" /><ent r="3" t="47" w="402" /><ent r="3" t="48" w="428" /><ent r="3" t="48" w="440" /><ent r="3" t="48" w="452" /></phr></stem><stem n="ye"><phr n="Yes"><ent r="4" t="11" w="382" /><ent r="4" t="31" w="237" /><ent r="4" t="47" w="394" /><ent r="4" t="48" w="444" /></phr></stem><stem n="prompt"><phr n="prompted"><ent r="3" t="11" w="401" /><ent r="4" t="29" w="184" /></phr></stem><stem n="enter"><phr n="enter"><ent r="3" t="11" w="403" /><ent r="4" t="12" w="245" /><ent r="4" t="14" w="62" /><ent r="4" t="33" w="119" /><ent r="3" t="33" w="182" /><ent r="3" t="38" w="386" /><ent r="3" t="49" w="74" /><ent r="3" t="59" w="40" /><ent r="3" t="59" w="71" /></phr><phr n="entering"><ent r="4" t="30" w="328" /><ent r="4" t="31" w="557" /><ent r="4" t="32" w="525" /><ent r="4" t="37" w="477" /></phr><phr n="Enter"><ent r="4" t="37" w="493" /><ent r="4" t="47" w="340" /><ent r="4" t="48" w="324" /></phr><phr n="entered"><ent r="3" t="47" w="578" /><ent r="4" t="48" w="399" /></phr></stem><stem n="filenam"><phr n="filename"><ent r="3" t="11" w="406" /><ent r="3" t="31" w="412" /><ent r="3" t="47" w="364" /><ent r="3" t="48" w="414" /></phr><phr n="filenames"><ent r="4" t="15" w="115" /><ent r="4" t="21" w="237" /><ent r="3" t="48" w="50" /></phr></stem><stem n="return"><phr n="return"><ent r="4" t="11" w="427" /><ent r="4" t="30" w="482" /><ent r="4" t="31" w="780" /><ent r="4" t="32" w="664" /></phr></stem><stem n="inform"><phr n="Information"><ent r="64" t="11" w="436" /><ent r="64" t="13" w="216" /><ent r="1000" t="21" w="5" /><ent r="102" t="21" w="11" /><ent r="64" t="31" w="920" /><ent r="64" t="32" w="190" /><ent r="1000" t="55" w="3" /><ent r="102" t="55" w="7" /><ent r="1000" t="57" w="3" /><ent r="102" t="57" w="7" /><ent r="1000" t="60" w="3" /><ent r="102" t="60" w="7" /></phr><phr n="information"><ent r="3" t="25" w="416" /><ent r="3" t="25" w="493" /><ent r="4" t="25" w="537" /><ent r="3" t="30" w="143" /><ent r="3" t="38" w="195" /><ent r="4" t="40" w="92" /><ent r="3" t="47" w="152" /><ent r="3" t="47" w="171" /></phr></stem><stem n="iarr"><phr n="IARR"><ent r="1000" t="12" w="1" /><ent r="102" t="12" w="3" /><ent r="100" t="12" w="5" /><ent r="65" t="12" w="15" /><ent r="3" t="12" w="38" /><ent r="3" t="12" w="66" /><ent r="4" t="12" w="106" /><ent r="5" t="12" w="125" /><ent r="3" t="12" w="129" /><ent r="4" t="12" w="485" /></phr></stem><stem n="intern"><phr n="Internal"><ent r="3" t="12" w="8" /><ent r="5" t="12" w="17" /></phr><phr n="International"><ent r="5" t="61" w="69" /></phr></stem><stem n="rel"><phr n="Relative"><ent r="3" t="12" w="10" /><ent r="5" t="12" w="19" /></phr></stem><stem n="-process"><phr n="-processing"><ent r="3" t="12" w="24" /><ent r="3" t="12" w="24" /></phr></stem><stem n="pre"><phr n="pre"><ent r="3" t="12" w="24" /></phr></stem><stem n="pre-process"><phr n="pre-processing"><ent r="3" t="12" w="24" /></phr></stem><stem n="normal"><phr n="normalize"><ent r="3" t="12" w="29" /></phr><phr n="normal"><ent r="3" t="38" w="86" /></phr></stem><stem n="scene'"><phr n="scene's"><ent r="3" t="12" w="34" /><ent r="3" t="12" w="33" /></phr></stem><stem n="littl"><phr n="little"><ent r="3" t="12" w="50" /><ent r="3" t="25" w="403" /><ent r="3" t="25" w="414" /></phr></stem><stem n="arid"><phr n="arid"><ent r="3" t="12" w="60" /></phr></stem><stem n="entir"><phr n="entire"><ent r="3" t="12" w="73" /><ent r="5" t="12" w="227" /><ent r="3" t="25" w="318" /><ent r="3" t="28" w="127" /><ent r="3" t="29" w="34" /><ent r="4" t="30" w="417" /><ent r="4" t="31" w="658" /><ent r="4" t="32" w="599" /><ent r="3" t="38" w="59" /><ent r="3" t="38" w="172" /><ent r="3" t="39" w="161" /></phr></stem><stem n="appar"><phr n="Apparent"><ent r="3" t="12" w="82" /></phr><phr n="apparent"><ent r="3" t="31" w="77" /><ent r="3" t="32" w="151" /><ent r="3" t="57" w="320" /></phr></stem><stem n="divid"><phr n="dividing"><ent r="3" t="12" w="93" /></phr></stem><stem n="box"><phr n="box"><ent r="3" t="12" w="131" /><ent r="4" t="12" w="493" /><ent r="4" t="14" w="61" /><ent r="4" t="15" w="179" /><ent r="4" t="15" w="202" /><ent r="4" t="15" w="215" /><ent r="3" t="16" w="78" /><ent r="4" t="16" w="99" /><ent r="4" t="16" w="114" /><ent r="4" t="16" w="222" /><ent r="3" t="16" w="261" /><ent r="4" t="17" w="65" /><ent r="4" t="18" w="93" /><ent r="3" t="19" w="60" /><ent r="4" t="19" w="105" /><ent r="4" t="19" w="119" /><ent r="3" t="20" w="53" /><ent r="4" t="20" w="146" /><ent r="4" t="20" w="160" /><ent r="4" t="25" w="46" /><ent r="3" t="25" w="469" /><ent r="3" t="25" w="497" /><ent r="4" t="25" w="530" /><ent r="4" t="26" w="41" /><ent r="4" t="29" w="207" /><ent r="3" t="30" w="235" /><ent r="4" t="30" w="428" /><ent r="4" t="31" w="736" /><ent r="4" t="31" w="748" /><ent r="3" t="32" w="391" /><ent r="4" t="32" w="610" /><ent r="4" t="33" w="118" /><ent r="3" t="35" w="260" /><ent r="3" t="35" w="383" /><ent r="3" t="36" w="203" /><ent r="4" t="36" w="223" /><ent r="4" t="36" w="274" /><ent r="4" t="36" w="294" /><ent r="4" t="36" w="467" /><ent r="4" t="36" w="486" /><ent r="4" t="36" w="491" /><ent r="4" t="36" w="507" /><ent r="4" t="36" w="523" /><ent r="4" t="36" w="537" /><ent r="3" t="36" w="601" /><ent r="3" t="36" w="632" /><ent r="4" t="36" w="658" /><ent r="4" t="36" w="693" /><ent r="4" t="37" w="414" /><ent r="4" t="38" w="482" /><ent r="4" t="38" w="652" /><ent r="4" t="39" w="277" /><ent r="3" t="40" w="294" /><ent r="3" t="46" w="238" /><ent r="3" t="47" w="538" /></phr></stem><stem n="input"><phr n="Input"><ent r="6" t="12" w="153" /><ent r="4" t="38" w="412" /></phr><phr n="input"><ent r="4" t="12" w="466" /><ent r="3" t="21" w="67" /><ent r="3" t="28" w="199" /><ent r="3" t="31" w="56" /><ent r="3" t="31" w="103" /><ent r="3" t="38" w="439" /><ent r="3" t="57" w="195" /></phr></stem><stem n="specifi"><phr n="specifies"><ent r="5" t="12" w="157" /><ent r="5" t="12" w="224" /><ent r="4" t="12" w="367" /><ent r="4" t="12" w="392" /><ent r="4" t="12" w="414" /><ent r="3" t="46" w="183" /></phr><phr n="specify"><ent r="4" t="12" w="464" /><ent r="3" t="33" w="130" /><ent r="3" t="33" w="206" /></phr><phr n="specified"><ent r="3" t="31" w="62" /><ent r="3" t="43" w="134" /><ent r="3" t="44" w="160" /><ent r="3" t="45" w="270" /><ent r="3" t="55" w="27" /></phr></stem><stem n="interest"><phr n="Interest"><ent r="6" t="12" w="177" /><ent r="5" t="25" w="256" /><ent r="3" t="25" w="303" /><ent r="5" t="30" w="425" /><ent r="5" t="31" w="666" /><ent r="5" t="32" w="607" /><ent r="4" t="38" w="161" /><ent r="3" t="38" w="179" /><ent r="4" t="38" w="560" /><ent r="4" t="39" w="150" /><ent r="3" t="39" w="168" /><ent r="3" t="50" w="24" /></phr><phr n="interested"><ent r="3" t="21" w="72" /></phr><phr n="interest"><ent r="3" t="25" w="295" /><ent r="3" t="28" w="59" /><ent r="4" t="30" w="439" /><ent r="4" t="31" w="679" /><ent r="3" t="32" w="61" /><ent r="4" t="32" w="621" /></phr></stem><stem n="valid"><phr n="valid"><ent r="5" t="12" w="186" /><ent r="4" t="15" w="63" /><ent r="4" t="15" w="126" /><ent r="4" t="21" w="178" /><ent r="4" t="21" w="248" /></phr><phr n="validity"><ent r="3" t="21" w="83" /></phr><phr n="validated"><ent r="3" t="40" w="479" /></phr></stem><stem n="comput"><phr n="compute"><ent r="5" t="12" w="199" /><ent r="3" t="38" w="257" /></phr><phr n="computed"><ent r="4" t="25" w="159" /><ent r="3" t="49" w="98" /><ent r="3" t="60" w="238" /></phr><phr n="computing"><ent r="3" t="25" w="483" /><ent r="3" t="35" w="138" /><ent r="4" t="36" w="558" /><ent r="3" t="49" w="84" /></phr></stem><stem n="(even"><phr n="(even"><ent r="5" t="12" w="204" /><ent r="4" t="12" w="326" /></phr></stem><stem n="even"><phr n="even"><ent r="5" t="12" w="204" /><ent r="4" t="12" w="326" /></phr></stem><stem n="those"><phr n="those"><ent r="5" t="12" w="205" /><ent r="4" t="12" w="327" /><ent r="3" t="35" w="208" /><ent r="3" t="40" w="495" /></phr></stem><stem n="outsid"><phr n="outside"><ent r="5" t="12" w="206" /></phr></stem><stem n="appli"><phr n="applied"><ent r="5" t="12" w="212" /><ent r="4" t="12" w="338" /><ent r="3" t="25" w="315" /><ent r="3" t="25" w="455" /><ent r="3" t="25" w="553" /><ent r="4" t="26" w="85" /><ent r="3" t="33" w="167" /><ent r="3" t="60" w="246" /><ent r="3" t="60" w="268" /></phr><phr n="Applying"><ent r="92" t="33" w="84" /></phr><phr n="apply"><ent r="3" t="33" w="139" /></phr><phr n="Apply"><ent r="4" t="33" w="152" /></phr></stem></index>