﻿<?xml version="1.0" encoding="utf-8"?><index><stem n="sigrang"><phr n="SigRange"><ent r="3" t="46" w="522" /><ent r="3" t="46" w="585" /></phr></stem><stem n="firstsigrang"><phr n="FirstSigRange"><ent r="3" t="46" w="523" /><ent r="3" t="46" w="602" /></phr></stem><stem n="+"><phr n="+"><ent r="3" t="46" w="524" /><ent r="3" t="62" w="60" /></phr></stem><stem n="minfirstsig"><phr n="MinFirstSig"><ent r="3" t="46" w="525" /><ent r="3" t="46" w="620" /></phr></stem><stem n="intens"><phr n="intensity"><ent r="3" t="46" w="536" /><ent r="3" t="46" w="558" /></phr></stem><stem n="th"><phr n="th"><ent r="4" t="46" w="541" /><ent r="4" t="46" w="563" /></phr></stem><stem n="&quot;plot"><phr n="&quot;Plot"><ent r="3" t="46" w="676" /></phr></stem><stem n="&quot;signatur"><phr n="&quot;Signature"><ent r="3" t="46" w="700" /></phr></stem><stem n="caption"><phr n="caption"><ent r="3" t="46" w="702" /></phr></stem><stem n="start"><phr n="starting"><ent r="3" t="46" w="770" /></phr></stem><stem n="-in:"><phr n="-in:"><ent r="4" t="47" w="69" /><ent r="4" t="47" w="69" /></phr></stem><stem n="center"><phr n="centers"><ent r="4" t="47" w="294" /><ent r="3" t="47" w="445" /><ent r="3" t="47" w="480" /><ent r="3" t="47" w="517" /><ent r="3" t="47" w="529" /><ent r="3" t="47" w="532" /></phr><phr n="centered"><ent r="3" t="57" w="300" /></phr><phr n="Center"><ent r="4" t="60" w="57" /></phr></stem><stem n="combo"><phr n="combo"><ent r="4" t="47" w="318" /><ent r="4" t="47" w="362" /></phr></stem><stem n="popul"><phr n="populated"><ent r="4" t="47" w="325" /></phr></stem><stem n="icon"><phr n="icon"><ent r="4" t="47" w="395" /></phr></stem><stem n="“_resampled”"><phr n="“_resampled”"><ent r="3" t="47" w="469" /></phr></stem><stem n="fill"><phr n="fill"><ent r="3" t="47" w="496" /><ent r="3" t="47" w="519" /><ent r="3" t="47" w="544" /><ent r="3" t="47" w="552" /><ent r="3" t="47" w="588" /><ent r="3" t="47" w="599" /></phr></stem><stem n="adequ"><phr n="adequate"><ent r="3" t="47" w="509" /></phr></stem><stem n="cover"><phr n="cover"><ent r="3" t="47" w="513" /><ent r="3" t="62" w="301" /></phr><phr n="covered"><ent r="3" t="47" w="527" /></phr></stem><stem n="inadequ"><phr n="inadequately"><ent r="3" t="47" w="526" /></phr></stem><stem n="present"><phr n="present"><ent r="3" t="47" w="536" /></phr></stem><stem n="’s"><phr n="’s"><ent r="3" t="47" w="565" /><ent r="3" t="47" w="677" /></phr></stem><stem n="keyword"><phr n="keyword"><ent r="3" t="47" w="569" /><ent r="3" t="47" w="575" /><ent r="3" t="47" w="681" /></phr></stem><stem n="fillvalu"><phr n="FillValue"><ent r="3" t="47" w="570" /></phr></stem><stem n="“fillvalue.”"><phr n="“FillValue.”"><ent r="3" t="47" w="571" /></phr></stem><stem n="absenc"><phr n="absence"><ent r="3" t="47" w="572" /></phr></stem><stem n="resampledto"><phr n="ResampledTo"><ent r="3" t="47" w="682" /></phr></stem><stem n="“resampledto.”"><phr n="“ResampledTo.”"><ent r="3" t="47" w="683" /></phr></stem><stem n=":resampl"><phr n=":Resampler"><ent r="100" t="48" w="11" /></phr></stem><stem n="purpos"><phr n="purpose"><ent r="3" t="49" w="13" /></phr></stem><stem n="write"><phr n="writes"><ent r="3" t="49" w="36" /></phr></stem><stem n=".sig"><phr n=".sig"><ent r="3" t="49" w="43" /><ent r="3" t="49" w="148" /></phr></stem><stem n=".sign"><phr n=".sign"><ent r="3" t="49" w="45" /></phr></stem><stem n="sign"><phr n="sign"><ent r="3" t="49" w="45" /><ent r="3" t="49" w="288" /></phr></stem><stem n="-specif"><phr n="-specific"><ent r="3" t="49" w="51" /><ent r="3" t="49" w="51" /></phr></stem><stem n="opticks-specif"><phr n="Opticks-specific"><ent r="3" t="49" w="51" /></phr></stem><stem n="specif"><phr n="specific"><ent r="3" t="49" w="52" /><ent r="3" t="62" w="105" /></phr><phr n="Specific"><ent r="3" t="62" w="311" /></phr></stem><stem n="ascii"><phr n="ASCII"><ent r="3" t="49" w="57" /></phr></stem><stem n="text"><phr n="text"><ent r="3" t="49" w="58" /><ent r="3" t="50" w="273" /></phr></stem><stem n="(1)"><phr n="(1)"><ent r="3" t="49" w="123" /></phr></stem><stem n="(2)"><phr n="(2)"><ent r="3" t="49" w="136" /></phr></stem><stem n="—spectral"><phr n="—Spectral"><ent r="3" t="49" w="284" /></phr></stem><stem n="*.sign"><phr n="*.sign"><ent r="3" t="49" w="288" /></phr></stem><stem n="*.txt)—and"><phr n="*.txt)—and"><ent r="3" t="49" w="290" /></phr></stem><stem n="accordingli"><phr n="accordingly"><ent r="3" t="49" w="302" /></phr></stem><stem n="advis"><phr n="advisable"><ent r="3" t="49" w="311" /><ent r="3" t="50" w="305" /></phr></stem><stem n="warn"><phr n="warning"><ent r="3" t="49" w="439" /><ent r="3" t="50" w="489" /></phr></stem><stem n="simultan"><phr n="simultaneously"><ent r="92" t="49" w="473" /></phr></stem><stem n="describ"><phr n="described"><ent r="3" t="49" w="492" /><ent r="3" t="49" w="515" /></phr></stem><stem n="abov"><phr n="above"><ent r="3" t="49" w="516" /></phr></stem><stem n="much"><phr n="much"><ent r="3" t="50" w="114" /></phr></stem><stem n="quicker"><phr n="quicker"><ent r="3" t="50" w="115" /></phr></stem><stem n="arrow"><phr n="arrow"><ent r="4" t="50" w="237" /></phr></stem><stem n="skip"><phr n="Skip"><ent r="5" t="51" w="57" /><ent r="3" t="51" w="70" /></phr><phr n="skip"><ent r="3" t="51" w="82" /></phr></stem><stem n="radio"><phr n="radio"><ent r="4" t="51" w="64" /></phr></stem><stem n="(area"><phr n="(Area"><ent r="3" t="52" w="22" /></phr></stem><stem n="(gener"><phr n="(generating"><ent r="3" t="52" w="36" /></phr></stem><stem n="bodi"><phr n="body"><ent r="3" t="52" w="49" /><ent r="3" t="62" w="202" /></phr></stem><stem n="water"><phr n="water"><ent r="3" t="52" w="51" /><ent r="3" t="62" w="201" /></phr></stem><stem n="dry"><phr n="dry"><ent r="3" t="52" w="53" /></phr></stem><stem n="lake"><phr n="lake"><ent r="3" t="52" w="54" /></phr></stem><stem n="bed"><phr n="bed"><ent r="3" t="52" w="55" /></phr></stem><stem n="varianc"><phr n="variances"><ent r="3" t="52" w="60" /></phr></stem><stem n="poor"><phr n="poor"><ent r="3" t="52" w="70" /></phr></stem><stem n="(minimum"><phr n="(Minimum"><ent r="3" t="52" w="82" /></phr></stem><stem n="question"><phr n="questionable"><ent r="3" t="52" w="89" /></phr></stem><stem n="opt"><phr n="opted"><ent r="3" t="53" w="9" /></phr></stem><stem n="hold"><phr n="hold"><ent r="3" t="53" w="72" /></phr></stem><stem n="cursor"><phr n="cursor"><ent r="3" t="53" w="81" /></phr></stem><stem n="(nois"><phr n="(noise"><ent r="3" t="54" w="33" /></phr></stem><stem n="mnfcvm"><phr n="mnfcvm"><ent r="3" t="54" w="39" /></phr></stem><stem n="“.mnfcvm”."><phr n="“.mnfcvm”."><ent r="3" t="54" w="40" /></phr></stem><stem n="landsat_etm"><phr n="Landsat_ETM"><ent r="1000" t="55" w="2" /><ent r="1000" t="55" w="1" /></phr></stem><stem n="etm"><phr n="ETM"><ent r="1000" t="55" w="2" /></phr></stem><stem n="landsat_etm_import"><phr n="Landsat_ETM_Importer"><ent r="1000" t="55" w="3" /><ent r="1000" t="55" w="1" /></phr></stem><stem n="_etm_importer_popup"><phr n="_ETM_Importer_Popup"><ent r="1000" t="55" w="4" /></phr></stem><stem n="landsat_etm_importer_popup"><phr n="Landsat_ETM_Importer_Popup"><ent r="1000" t="55" w="4" /><ent r="1000" t="55" w="1" /></phr></stem><stem n="popup"><phr n="Popup"><ent r="1000" t="55" w="4" /><ent r="1000" t="56" w="4" /><ent r="1000" t="58" w="2" /></phr></stem><stem n="geolog"><phr n="Geological"><ent r="4" t="55" w="8" /><ent r="4" t="56" w="8" /></phr></stem><stem n="survei"><phr n="Survey"><ent r="4" t="55" w="9" /><ent r="4" t="56" w="9" /></phr></stem><stem n="usg"><phr n="USGS"><ent r="4" t="55" w="10" /><ent r="4" t="56" w="10" /></phr><phr n="usgs"><ent r="4" t="55" w="21" /><ent r="4" t="56" w="21" /></phr></stem><stem n="(usgs),"><phr n="(USGS),"><ent r="4" t="55" w="11" /><ent r="4" t="56" w="11" /></phr></stem><stem n="—a"><phr n="—A"><ent r="5" t="55" w="13" /><ent r="4" t="56" w="13" /></phr></stem><stem n="global"><phr n="Global"><ent r="5" t="55" w="14" /><ent r="4" t="56" w="14" /></phr></stem><stem n="-observ"><phr n="-Observation"><ent r="5" t="55" w="15" /><ent r="5" t="55" w="15" /><ent r="4" t="56" w="15" /><ent r="4" t="56" w="15" /></phr></stem><stem n="land"><phr n="Land"><ent r="5" t="55" w="15" /><ent r="4" t="56" w="15" /></phr></stem><stem n="land-observ"><phr n="Land-Observation"><ent r="5" t="55" w="15" /><ent r="4" t="56" w="15" /></phr></stem><stem n="project"><phr n="Project"><ent r="5" t="55" w="17" /><ent r="4" t="56" w="17" /></phr><phr n="project"><ent r="4" t="55" w="23" /><ent r="4" t="56" w="23" /></phr><phr n="projection"><ent r="3" t="57" w="280" /></phr><phr n="projects"><ent r="4" t="60" w="66" /></phr></stem><stem n="http"><phr n="http"><ent r="4" t="55" w="19" /><ent r="4" t="56" w="19" /><ent r="4" t="60" w="61" /><ent r="4" t="60" w="83" /><ent r="4" t="60" w="92" /></phr></stem><stem n="landsat.usg"><phr n="landsat.usgs"><ent r="4" t="55" w="21" /><ent r="4" t="55" w="20" /><ent r="4" t="56" w="21" /><ent r="4" t="56" w="20" /></phr></stem><stem n="landsat.usgs.gov"><phr n="landsat.usgs.gov"><ent r="4" t="55" w="22" /><ent r="4" t="55" w="20" /><ent r="4" t="56" w="22" /><ent r="4" t="56" w="20" /></phr></stem><stem n="gov"><phr n="gov"><ent r="4" t="55" w="22" /><ent r="4" t="56" w="22" /></phr></stem><stem n="landsat.usgs.gov/project"><phr n="landsat.usgs.gov/project"><ent r="4" t="55" w="23" /><ent r="4" t="55" w="20" /><ent r="4" t="56" w="23" /><ent r="4" t="56" w="20" /></phr></stem><stem n="landsat.usgs.gov/project_fact"><phr n="landsat.usgs.gov/project_facts"><ent r="4" t="55" w="24" /><ent r="4" t="55" w="20" /><ent r="4" t="56" w="24" /><ent r="4" t="56" w="20" /></phr></stem><stem n="fact"><phr n="facts"><ent r="4" t="55" w="24" /><ent r="4" t="56" w="24" /></phr><phr n="fact"><ent r="4" t="55" w="27" /><ent r="4" t="56" w="27" /></phr></stem><stem n="landsat.usgs.gov/project_facts/fil"><phr n="landsat.usgs.gov/project_facts/files"><ent r="4" t="55" w="25" /><ent r="4" t="55" w="20" /><ent r="4" t="56" w="25" /><ent r="4" t="56" w="20" /></phr></stem><stem n="landsat.usgs.gov/project_facts/files/landsat"><phr n="landsat.usgs.gov/project_facts/files/landsat"><ent r="4" t="55" w="26" /><ent r="4" t="55" w="20" /><ent r="4" t="56" w="26" /><ent r="4" t="56" w="20" /></phr></stem><stem n="landsat.usgs.gov/project_facts/files/landsat_fact"><phr n="landsat.usgs.gov/project_facts/files/landsat_fact"><ent r="4" t="55" w="27" /><ent r="4" t="55" w="20" /><ent r="4" t="56" w="27" /><ent r="4" t="56" w="20" /></phr></stem><stem n="landsat.usgs.gov/project_facts/files/landsat_fact_sheet"><phr n="landsat.usgs.gov/project_facts/files/landsat_fact_sheet"><ent r="4" t="55" w="28" /><ent r="4" t="55" w="20" /><ent r="4" t="56" w="28" /><ent r="4" t="56" w="20" /></phr></stem><stem n="sheet"><phr n="sheet"><ent r="4" t="55" w="28" /><ent r="4" t="56" w="28" /></phr></stem><stem n="20023"><phr n="20023"><ent r="4" t="55" w="29" /><ent r="4" t="56" w="29" /></phr></stem><stem n="20023-03"><phr n="20023-03"><ent r="4" t="55" w="29" /><ent r="4" t="56" w="29" /></phr></stem><stem n="03"><phr n="03"><ent r="4" t="55" w="30" /><ent r="4" t="56" w="30" /></phr></stem><stem n="landsat.usgs.gov/project_facts/files/landsat_fact_sheet_20023-03.pdf"><phr n="landsat.usgs.gov/project_facts/files/landsat_fact_sheet_20023-03.pdf"><ent r="4" t="55" w="31" /><ent r="4" t="55" w="20" /><ent r="4" t="56" w="31" /><ent r="4" t="56" w="20" /></phr></stem><stem n="pdf"><phr n="pdf"><ent r="4" t="55" w="31" /><ent r="4" t="56" w="31" /><ent r="4" t="60" w="90" /><ent r="4" t="60" w="97" /><ent r="4" t="60" w="99" /></phr></stem><stem n="(http://landsat.usgs.gov/project_facts/files/landsat_fact_sheet_20023-03.pdf)"><phr n="(http://landsat.usgs.gov/project_facts/files/landsat_fact_sheet_20023-03.pdf)"><ent r="4" t="55" w="32" /><ent r="4" t="56" w="32" /></phr></stem><stem n="level"><phr n="Level"><ent r="5" t="55" w="33" /></phr></stem><stem n="book"><phr n="Book"><ent r="5" t="55" w="41" /><ent r="4" t="55" w="45" /></phr></stem><stem n="vol"><phr n="Vol"><ent r="4" t="55" w="43" /><ent r="4" t="60" w="46" /></phr></stem><stem n="landsat_tm"><phr n="Landsat_TM"><ent r="1000" t="56" w="2" /><ent r="1000" t="56" w="1" /></phr></stem><stem n="landsat_tm_import"><phr n="Landsat_TM_Importer"><ent r="1000" t="56" w="3" /><ent r="1000" t="56" w="1" /></phr></stem><stem n="_tm_importer_popup"><phr n="_TM_Importer_Popup"><ent r="1000" t="56" w="4" /></phr></stem><stem n="landsat_tm_importer_popup"><phr n="Landsat_TM_Importer_Popup"><ent r="1000" t="56" w="4" /><ent r="1000" t="56" w="1" /></phr></stem><stem n="extract"><phr n="extracts"><ent r="3" t="57" w="37" /></phr></stem><stem n="prior"><phr n="prior"><ent r="3" t="57" w="73" /></phr></stem><stem n="none"><phr n="none"><ent r="3" t="57" w="79" /></phr></stem><stem n="launch"><phr n="launches"><ent r="3" t="57" w="84" /></phr></stem><stem n="advantag"><phr n="advantage"><ent r="3" t="57" w="94" /></phr></stem><stem n="subpixel"><phr n="subpixel"><ent r="3" t="57" w="101" /></phr></stem><stem n="construct"><phr n="constructing"><ent r="3" t="57" w="108" /></phr></stem><stem n="oper"><phr n="operator"><ent r="3" t="57" w="111" /></phr><phr n="operate"><ent r="3" t="57" w="263" /></phr></stem><stem n="tri"><phr n="tries"><ent r="3" t="57" w="123" /></phr></stem><stem n="respons"><phr n="response"><ent r="3" t="57" w="127" /><ent r="3" t="57" w="136" /><ent r="3" t="57" w="169" /></phr></stem><stem n="suppress"><phr n="suppressing"><ent r="3" t="57" w="134" /></phr></stem><stem n="f"><phr n="f"><ent r="4" t="57" w="154" /></phr><phr n="F"><ent r="4" t="60" w="5" /><ent r="4" t="60" w="25" /></phr></stem><stem n="contribut"><phr n="contribution"><ent r="3" t="57" w="159" /></phr></stem><stem n="(energy)"><phr n="(energy)"><ent r="3" t="57" w="161" /></phr></stem><stem n="strong"><phr n="strong"><ent r="3" t="57" w="168" /></phr></stem><stem n="given"><phr n="given"><ent r="3" t="57" w="182" /></phr></stem><stem n="vector"><phr n="vector"><ent r="3" t="57" w="191" /><ent r="3" t="57" w="247" /><ent r="3" t="59" w="40" /><ent r="3" t="59" w="77" /><ent r="3" t="59" w="112" /><ent r="3" t="59" w="117" /><ent r="3" t="59" w="131" /><ent r="4" t="59" w="139" /></phr><phr n="vectors"><ent r="3" t="59" w="273" /><ent r="3" t="59" w="292" /><ent r="3" t="59" w="304" /></phr></stem><stem n="i."><phr n="i.e"><ent r="3" t="57" w="197" /><ent r="3" t="57" w="196" /><ent r="3" t="57" w="278" /><ent r="3" t="57" w="277" /><ent r="3" t="57" w="302" /><ent r="3" t="57" w="301" /><ent r="3" t="57" w="326" /><ent r="3" t="57" w="325" /><ent r="3" t="62" w="158" /><ent r="3" t="62" w="157" /></phr></stem><stem n="i.e."><phr n="i.e."><ent r="3" t="57" w="197" /><ent r="3" t="57" w="196" /><ent r="3" t="57" w="278" /><ent r="3" t="57" w="277" /><ent r="3" t="57" w="302" /><ent r="3" t="57" w="301" /><ent r="3" t="57" w="326" /><ent r="3" t="57" w="325" /><ent r="3" t="62" w="158" /><ent r="3" t="62" w="157" /></phr></stem><stem n="(i.e.,"><phr n="(i.e.,"><ent r="3" t="57" w="198" /><ent r="3" t="57" w="279" /><ent r="3" t="57" w="303" /><ent r="3" t="57" w="327" /><ent r="3" t="62" w="159" /></phr></stem><stem n="vapor"><phr n="vapor"><ent r="3" t="57" w="203" /></phr></stem><stem n="correl"><phr n="correlation"><ent r="3" t="57" w="213" /><ent r="3" t="57" w="222" /></phr></stem><stem n="(measurements)."><phr n="(measurements)."><ent r="3" t="57" w="220" /></phr></stem><stem n="n"><phr n="N"><ent r="4" t="57" w="236" /></phr><phr n="n"><ent r="3" t="59" w="43" /><ent r="4" t="59" w="48" /><ent r="3" t="59" w="216" /><ent r="3" t="59" w="226" /></phr></stem><stem n=",…,n,"><phr n=",…,N,"><ent r="4" t="57" w="237" /></phr></stem><stem n="r"><phr n="r"><ent r="4" t="57" w="240" /><ent r="4" t="57" w="292" /></phr><phr n="R"><ent r="4" t="63" w="5" /></phr></stem><stem n="produc"><phr n="produce"><ent r="3" t="57" w="272" /></phr></stem><stem n="&quot;cem"><phr n="&quot;CEM"><ent r="3" t="57" w="274" /></phr></stem><stem n="score"><phr n="score"><ent r="3" t="57" w="275" /></phr></stem><stem n="-center"><phr n="-centered"><ent r="3" t="57" w="299" /><ent r="3" t="57" w="299" /></phr></stem><stem n="mean-cent"><phr n="mean-centered"><ent r="3" t="57" w="299" /></phr></stem><stem n="spectrometri"><phr n="spectrometry"><ent r="3" t="57" w="316" /></phr></stem><stem n="assum"><phr n="assumed"><ent r="3" t="57" w="321" /></phr></stem><stem n="stationari"><phr n="stationary"><ent r="3" t="57" w="324" /></phr></stem><stem n="air"><phr n="air"><ent r="3" t="57" w="335" /></phr></stem><stem n="well"><phr n="well"><ent r="3" t="57" w="345" /></phr></stem><stem n="well-condit"><phr n="well-conditioned"><ent r="3" t="57" w="345" /></phr></stem><stem n="condit"><phr n="conditioned"><ent r="3" t="57" w="346" /></phr></stem><stem n="-conditioned,"><phr n="-conditioned,"><ent r="3" t="57" w="347" /><ent r="3" t="57" w="347" /></phr></stem><stem n="so"><phr n="so"><ent r="3" t="57" w="347" /></phr><phr n="So"><ent r="3" t="61" w="37" /><ent r="3" t="61" w="68" /></phr></stem><stem n="singular"><phr n="singular"><ent r="3" t="57" w="354" /></phr></stem><stem n="decomposit"><phr n="decomposition"><ent r="3" t="57" w="356" /></phr></stem><stem n="eigenvalu"><phr n="eigenvalue"><ent r="3" t="57" w="366" /></phr></stem><stem n="/eigenvector"><phr n="/eigenvector"><ent r="3" t="57" w="367" /></phr></stem><stem n="eigenvalue/eigenvector"><phr n="eigenvalue/eigenvector"><ent r="3" t="57" w="367" /><ent r="3" t="57" w="366" /></phr></stem><stem n="eigenvector"><phr n="eigenvector"><ent r="3" t="57" w="367" /></phr></stem><stem n="_popup"><phr n="_Popup"><ent r="1000" t="58" w="2" /></phr></stem><stem n="cem_popup"><phr n="CEM_Popup"><ent r="1000" t="58" w="2" /><ent r="1000" t="58" w="1" /></phr></stem><stem n="techniqu"><phr n="technique"><ent r="4" t="58" w="15" /></phr></stem><stem n="harsanyi"><phr n="Harsanyi"><ent r="4" t="58" w="16" /></phr></stem><stem n="(harsanyi,"><phr n="(Harsanyi,"><ent r="4" t="58" w="17" /></phr></stem><stem n="1993"><phr n="1993"><ent r="4" t="58" w="17" /><ent r="4" t="60" w="27" /></phr></stem><stem n="&quot;local"><phr n="&quot;Locally"><ent r="4" t="58" w="19" /></phr></stem><stem n="aviri"><phr n="AVIRIS"><ent r="4" t="58" w="25" /></phr></stem><stem n=",&quot;"><phr n=",&quot;"><ent r="4" t="58" w="27" /><ent r="4" t="60" w="42" /><ent r="4" t="63" w="37" /><ent r="4" t="63" w="68" /></phr></stem><stem n="dmitri"><phr n="Dmitry"><ent r="4" t="58" w="27" /></phr></stem><stem n="frolov"><phr n="Frolov"><ent r="4" t="58" w="28" /></phr></stem><stem n="randal"><phr n="Randall"><ent r="4" t="58" w="30" /></phr></stem><stem n="b"><phr n="B"><ent r="4" t="58" w="31" /><ent r="4" t="60" w="9" /><ent r="4" t="60" w="15" /><ent r="3" t="62" w="61" /><ent r="3" t="62" w="123" /></phr></stem><stem n="smith"><phr n="Smith"><ent r="4" t="58" w="32" /></phr></stem><stem n="microimag"><phr n="MicroImages"><ent r="4" t="58" w="33" /></phr></stem><stem n="inc"><phr n="Inc"><ent r="4" t="58" w="34" /><ent r="4" t="60" w="82" /></phr></stem><stem n="endmemb"><phr n="endmember"><ent r="3" t="59" w="33" /></phr></stem><stem n="-dimension"><phr n="-dimensional"><ent r="3" t="59" w="43" /><ent r="3" t="59" w="43" /></phr></stem><stem n="n-dimension"><phr n="n-dimensional"><ent r="3" t="59" w="43" /></phr></stem><stem n="dimension"><phr n="dimensional"><ent r="3" t="59" w="44" /></phr></stem><stem n="direct"><phr n="direction"><ent r="4" t="59" w="69" /><ent r="4" t="59" w="133" /><ent r="3" t="59" w="269" /></phr></stem><stem n="insensit"><phr n="insensitive"><ent r="3" t="59" w="121" /><ent r="3" t="59" w="283" /></phr></stem><stem n="illumin"><phr n="illumination"><ent r="3" t="59" w="123" /><ent r="3" t="59" w="336" /></phr></stem><stem n="length"><phr n="length"><ent r="4" t="59" w="140" /><ent r="3" t="59" w="277" /></phr><phr n="lengths"><ent r="4" t="59" w="300" /></phr></stem><stem n="(in"><phr n="(in"><ent r="3" t="59" w="159" /></phr></stem><stem n="consist"><phr n="consists"><ent r="3" t="59" w="167" /></phr></stem><stem n="take"><phr n="taking"><ent r="3" t="59" w="169" /></phr></stem><stem n="arccosin"><phr n="arccosine"><ent r="3" t="59" w="171" /></phr></stem><stem n="dot"><phr n="dot"><ent r="3" t="59" w="174" /></phr></stem><stem n="&quot;spectral"><phr n="&quot;spectral"><ent r="3" t="59" w="188" /></phr></stem><stem n="&quot;)"><phr n="&quot;)"><ent r="3" t="59" w="190" /></phr></stem><stem n="(input"><phr n="(input"><ent r="3" t="59" w="195" /></phr></stem><stem n="(i)"><phr n="(i)"><ent r="3" t="59" w="210" /><ent r="3" t="59" w="220" /></phr></stem><stem n="(i"><phr n="(i"><ent r="3" t="59" w="213" /><ent r="3" t="59" w="223" /></phr></stem><stem n="|t|"><phr n="|T|"><ent r="3" t="59" w="228" /><ent r="3" t="59" w="258" /></phr></stem><stem n="squar"><phr n="square"><ent r="3" t="59" w="229" /><ent r="3" t="59" w="240" /></phr></stem><stem n="root"><phr n="root"><ent r="3" t="59" w="230" /><ent r="3" t="59" w="241" /></phr></stem><stem n="(t(i)"><phr n="(T(i)"><ent r="3" t="59" w="236" /></phr></stem><stem n="(i))"><phr n="(i))"><ent r="3" t="59" w="238" /><ent r="3" t="59" w="249" /></phr></stem><stem n="|p|"><phr n="|P|"><ent r="3" t="59" w="239" /><ent r="3" t="59" w="259" /></phr></stem><stem n="(p(i)"><phr n="(P(i)"><ent r="3" t="59" w="247" /></phr></stem><stem n="arcco"><phr n="arccos"><ent r="3" t="59" w="251" /></phr></stem><stem n="(sum"><phr n="(Sum"><ent r="3" t="59" w="252" /></phr></stem><stem n="(t(i)*p(i)))"><phr n="(T(i)*P(i)))"><ent r="3" t="59" w="258" /></phr></stem><stem n="demonstr"><phr n="demonstrates"><ent r="3" t="59" w="279" /></phr></stem><stem n="invari"><phr n="invariant"><ent r="3" t="59" w="294" /></phr></stem><stem n="respect"><phr n="respect"><ent r="3" t="59" w="296" /></phr></stem><stem n="(from"><phr n="(from"><ent r="3" t="59" w="310" /><ent r="3" t="59" w="323" /></phr></stem><stem n="remot"><phr n="remotely"><ent r="3" t="59" w="318" /></phr><phr n="Remote"><ent r="4" t="60" w="42" /><ent r="5" t="63" w="72" /></phr><phr n="remote"><ent r="3" t="62" w="13" /><ent r="3" t="62" w="32" /><ent r="3" t="62" w="100" /><ent r="3" t="62" w="227" /><ent r="3" t="62" w="249" /></phr></stem><stem n="sens"><phr n="sensed"><ent r="3" t="59" w="319" /></phr><phr n="Sensing"><ent r="4" t="60" w="43" /><ent r="5" t="63" w="73" /></phr><phr n="sensing"><ent r="3" t="62" w="14" /><ent r="3" t="62" w="33" /><ent r="3" t="62" w="228" /></phr></stem><stem n="inher"><phr n="inherently"><ent r="3" t="59" w="327" /></phr></stem><stem n="topograph"><phr n="topographic"><ent r="3" t="59" w="335" /></phr></stem><stem n="chosen"><phr n="chosen"><ent r="3" t="59" w="343" /></phr></stem><stem n="(pixel)"><phr n="(pixel)"><ent r="3" t="59" w="358" /></phr></stem><stem n="smallest"><phr n="smallest"><ent r="3" t="59" w="403" /></phr></stem><stem n="_refer"><phr n="_References"><ent r="1000" t="60" w="2" /></phr></stem><stem n="sam_refer"><phr n="SAM_References"><ent r="1000" t="60" w="2" /><ent r="1000" t="60" w="1" /></phr></stem><stem n="kruse"><phr n="Kruse"><ent r="4" t="60" w="4" /></phr></stem><stem n="f.a"><phr n="F.A"><ent r="4" t="60" w="6" /><ent r="4" t="60" w="5" /></phr></stem><stem n="f.a."><phr n="F.A."><ent r="4" t="60" w="6" /><ent r="4" t="60" w="5" /></phr></stem><stem n=".a.,"><phr n=".A.,"><ent r="4" t="60" w="7" /></phr></stem><stem n="lefkoff"><phr n="Lefkoff"><ent r="4" t="60" w="7" /></phr></stem><stem n="a.b"><phr n="A.B"><ent r="4" t="60" w="9" /><ent r="4" t="60" w="8" /></phr></stem><stem n="a.b."><phr n="A.B."><ent r="4" t="60" w="9" /><ent r="4" t="60" w="8" /></phr></stem><stem n=".b.,"><phr n=".B.,"><ent r="4" t="60" w="10" /><ent r="4" t="60" w="16" /></phr></stem><stem n="boardman"><phr n="Boardman"><ent r="4" t="60" w="10" /><ent r="4" t="63" w="55" /></phr></stem><stem n="j"><phr n="J"><ent r="4" t="60" w="11" /><ent r="4" t="60" w="21" /><ent r="4" t="63" w="37" /><ent r="4" t="63" w="48" /></phr></stem><stem n="j.w"><phr n="J.W"><ent r="4" t="60" w="12" /><ent r="4" t="60" w="11" /></phr></stem><stem n="w"><phr n="W"><ent r="4" t="60" w="12" /><ent r="4" t="63" w="50" /><ent r="4" t="63" w="54" /></phr></stem><stem n="j.w."><phr n="J.W."><ent r="4" t="60" w="12" /><ent r="4" t="60" w="11" /></phr></stem><stem n=".w.,"><phr n=".W.,"><ent r="4" t="60" w="13" /></phr></stem><stem n="heidebrecht"><phr n="Heidebrecht"><ent r="4" t="60" w="13" /></phr></stem><stem n="k.b"><phr n="K.B"><ent r="4" t="60" w="15" /><ent r="4" t="60" w="14" /></phr></stem><stem n="k.b."><phr n="K.B."><ent r="4" t="60" w="15" /><ent r="4" t="60" w="14" /></phr></stem><stem n="shapiro"><phr n="Shapiro"><ent r="4" t="60" w="16" /></phr></stem><stem n="a.t"><phr n="A.T"><ent r="4" t="60" w="18" /><ent r="4" t="60" w="17" /></phr></stem><stem n="a.t."><phr n="A.T."><ent r="4" t="60" w="18" /><ent r="4" t="60" w="17" /></phr></stem><stem n=".t.,"><phr n=".T.,"><ent r="4" t="60" w="19" /></phr></stem><stem n="barloon"><phr n="Barloon"><ent r="4" t="60" w="19" /></phr></stem><stem n="p.j"><phr n="P.J"><ent r="4" t="60" w="21" /><ent r="4" t="60" w="20" /></phr></stem><stem n="p.j."><phr n="P.J."><ent r="4" t="60" w="21" /><ent r="4" t="60" w="20" /></phr></stem><stem n=".j.,"><phr n=".J.,"><ent r="4" t="60" w="22" /></phr></stem><stem n="goetz"><phr n="Goetz"><ent r="4" t="60" w="23" /></phr></stem><stem n="a.f"><phr n="A.F"><ent r="4" t="60" w="25" /><ent r="4" t="60" w="24" /></phr></stem><stem n="a.f.h"><phr n="A.F.H"><ent r="4" t="60" w="26" /><ent r="4" t="60" w="24" /></phr></stem><stem n="a.f.h."><phr n="A.F.H."><ent r="4" t="60" w="26" /><ent r="4" t="60" w="24" /></phr></stem><stem n=".f.h."><phr n=".F.H."><ent r="4" t="60" w="27" /></phr></stem><stem n="(1993),"><phr n="(1993),"><ent r="4" t="60" w="28" /></phr></stem><stem n="&quot;the"><phr n="&quot;The"><ent r="4" t="60" w="28" /><ent r="4" t="63" w="57" /></phr></stem><stem n="system"><phr n="System"><ent r="4" t="60" w="32" /></phr><phr n="Systems"><ent r="4" t="60" w="81" /><ent r="5" t="63" w="42" /></phr></stem><stem n="sip"><phr n="SIPS"><ent r="4" t="60" w="33" /></phr></stem><stem n="(sips)"><phr n="(SIPS)"><ent r="4" t="60" w="34" /></phr></stem><stem n="spectromet"><phr n="Spectrometer"><ent r="4" t="60" w="40" /></phr></stem><stem n="44"><phr n="44"><ent r="4" t="60" w="47" /></phr></stem><stem n="pp"><phr n="pp"><ent r="4" t="60" w="48" /></phr></stem><stem n="-163"><phr n="-163"><ent r="4" t="60" w="49" /><ent r="4" t="60" w="49" /></phr></stem><stem n="145"><phr n="145"><ent r="4" t="60" w="49" /></phr></stem><stem n="145-163"><phr n="145-163"><ent r="4" t="60" w="49" /></phr></stem><stem n="163"><phr n="163"><ent r="4" t="60" w="50" /></phr></stem><stem n="univers"><phr n="University"><ent r="4" t="60" w="52" /></phr></stem><stem n="texa"><phr n="Texas"><ent r="4" t="60" w="54" /></phr></stem><stem n="austin"><phr n="Austin"><ent r="4" t="60" w="56" /></phr></stem><stem n="research"><phr n="Research"><ent r="4" t="60" w="60" /><ent r="4" t="60" w="80" /></phr></stem><stem n="www"><phr n="www"><ent r="4" t="60" w="62" /><ent r="4" t="60" w="84" /></phr></stem><stem n="www.csr"><phr n="www.csr"><ent r="4" t="60" w="63" /><ent r="4" t="60" w="62" /></phr></stem><stem n="csr"><phr n="csr"><ent r="4" t="60" w="63" /></phr></stem><stem n="www.csr.utexa"><phr n="www.csr.utexas"><ent r="4" t="60" w="64" /><ent r="4" t="60" w="62" /></phr></stem><stem n="utexa"><phr n="utexas"><ent r="4" t="60" w="64" /></phr></stem><stem n="www.csr.utexas.edu"><phr n="www.csr.utexas.edu"><ent r="4" t="60" w="65" /><ent r="4" t="60" w="62" /></phr></stem><stem n="edu"><phr n="edu"><ent r="4" t="60" w="65" /><ent r="4" t="60" w="87" /><ent r="4" t="60" w="96" /></phr></stem><stem n="www.csr.utexas.edu/project"><phr n="www.csr.utexas.edu/projects"><ent r="4" t="60" w="66" /><ent r="4" t="60" w="62" /></phr></stem><stem n="www.csr.utexas.edu/projects/r"><phr n="www.csr.utexas.edu/projects/rs"><ent r="4" t="60" w="67" /><ent r="4" t="60" w="62" /></phr></stem><stem n="rs"><phr n="rs"><ent r="4" t="60" w="67" /></phr></stem><stem n="www.csr.utexas.edu/projects/rs/hr"><phr n="www.csr.utexas.edu/projects/rs/hrs"><ent r="4" t="60" w="68" /><ent r="4" t="60" w="62" /></phr></stem></index>