﻿<?xml version="1.0" encoding="utf-8"?><index><stem n="depress"><phr n="depressed"><ent r="6" t="1" w="244" /></phr></stem><stem n="left"><phr n="left"><ent r="6" t="1" w="246" /><ent r="4" t="11" w="302" /><ent r="4" t="30" w="85" /><ent r="4" t="33" w="286" /><ent r="4" t="33" w="349" /><ent r="4" t="35" w="74" /><ent r="3" t="35" w="167" /><ent r="4" t="46" w="58" /><ent r="3" t="51" w="75" /></phr><phr n="Left"><ent r="4" t="43" w="51" /></phr></stem><stem n="spatial"><phr n="spatial"><ent r="6" t="1" w="250" /><ent r="6" t="1" w="344" /><ent r="6" t="1" w="417" /><ent r="3" t="7" w="55" /><ent r="3" t="8" w="66" /><ent r="3" t="8" w="72" /><ent r="3" t="23" w="15" /><ent r="3" t="23" w="35" /><ent r="4" t="34" w="351" /><ent r="4" t="34" w="402" /><ent r="4" t="34" w="441" /><ent r="4" t="34" w="473" /><ent r="3" t="36" w="745" /><ent r="4" t="37" w="98" /><ent r="4" t="37" w="149" /><ent r="4" t="37" w="188" /><ent r="4" t="37" w="220" /><ent r="3" t="41" w="31" /><ent r="3" t="42" w="57" /><ent r="3" t="43" w="34" /><ent r="4" t="43" w="58" /><ent r="3" t="45" w="42" /><ent r="4" t="61" w="30" /></phr><phr n="Spatial"><ent r="3" t="25" w="586" /><ent r="3" t="26" w="113" /></phr></stem><stem n="data"><phr n="data"><ent r="6" t="1" w="251" /><ent r="6" t="1" w="345" /><ent r="6" t="1" w="418" /><ent r="3" t="2" w="34" /><ent r="3" t="2" w="76" /><ent r="3" t="2" w="81" /><ent r="3" t="3" w="28" /><ent r="3" t="4" w="67" /><ent r="3" t="5" w="32" /><ent r="4" t="6" w="58" /><ent r="3" t="6" w="77" /><ent r="3" t="7" w="34" /><ent r="3" t="7" w="77" /><ent r="3" t="7" w="92" /><ent r="6" t="7" w="301" /><ent r="3" t="7" w="314" /><ent r="3" t="7" w="334" /><ent r="4" t="7" w="408" /><ent r="3" t="7" w="416" /><ent r="3" t="8" w="32" /><ent r="3" t="8" w="59" /><ent r="3" t="8" w="95" /><ent r="3" t="8" w="110" /><ent r="3" t="8" w="269" /><ent r="3" t="8" w="289" /><ent r="3" t="8" w="363" /><ent r="3" t="11" w="32" /><ent r="3" t="11" w="79" /><ent r="3" t="11" w="82" /><ent r="4" t="11" w="149" /><ent r="3" t="11" w="181" /><ent r="4" t="12" w="112" /><ent r="4" t="12" w="369" /><ent r="3" t="13" w="102" /><ent r="3" t="13" w="125" /><ent r="4" t="15" w="60" /><ent r="4" t="21" w="173" /><ent r="3" t="23" w="27" /><ent r="4" t="23" w="54" /><ent r="3" t="24" w="50" /><ent r="3" t="24" w="64" /><ent r="3" t="24" w="106" /><ent r="3" t="24" w="114" /><ent r="3" t="24" w="130" /><ent r="3" t="24" w="160" /><ent r="3" t="24" w="169" /><ent r="4" t="25" w="91" /><ent r="4" t="25" w="124" /><ent r="4" t="25" w="136" /><ent r="3" t="25" w="458" /><ent r="3" t="25" w="556" /><ent r="3" t="25" w="571" /><ent r="4" t="26" w="89" /><ent r="3" t="26" w="125" /><ent r="3" t="26" w="144" /><ent r="3" t="28" w="86" /><ent r="4" t="30" w="54" /><ent r="4" t="30" w="412" /><ent r="4" t="30" w="418" /><ent r="3" t="31" w="70" /><ent r="3" t="31" w="116" /><ent r="3" t="31" w="135" /><ent r="3" t="31" w="148" /><ent r="3" t="31" w="163" /><ent r="4" t="31" w="187" /><ent r="3" t="31" w="213" /><ent r="3" t="31" w="255" /><ent r="4" t="31" w="653" /><ent r="4" t="31" w="659" /><ent r="3" t="32" w="88" /><ent r="3" t="32" w="121" /><ent r="3" t="32" w="145" /><ent r="3" t="32" w="154" /><ent r="3" t="32" w="175" /><ent r="4" t="32" w="232" /><ent r="4" t="32" w="594" /><ent r="4" t="32" w="600" /><ent r="3" t="34" w="147" /><ent r="3" t="34" w="181" /><ent r="4" t="34" w="352" /><ent r="4" t="34" w="403" /><ent r="4" t="34" w="442" /><ent r="4" t="34" w="474" /><ent r="3" t="35" w="236" /><ent r="4" t="36" w="141" /><ent r="3" t="36" w="746" /><ent r="4" t="37" w="99" /><ent r="4" t="37" w="150" /><ent r="4" t="37" w="189" /><ent r="4" t="37" w="221" /><ent r="3" t="38" w="37" /><ent r="4" t="38" w="532" /><ent r="3" t="39" w="34" /><ent r="3" t="39" w="55" /><ent r="3" t="39" w="70" /><ent r="4" t="40" w="63" /><ent r="4" t="40" w="70" /><ent r="4" t="40" w="81" /><ent r="3" t="40" w="207" /><ent r="3" t="40" w="436" /><ent r="3" t="40" w="460" /><ent r="3" t="41" w="32" /><ent r="3" t="42" w="58" /><ent r="3" t="43" w="35" /><ent r="4" t="43" w="59" /><ent r="3" t="45" w="43" /><ent r="3" t="45" w="210" /><ent r="3" t="45" w="230" /><ent r="3" t="47" w="75" /><ent r="4" t="49" w="13" /><ent r="3" t="49" w="51" /><ent r="3" t="49" w="101" /><ent r="3" t="55" w="59" /><ent r="3" t="55" w="118" /><ent r="3" t="55" w="317" /><ent r="3" t="57" w="360" /><ent r="3" t="59" w="12" /><ent r="3" t="59" w="90" /><ent r="3" t="60" w="15" /><ent r="3" t="60" w="251" /><ent r="4" t="61" w="33" /></phr><phr n="Data"><ent r="5" t="2" w="153" /><ent r="5" t="3" w="64" /><ent r="5" t="5" w="48" /><ent r="5" t="7" w="361" /><ent r="5" t="8" w="314" /><ent r="5" t="12" w="364" /><ent r="92" t="22" w="22" /><ent r="5" t="22" w="29" /><ent r="5" t="25" w="83" /><ent r="6" t="25" w="185" /><ent r="64" t="25" w="504" /><ent r="64" t="25" w="510" /><ent r="3" t="25" w="587" /><ent r="3" t="26" w="114" /><ent r="4" t="49" w="26" /><ent r="1000" t="50" w="3" /><ent r="92" t="50" w="7" /><ent r="5" t="53" w="38" /><ent r="4" t="58" w="41" /></phr></stem><stem n="view"><phr n="view"><ent r="6" t="1" w="252" /><ent r="6" t="1" w="346" /><ent r="6" t="1" w="419" /><ent r="4" t="34" w="353" /><ent r="4" t="34" w="404" /><ent r="4" t="34" w="443" /><ent r="4" t="34" w="475" /><ent r="4" t="37" w="100" /><ent r="4" t="37" w="151" /><ent r="3" t="38" w="487" /><ent r="3" t="38" w="503" /><ent r="4" t="41" w="41" /><ent r="3" t="42" w="59" /><ent r="3" t="42" w="73" /><ent r="3" t="43" w="36" /><ent r="4" t="43" w="60" /><ent r="3" t="43" w="86" /><ent r="3" t="45" w="44" /><ent r="3" t="45" w="107" /><ent r="3" t="45" w="128" /><ent r="3" t="45" w="139" /><ent r="3" t="45" w="157" /><ent r="4" t="48" w="361" /></phr><phr n="viewing"><ent r="3" t="21" w="75" /></phr><phr n="View"><ent r="92" t="22" w="62" /></phr><phr n="views"><ent r="3" t="41" w="33" /></phr></stem><stem n="locat"><phr n="location"><ent r="6" t="1" w="263" /><ent r="3" t="11" w="104" /><ent r="3" t="11" w="136" /><ent r="4" t="12" w="395" /><ent r="3" t="23" w="84" /><ent r="4" t="36" w="349" /></phr><phr n="Location"><ent r="5" t="12" w="390" /><ent r="4" t="36" w="356" /><ent r="4" t="36" w="369" /></phr><phr n="locations"><ent r="3" t="28" w="55" /><ent r="3" t="32" w="56" /><ent r="3" t="60" w="299" /></phr><phr n="located"><ent r="3" t="28" w="62" /><ent r="3" t="32" w="64" /></phr><phr n="Locate"><ent r="4" t="34" w="116" /><ent r="4" t="34" w="467" /><ent r="92" t="35" w="330" /><ent r="4" t="35" w="360" /><ent r="4" t="35" w="397" /><ent r="4" t="37" w="214" /><ent r="5" t="37" w="354" /><ent r="3" t="37" w="372" /><ent r="4" t="37" w="399" /><ent r="4" t="37" w="423" /></phr><phr n="locate"><ent r="3" t="35" w="386" /><ent r="3" t="37" w="367" /></phr></stem><stem n="best"><phr n="best"><ent r="6" t="1" w="270" /><ent r="6" t="1" w="330" /><ent r="6" t="1" w="402" /><ent r="6" t="1" w="431" /><ent r="3" t="12" w="58" /><ent r="4" t="34" w="58" /><ent r="4" t="34" w="69" /><ent r="4" t="34" w="82" /><ent r="4" t="34" w="103" /><ent r="4" t="34" w="112" /><ent r="4" t="34" w="231" /><ent r="4" t="34" w="256" /><ent r="4" t="34" w="268" /><ent r="4" t="34" w="338" /><ent r="4" t="34" w="363" /><ent r="4" t="34" w="375" /><ent r="4" t="34" w="388" /><ent r="4" t="34" w="413" /><ent r="4" t="34" w="428" /><ent r="4" t="34" w="452" /><ent r="4" t="34" w="460" /><ent r="4" t="36" w="69" /><ent r="4" t="36" w="94" /><ent r="4" t="36" w="106" /><ent r="4" t="37" w="85" /><ent r="4" t="37" w="110" /><ent r="4" t="37" w="122" /><ent r="4" t="37" w="135" /><ent r="4" t="37" w="160" /><ent r="4" t="37" w="175" /><ent r="4" t="37" w="199" /><ent r="4" t="37" w="207" /><ent r="3" t="57" w="157" /></phr></stem><stem n="list"><phr n="list"><ent r="6" t="1" w="281" /><ent r="6" t="1" w="353" /><ent r="6" t="1" w="442" /><ent r="4" t="2" w="242" /><ent r="4" t="2" w="299" /><ent r="4" t="6" w="50" /><ent r="4" t="7" w="375" /><ent r="4" t="8" w="326" /><ent r="4" t="9" w="159" /><ent r="4" t="9" w="217" /><ent r="4" t="10" w="215" /><ent r="4" t="10" w="270" /><ent r="4" t="11" w="266" /><ent r="65" t="13" w="198" /><ent r="4" t="16" w="60" /><ent r="4" t="16" w="161" /><ent r="4" t="16" w="176" /><ent r="4" t="16" w="219" /><ent r="4" t="16" w="240" /><ent r="3" t="18" w="33" /><ent r="4" t="18" w="84" /><ent r="4" t="19" w="53" /><ent r="4" t="20" w="46" /><ent r="4" t="20" w="78" /><ent r="5" t="25" w="178" /><ent r="4" t="25" w="268" /><ent r="4" t="30" w="81" /><ent r="3" t="30" w="132" /><ent r="3" t="30" w="170" /><ent r="3" t="30" w="180" /><ent r="4" t="30" w="433" /><ent r="3" t="31" w="324" /><ent r="3" t="31" w="340" /><ent r="3" t="31" w="511" /><ent r="4" t="31" w="673" /><ent r="4" t="32" w="279" /><ent r="4" t="32" w="289" /><ent r="4" t="32" w="329" /><ent r="4" t="32" w="334" /><ent r="4" t="32" w="494" /><ent r="4" t="32" w="615" /><ent r="3" t="33" w="42" /><ent r="3" t="33" w="61" /><ent r="4" t="33" w="283" /><ent r="4" t="33" w="346" /><ent r="4" t="34" w="109" /><ent r="4" t="34" w="372" /><ent r="4" t="34" w="408" /><ent r="4" t="34" w="457" /><ent r="3" t="35" w="271" /><ent r="4" t="36" w="229" /><ent r="3" t="36" w="750" /><ent r="4" t="37" w="119" /><ent r="4" t="37" w="155" /><ent r="4" t="37" w="204" /><ent r="3" t="38" w="192" /><ent r="4" t="38" w="569" /><ent r="4" t="38" w="626" /><ent r="3" t="39" w="181" /><ent r="4" t="47" w="265" /><ent r="3" t="47" w="570" /><ent r="4" t="49" w="23" /><ent r="3" t="50" w="29" /></phr><phr n="listed"><ent r="3" t="16" w="267" /><ent r="3" t="40" w="522" /><ent r="3" t="40" w="535" /></phr></stem><stem n="algorithm"><phr n="algorithm"><ent r="6" t="1" w="289" /><ent r="6" t="1" w="300" /><ent r="6" t="1" w="361" /><ent r="6" t="1" w="372" /><ent r="6" t="1" w="450" /><ent r="6" t="1" w="461" /><ent r="3" t="11" w="26" /><ent r="3" t="12" w="12" /><ent r="3" t="12" w="26" /><ent r="4" t="12" w="486" /><ent r="3" t="27" w="19" /><ent r="3" t="28" w="30" /><ent r="4" t="30" w="406" /><ent r="4" t="30" w="459" /><ent r="4" t="31" w="647" /><ent r="4" t="31" w="739" /><ent r="3" t="32" w="28" /><ent r="3" t="32" w="228" /><ent r="4" t="32" w="588" /><ent r="4" t="32" w="631" /><ent r="4" t="32" w="637" /><ent r="3" t="35" w="134" /><ent r="3" t="35" w="343" /><ent r="3" t="35" w="390" /><ent r="5" t="36" w="549" /><ent r="4" t="36" w="554" /><ent r="4" t="37" w="400" /><ent r="5" t="37" w="409" /><ent r="4" t="37" w="424" /><ent r="3" t="38" w="33" /><ent r="3" t="38" w="166" /><ent r="3" t="38" w="224" /><ent r="3" t="38" w="273" /><ent r="3" t="38" w="297" /><ent r="3" t="38" w="301" /><ent r="4" t="38" w="335" /><ent r="3" t="38" w="353" /><ent r="4" t="38" w="465" /><ent r="4" t="38" w="635" /><ent r="3" t="39" w="30" /><ent r="3" t="39" w="155" /><ent r="4" t="39" w="260" /><ent r="100" t="40" w="9" /><ent r="3" t="40" w="14" /><ent r="3" t="40" w="47" /><ent r="4" t="40" w="59" /><ent r="3" t="40" w="227" /><ent r="3" t="40" w="380" /><ent r="4" t="40" w="396" /><ent r="3" t="40" w="420" /><ent r="3" t="40" w="424" /><ent r="3" t="40" w="453" /><ent r="3" t="40" w="489" /><ent r="3" t="55" w="15" /><ent r="3" t="55" w="57" /><ent r="3" t="55" w="77" /><ent r="3" t="55" w="122" /><ent r="3" t="57" w="127" /></phr><phr n="Algorithm"><ent r="64" t="11" w="435" /><ent r="64" t="13" w="215" /><ent r="1000" t="21" w="4" /><ent r="102" t="21" w="10" /><ent r="64" t="31" w="919" /><ent r="64" t="32" w="189" /><ent r="4" t="35" w="129" /><ent r="4" t="35" w="338" /><ent r="64" t="38" w="207" /><ent r="3" t="38" w="222" /><ent r="3" t="38" w="271" /><ent r="92" t="38" w="513" /><ent r="3" t="38" w="522" /><ent r="3" t="38" w="586" /><ent r="3" t="38" w="591" /><ent r="1000" t="55" w="2" /><ent r="102" t="55" w="6" /><ent r="1000" t="57" w="2" /><ent r="102" t="57" w="6" /><ent r="1000" t="60" w="2" /><ent r="102" t="60" w="6" /></phr><phr n="algorithms"><ent r="3" t="21" w="45" /><ent r="3" t="21" w="58" /></phr></stem><stem n="valu"><phr n="values"><ent r="6" t="1" w="290" /><ent r="6" t="1" w="362" /><ent r="6" t="1" w="451" /><ent r="4" t="25" w="366" /><ent r="3" t="26" w="93" /><ent r="3" t="28" w="158" /><ent r="3" t="28" w="164" /><ent r="3" t="28" w="194" /><ent r="3" t="31" w="245" /><ent r="4" t="31" w="583" /><ent r="4" t="31" w="816" /><ent r="4" t="31" w="872" /><ent r="4" t="34" w="380" /><ent r="4" t="34" w="418" /><ent r="4" t="34" w="465" /><ent r="4" t="37" w="127" /><ent r="4" t="37" w="165" /><ent r="4" t="37" w="212" /><ent r="3" t="38" w="100" /><ent r="3" t="39" w="102" /><ent r="3" t="40" w="236" /><ent r="3" t="51" w="91" /><ent r="3" t="57" w="212" /><ent r="3" t="57" w="222" /><ent r="3" t="60" w="237" /><ent r="3" t="60" w="243" /><ent r="3" t="60" w="372" /></phr><phr n="value"><ent r="5" t="12" w="235" /><ent r="4" t="12" w="285" /><ent r="4" t="30" w="354" /><ent r="4" t="30" w="370" /><ent r="4" t="30" w="397" /><ent r="4" t="31" w="606" /><ent r="4" t="31" w="638" /><ent r="4" t="31" w="829" /><ent r="4" t="32" w="551" /><ent r="4" t="32" w="563" /><ent r="4" t="32" w="579" /><ent r="3" t="33" w="57" /><ent r="3" t="37" w="564" /><ent r="3" t="47" w="76" /><ent r="3" t="47" w="307" /><ent r="3" t="50" w="90" /><ent r="4" t="51" w="46" /><ent r="3" t="51" w="68" /><ent r="3" t="55" w="355" /><ent r="3" t="57" w="363" /><ent r="3" t="57" w="414" /><ent r="3" t="60" w="75" /></phr><phr n="Value"><ent r="4" t="33" w="191" /></phr></stem><stem n="execut"><phr n="executed"><ent r="6" t="1" w="302" /><ent r="6" t="1" w="374" /><ent r="6" t="1" w="463" /><ent r="3" t="2" w="162" /><ent r="3" t="9" w="80" /><ent r="3" t="10" w="136" /><ent r="3" t="28" w="95" /><ent r="3" t="31" w="146" /><ent r="3" t="32" w="99" /><ent r="3" t="32" w="138" /><ent r="3" t="32" w="172" /><ent r="3" t="34" w="218" /><ent r="3" t="35" w="392" /><ent r="3" t="36" w="56" /></phr><phr n="executing"><ent r="6" t="1" w="349" /><ent r="6" t="1" w="422" /></phr><phr n="execute"><ent r="3" t="30" w="118" /><ent r="4" t="30" w="446" /><ent r="3" t="31" w="497" /><ent r="4" t="31" w="686" /><ent r="3" t="32" w="225" /><ent r="4" t="32" w="480" /><ent r="4" t="32" w="628" /><ent r="4" t="37" w="421" /></phr></stem><stem n="user"><phr n="user"><ent r="6" t="1" w="306" /><ent r="6" t="1" w="378" /><ent r="6" t="1" w="467" /><ent r="3" t="36" w="447" /><ent r="4" t="36" w="661" /><ent r="3" t="37" w="362" /><ent r="4" t="37" w="395" /></phr></stem><stem n="set"><phr n="settings"><ent r="6" t="1" w="307" /><ent r="6" t="1" w="379" /><ent r="6" t="1" w="468" /><ent r="3" t="35" w="387" /><ent r="3" t="36" w="448" /><ent r="4" t="36" w="646" /><ent r="5" t="36" w="656" /><ent r="4" t="36" w="662" /><ent r="4" t="37" w="387" /><ent r="4" t="37" w="396" /><ent r="5" t="37" w="412" /><ent r="3" t="42" w="126" /><ent r="100" t="46" w="7" /><ent r="100" t="46" w="23" /></phr><phr n="sets"><ent r="4" t="7" w="387" /><ent r="4" t="8" w="338" /><ent r="3" t="10" w="28" /><ent r="4" t="15" w="90" /><ent r="3" t="21" w="113" /><ent r="4" t="30" w="308" /><ent r="4" t="30" w="340" /><ent r="4" t="31" w="537" /><ent r="4" t="31" w="569" /><ent r="4" t="32" w="505" /><ent r="4" t="32" w="537" /><ent r="4" t="40" w="82" /><ent r="3" t="40" w="124" /><ent r="3" t="46" w="248" /></phr><phr n="set"><ent r="3" t="8" w="364" /><ent r="4" t="12" w="113" /><ent r="4" t="20" w="114" /><ent r="3" t="23" w="28" /><ent r="4" t="23" w="55" /><ent r="3" t="24" w="107" /><ent r="3" t="24" w="170" /><ent r="5" t="25" w="218" /><ent r="4" t="25" w="330" /><ent r="3" t="35" w="29" /><ent r="3" t="35" w="237" /><ent r="4" t="36" w="142" /><ent r="4" t="36" w="173" /><ent r="3" t="36" w="603" /><ent r="3" t="36" w="634" /><ent r="3" t="38" w="157" /><ent r="4" t="38" w="533" /><ent r="4" t="40" w="64" /><ent r="4" t="40" w="71" /><ent r="3" t="40" w="145" /><ent r="3" t="40" w="223" /><ent r="3" t="40" w="234" /><ent r="3" t="40" w="437" /><ent r="3" t="40" w="461" /><ent r="3" t="40" w="485" /><ent r="3" t="42" w="66" /><ent r="3" t="42" w="97" /><ent r="3" t="43" w="90" /><ent r="3" t="43" w="123" /><ent r="3" t="45" w="100" /><ent r="3" t="45" w="196" /><ent r="3" t="45" w="204" /><ent r="3" t="45" w="211" /><ent r="3" t="45" w="221" /><ent r="3" t="45" w="231" /><ent r="3" t="46" w="555" /><ent r="3" t="46" w="560" /><ent r="3" t="46" w="577" /><ent r="3" t="46" w="617" /><ent r="4" t="51" w="103" /><ent r="3" t="57" w="415" /></phr><phr n="setting"><ent r="3" t="35" w="276" /><ent r="3" t="35" w="298" /><ent r="3" t="35" w="328" /><ent r="3" t="37" w="363" /><ent r="3" t="42" w="111" /><ent r="3" t="43" w="141" /><ent r="3" t="44" w="167" /><ent r="3" t="45" w="278" /><ent r="3" t="46" w="656" /><ent r="4" t="46" w="694" /></phr><phr n="Settings"><ent r="3" t="37" w="375" /><ent r="64" t="41" w="113" /><ent r="64" t="42" w="132" /><ent r="64" t="43" w="151" /><ent r="64" t="44" w="177" /><ent r="64" t="45" w="289" /><ent r="1000" t="46" w="4" /><ent r="102" t="46" w="18" /></phr><phr n="Set"><ent r="4" t="51" w="34" /></phr></stem><stem n="-in."><phr n="-in."><ent r="6" t="1" w="312" /><ent r="6" t="1" w="312" /><ent r="6" t="1" w="384" /><ent r="6" t="1" w="384" /><ent r="6" t="1" w="473" /><ent r="6" t="1" w="473" /><ent r="3" t="30" w="44" /><ent r="3" t="30" w="44" /><ent r="3" t="30" w="123" /><ent r="3" t="30" w="123" /><ent r="4" t="32" w="485" /><ent r="4" t="32" w="485" /><ent r="3" t="35" w="39" /><ent r="3" t="35" w="39" /><ent r="4" t="36" w="197" /><ent r="4" t="36" w="197" /><ent r="3" t="55" w="91" /><ent r="3" t="55" w="91" /></phr><phr n="-In."><ent r="3" t="31" w="502" /><ent r="3" t="31" w="502" /></phr></stem><stem n="activ"><phr n="active"><ent r="6" t="1" w="338" /><ent r="6" t="1" w="343" /><ent r="6" t="1" w="411" /><ent r="6" t="1" w="416" /><ent r="4" t="34" w="398" /><ent r="4" t="34" w="437" /><ent r="4" t="34" w="472" /><ent r="4" t="37" w="145" /><ent r="4" t="37" w="184" /><ent r="4" t="37" w="219" /><ent r="3" t="43" w="33" /><ent r="3" t="44" w="102" /><ent r="3" t="45" w="37" /><ent r="3" t="45" w="41" /><ent r="3" t="45" w="116" /><ent r="3" t="45" w="164" /><ent r="3" t="46" w="96" /><ent r="3" t="46" w="136" /></phr><phr n="Activate"><ent r="5" t="29" w="160" /></phr></stem><stem n="finish"><phr n="finished"><ent r="6" t="1" w="348" /><ent r="6" t="1" w="421" /><ent r="4" t="2" w="330" /><ent r="4" t="9" w="248" /><ent r="4" t="10" w="301" /><ent r="3" t="11" w="343" /><ent r="4" t="12" w="489" /><ent r="3" t="36" w="737" /><ent r="4" t="38" w="470" /><ent r="4" t="38" w="640" /><ent r="4" t="39" w="265" /><ent r="3" t="40" w="426" /></phr><phr n="finishes"><ent r="3" t="38" w="78" /></phr></stem><stem n="aster"><phr n="ASTER"><ent r="1000" t="2" w="1" /><ent r="102" t="2" w="6" /><ent r="100" t="2" w="11" /><ent r="3" t="2" w="19" /><ent r="3" t="2" w="37" /><ent r="3" t="2" w="43" /><ent r="3" t="2" w="61" /><ent r="3" t="2" w="105" /><ent r="3" t="2" w="157" /><ent r="3" t="2" w="166" /><ent r="3" t="2" w="182" /><ent r="4" t="2" w="230" /><ent r="5" t="2" w="246" /><ent r="4" t="2" w="318" /><ent r="4" t="2" w="325" /><ent r="4" t="2" w="338" /></phr></stem><stem n="import"><phr n="Importer"><ent r="1000" t="2" w="4" /><ent r="102" t="2" w="9" /><ent r="100" t="2" w="14" /><ent r="3" t="2" w="29" /><ent r="3" t="2" w="64" /><ent r="3" t="2" w="108" /><ent r="3" t="2" w="160" /><ent r="3" t="2" w="185" /><ent r="4" t="2" w="233" /><ent r="4" t="2" w="321" /><ent r="4" t="2" w="328" /><ent r="4" t="2" w="341" /><ent r="1000" t="3" w="2" /><ent r="102" t="3" w="5" /><ent r="100" t="3" w="8" /><ent r="100" t="3" w="11" /><ent r="5" t="3" w="75" /><ent r="64" t="3" w="102" /><ent r="1000" t="4" w="3" /><ent r="102" t="4" w="8" /><ent r="100" t="4" w="13" /><ent r="100" t="4" w="19" /><ent r="3" t="4" w="26" /><ent r="64" t="4" w="119" /><ent r="1000" t="5" w="3" /><ent r="102" t="5" w="7" /><ent r="100" t="5" w="11" /><ent r="3" t="5" w="18" /><ent r="5" t="5" w="59" /><ent r="5" t="5" w="67" /><ent r="3" t="5" w="92" /><ent r="64" t="5" w="140" /><ent r="64" t="5" w="153" /><ent r="64" t="5" w="158" /><ent r="64" t="5" w="162" /><ent r="1000" t="6" w="3" /><ent r="102" t="6" w="8" /><ent r="100" t="6" w="13" /><ent r="100" t="6" w="19" /><ent r="64" t="6" w="104" /><ent r="1000" t="7" w="3" /><ent r="100" t="7" w="9" /><ent r="102" t="7" w="13" /><ent r="3" t="7" w="18" /><ent r="3" t="7" w="307" /><ent r="3" t="7" w="326" /><ent r="92" t="7" w="342" /><ent r="5" t="7" w="371" /><ent r="5" t="7" w="382" /><ent r="1000" t="8" w="3" /><ent r="100" t="8" w="9" /><ent r="102" t="8" w="13" /><ent r="3" t="8" w="18" /><ent r="3" t="8" w="260" /><ent r="3" t="8" w="281" /><ent r="92" t="8" w="296" /><ent r="4" t="8" w="323" /><ent r="5" t="8" w="333" /><ent r="1000" t="9" w="2" /><ent r="102" t="9" w="5" /><ent r="100" t="9" w="8" /><ent r="3" t="9" w="14" /><ent r="3" t="9" w="45" /><ent r="3" t="9" w="78" /><ent r="3" t="9" w="101" /><ent r="4" t="9" w="148" /><ent r="4" t="9" w="241" /><ent r="4" t="9" w="246" /><ent r="4" t="9" w="257" /><ent r="1000" t="10" w="4" /><ent r="102" t="10" w="9" /><ent r="100" t="10" w="16" /><ent r="3" t="10" w="22" /><ent r="3" t="10" w="79" /><ent r="3" t="10" w="99" /><ent r="3" t="10" w="134" /><ent r="3" t="10" w="158" /><ent r="4" t="10" w="206" /><ent r="4" t="10" w="292" /><ent r="4" t="10" w="299" /><ent r="4" t="10" w="312" /><ent r="5" t="15" w="36" /><ent r="4" t="15" w="70" /><ent r="5" t="15" w="83" /><ent r="4" t="15" w="134" /><ent r="3" t="21" w="127" /><ent r="3" t="21" w="135" /><ent r="4" t="21" w="142" /><ent r="4" t="21" w="185" /><ent r="65" t="21" w="200" /><ent r="4" t="21" w="256" /><ent r="5" t="22" w="42" /><ent r="1000" t="53" w="3" /><ent r="1000" t="54" w="3" /></phr><phr n="Importers"><ent r="100" t="2" w="16" /><ent r="100" t="3" w="13" /><ent r="100" t="5" w="13" /><ent r="100" t="7" w="5" /><ent r="100" t="8" w="5" /><ent r="100" t="9" w="10" /><ent r="100" t="10" w="11" /></phr><phr n="imports"><ent r="3" t="2" w="65" /><ent r="3" t="5" w="93" /><ent r="3" t="7" w="19" /><ent r="3" t="8" w="19" /></phr><phr n="import"><ent r="3" t="2" w="87" /><ent r="3" t="4" w="50" /><ent r="3" t="7" w="309" /><ent r="3" t="7" w="329" /><ent r="3" t="8" w="265" /><ent r="3" t="8" w="284" /><ent r="4" t="12" w="110" /><ent r="4" t="16" w="159" /><ent r="4" t="22" w="53" /><ent r="3" t="32" w="354" /></phr><phr n="importer"><ent r="3" t="2" w="91" /><ent r="3" t="3" w="23" /></phr><phr n="Import"><ent r="5" t="2" w="152" /><ent r="5" t="2" w="207" /><ent r="4" t="2" w="297" /><ent r="5" t="3" w="63" /><ent r="4" t="3" w="69" /><ent r="5" t="4" w="41" /><ent r="5" t="5" w="47" /><ent r="4" t="5" w="53" /><ent r="5" t="6" w="48" /><ent r="5" t="7" w="360" /><ent r="4" t="7" w="366" /><ent r="5" t="8" w="313" /><ent r="4" t="8" w="319" /><ent r="5" t="9" w="123" /><ent r="4" t="9" w="215" /><ent r="5" t="10" w="180" /><ent r="4" t="10" w="268" /><ent r="5" t="16" w="92" /><ent r="4" t="16" w="174" /><ent r="5" t="22" w="28" /><ent r="4" t="22" w="34" /><ent r="3" t="30" w="256" /><ent r="3" t="31" w="417" /><ent r="3" t="32" w="409" /><ent r="5" t="36" w="267" /><ent r="4" t="36" w="314" /><ent r="4" t="40" w="61" /><ent r="3" t="49" w="44" /></phr><phr n="importing"><ent r="3" t="4" w="64" /><ent r="3" t="48" w="112" /></phr><phr n="Imported"><ent r="92" t="5" w="85" /></phr><phr n="imported"><ent r="3" t="5" w="124" /></phr><phr n="importers"><ent r="3" t="15" w="21" /><ent r="3" t="21" w="115" /></phr><phr n="important"><ent r="3" t="21" w="96" /><ent r="3" t="24" w="163" /></phr></stem><stem n="(advanc"><phr n="(Advanced"><ent r="3" t="2" w="20" /></phr></stem><stem n="spaceborn"><phr n="Spaceborne"><ent r="3" t="2" w="21" /></phr></stem><stem n="thermal"><phr n="Thermal"><ent r="3" t="2" w="22" /><ent r="6" t="7" w="259" /><ent r="6" t="7" w="262" /><ent r="6" t="8" w="227" /><ent r="6" t="8" w="230" /></phr><phr n="thermal"><ent r="3" t="7" w="57" /><ent r="3" t="7" w="138" /></phr></stem><stem n="emiss"><phr n="Emission"><ent r="3" t="2" w="23" /></phr></stem><stem n="reflect"><phr n="Reflection"><ent r="3" t="2" w="25" /></phr><phr n="reflectance"><ent r="3" t="2" w="75" /><ent r="3" t="4" w="86" /><ent r="3" t="11" w="38" /><ent r="3" t="11" w="54" /><ent r="3" t="11" w="81" /><ent r="3" t="11" w="114" /><ent r="3" t="11" w="232" /><ent r="3" t="11" w="246" /><ent r="4" t="11" w="321" /><ent r="3" t="12" w="83" /><ent r="3" t="31" w="78" /><ent r="3" t="31" w="119" /><ent r="3" t="31" w="218" /><ent r="3" t="31" w="259" /><ent r="3" t="31" w="284" /><ent r="3" t="32" w="152" /><ent r="3" t="57" w="321" /><ent r="3" t="60" w="20" /><ent r="3" t="60" w="94" /><ent r="3" t="60" w="344" /><ent r="3" t="60" w="366" /></phr><phr n="Reflected"><ent r="6" t="7" w="222" /><ent r="6" t="7" w="238" /><ent r="6" t="7" w="276" /><ent r="6" t="8" w="190" /><ent r="6" t="8" w="206" /><ent r="6" t="8" w="244" /></phr><phr n="Reflectance"><ent r="3" t="12" w="11" /><ent r="5" t="12" w="20" /></phr><phr n="reflective"><ent r="3" t="32" w="159" /></phr><phr n="REFLECTANCE"><ent r="3" t="60" w="48" /><ent r="4" t="60" w="83" /></phr></stem><stem n="radiomet"><phr n="Radiometer"><ent r="3" t="2" w="26" /></phr><phr n="radiometer"><ent r="3" t="8" w="40" /></phr></stem><stem n=")"><phr n=")"><ent r="3" t="2" w="27" /><ent r="3" t="3" w="23" /><ent r="3" t="8" w="82" /><ent r="3" t="9" w="28" /><ent r="3" t="11" w="26" /><ent r="3" t="11" w="134" /><ent r="5" t="12" w="209" /><ent r="4" t="12" w="334" /><ent r="3" t="15" w="254" /><ent r="4" t="16" w="66" /><ent r="3" t="24" w="26" /><ent r="3" t="24" w="47" /><ent r="3" t="24" w="118" /><ent r="3" t="24" w="138" /><ent r="3" t="28" w="30" /><ent r="3" t="28" w="181" /><ent r="3" t="31" w="29" /><ent r="3" t="32" w="28" /><ent r="3" t="34" w="24" /><ent r="3" t="36" w="28" /><ent r="3" t="37" w="28" /><ent r="3" t="38" w="28" /><ent r="3" t="38" w="587" /><ent r="3" t="39" w="26" /><ent r="3" t="40" w="186" /><ent r="3" t="46" w="299" /><ent r="3" t="46" w="412" /><ent r="3" t="46" w="413" /><ent r="3" t="46" w="593" /><ent r="3" t="50" w="25" /><ent r="3" t="50" w="85" /><ent r="3" t="52" w="35" /><ent r="3" t="55" w="207" /><ent r="4" t="56" w="15" /><ent r="4" t="56" w="18" /><ent r="3" t="57" w="19" /><ent r="3" t="57" w="161" /><ent r="3" t="57" w="197" /><ent r="3" t="57" w="217" /><ent r="3" t="57" w="227" /><ent r="3" t="57" w="238" /><ent r="3" t="57" w="249" /><ent r="3" t="57" w="260" /><ent r="3" t="57" w="260" /><ent r="3" t="57" w="313" /></phr></stem></index>